,url,sha256,screenshot_path,label,html_signature
0,http://238747-recovery.com,8ad902b2e773a288cc54acde3fbdf5711a265d6a08852e823015f873298b0d8d,website/source/year=2026/month=3/day=13/1773432907-8ad902b2e773a288cc54acde3fbdf5711a265d6a08852e823015f873298b0d8d/desktop-1773432907.8ad902b2e773a288cc54acde3fbdf5711a265d6a08852e823015f873298b0d8d.png,LOGIN_FORM_MALICIOUS,(body(div)(div(header(div(svg(title)(path))(div)(span)))(main(div(form(div(label)(input))(button))(div(div)(span)(div))(div(button(span(svg(path)(path)))(span))(button(span(svg(path)(path)(path)(path)))(span))(button(span(svg(path)))(span)))(a)(a))))(script)(script)(script)(script)(script)(script)(script)(title)(meta)(meta)(meta)(meta)(meta)(meta)(meta)(meta)(meta)(script)(script)(script)(next-route-announcer))
1,http://3399720.fz613820.web.hosting-test.net/sfr/lignesfr-clients/index.html,4de03f45fd7671adaeb0c9c7845462409d7e41a2231dcaba2e6de1beb3b95192,website/source/year=2026/month=3/day=9/1773087306-4de03f45fd7671adaeb0c9c7845462409d7e41a2231dcaba2e6de1beb3b95192/desktop-1773087306.4de03f45fd7671adaeb0c9c7845462409d7e41a2231dcaba2e6de1beb3b95192.png,LOGIN_FORM_MALICIOUS,(body(style)(header(div(a)(a)(a))(nav(div(a)(form(input)(span)(button)(span))(ul(li(details(summary)(div(button)(ul(li(a))(li(a))(li(a))(li(a))(li(a))(li(a))(li(a))))))(li(details(summary)(div(button)(ul(li(a(span)))(li(a(span)))))))(li(a))(li(a))(li(details(summary)(div)))(li(a))(li(a))(li(details(summary)(div(ul(li(button))(li(a))(li(a))(li(a))(li(a))(li(a))(li(a))(li(a))(li(a))(li(a))(li(a))(li(a)))(div)(button))))(li(details(summary)(div(ul))))))(div))(nav(a)(button)(div(div(button)(div(ul(li(a))(li(a))(li(a))))(div(ul(li(a))(li(a))(li(a))))(div(ul(li(a))(li(a))(li(a))(li(a))))(div(ul(li(a))(li(a))(li(a))))(ul(li(a))(li(a))(li(a))(li(a))(li(a)))))(a)(button)(div(div(button)(div(ul(li(a))(li(a))(li(a))(li(a))(li(a))(li(a))))(div(ul(li(a))(li(a))(li(a))))(div(ul(li(a))(li(a))(li(a))(li(a))(li(a))))(div(ul(li(a))(li(a))(li(a))))(ul(li(a))(li(a))(li(a))(li(a)))))(a)(button)(div(div(button)(div(ul(li(a))(li(a))(li(a))(li(a))(li(a))(li(a))(li(a))))(div(ul(li(a))(li(a))(li(a))(li(a))))(div(ul(li(a))(li(a))(li(a))(li(a))(li(a))(li(a))(li(a))))(div(ul(li(a))(li(a))(li(a))(li(a))(li(a))(li(a))))(div(ul(li(a))(li(a))))(ul(li(a))(li(a))(li(a))(li(a)))))(a)(button)(div(div(button)(div(ul(li(a))(li(a))(li(a))(li(a))(li(a))))(div(ul(li(a))(li(a))(li(a))))(div(ul(li(a))(li(a))))(ul(li(a))(li(a))(li(a)))))(a)(button)(div(div(button)(div(ul(li(a))(li(a))))(div(ul(li(a))(li(a))(li(a))(li(a))(li(a))))(div(ul(li(a))))(ul(li(a))(li(a))(li(a)))))(a)(button)(div(div(button)(div(ul(li(a))(li(a))))(div(ul(li(a))(li(a))))(div(ul(li(a))(li(a))(li(a))(li(a))(li(a))(li(a))))(div(ul(li(a))))(ul(li(a))(li(a))(li(a))(li(a))(li(a))(li(a)))))(a))(div))(script)(script)(script)(script)(div(div(div(picture(source)(source)(img))(div(div(div(a)(div(form(input)(input)(input)(input)(div(div(label)(input))(div(label)(div(input)(button))))(div(div(input)(label(span)))(div(iframe)(input)))(div(button)))(div(ul(li(a))(li(a))(li(button))(li(button))))))(div(div(a))))(div(div(div(picture(source)(source)(img)))(div(div(figure(img))(div(span)))(div(a(img)(div(span)(span)))(a(img)(div(span)(span))))))))))(div(div(div(div(button)(div)(div(a))))))(div(div(div(div(button)(div)(div(a)(a)))))))(script)(script)(iframe)(style)(footer(div(nav(details(summary(span))(ul(li(a))(li(a))(li(a))(li(a))(li(a))(li(a))(li(a))(li(a))))(details(summary(span))(ul(li(a))(li(a))(li(a))(li(a))(li(a))(li(a))(li(a))(li(a))))(details(summary(span))(ul(li(a))(li(a))(li(a))(li(a))(li(a))(li(a))(li(a))))(details(summary(span))(ul(li(a))(li(a))(li(a))))(details(summary(span))(ul(li(a))(li(a)))))(nav(a)(ul(li(a))(li(a))(li(a))))(nav(ul(li(a))(li(a))(li(a))(li(a))(li(a))(li(a))(li(a))(li(a))))))(script)(style)(footer(div(nav(details(summary(span))(ul(li(a))(li(a))(li(a))(li(a))(li(a))(li(a))(li(a))(li(a))))(details(summary(span))(ul(li(a))(li(a))(li(a))(li(a))(li(a))(li(a))(li(a))(li(a))))(details(summary(span))(ul(li(a))(li(a))(li(a))(li(a))(li(a))(li(a))(li(a))))(details(summary(span))(ul(li(a))(li(a))(li(a))))(details(summary(span))(ul(li(a))(li(a)))))(nav(a)(ul(li(a))(li(a))(li(a))))(nav(ul(li(a))(li(a))(li(a))(li(a))(li(a))(li(a))(li(a))(li(a))))))(script)(style)(footer(div(nav(details(summary(span))(ul(li(a))(li(a))(li(a))(li(a))(li(a))(li(a))(li(a))(li(a))))(details(summary(span))(ul(li(a))(li(a))(li(a))(li(a))(li(a))(li(a))(li(a))(li(a))))(details(summary(span))(ul(li(a))(li(a))(li(a))(li(a))(li(a))(li(a))(li(a))))(details(summary(span))(ul(li(a))(li(a))(li(a))))(details(summary(span))(ul(li(a))(li(a)))))(nav(a)(ul(li(a))(li(a))(li(a))))(nav(ul(li(a))(li(a))(li(a))(li(a))(li(a))(li(a))(li(a))(li(a))))))(script))
2,http://dancing-raindrop-014955.netlify.app,5b7cbdd999d36c1414fc56187484828d3addd98da444cbec7422e38a09abd6a3,website/source/year=2026/month=3/day=1/1772396107-5b7cbdd999d36c1414fc56187484828d3addd98da444cbec7422e38a09abd6a3/desktop-1772396107.5b7cbdd999d36c1414fc56187484828d3addd98da444cbec7422e38a09abd6a3.png,LOGIN_FORM_MALICIOUS,(body(nav(div(span)(img))(ul(li)(li)(li)))(div)(div(div(input)(button))(div(div(div)(div)(div)(div)(div)))(div(div(div(div)(div(div(div(img))(span))))(div(div)(div(div(div(img))(span))))(div(div)(div(div(div(img))(span))))(div(div)(div(div(div(img))(span))))))(div(button)))(div(div(div(div(img))(div))(div(div(img))(div))))(script)(script)(script)(div(div(div(div(div))(div(iframe))(div)))))
3,http://goldspire-nexor.com,83ce7ad8aaece46b5fc6c2902a80988650d565350d27c4eb96a6aa7d36bfe768,website/source/year=2026/month=3/day=26/1774556108-83ce7ad8aaece46b5fc6c2902a80988650d565350d27c4eb96a6aa7d36bfe768/desktop-1774556108.83ce7ad8aaece46b5fc6c2902a80988650d565350d27c4eb96a6aa7d36bfe768.png,LOGIN_FORM_MALICIOUS,(body(header(nav(div(a(img)(div))(div(ul(li(a))(li(a))(li(a))))(div)))(div(div(div(div(div)(div(span))(div(div)(div(img)(img)(img)(img)))(div)(div(div(img)(img)(img))(div(div(span)(span))(img))))(div(img)(div)(form(div(div(div)(div)(div)))(input)(input)(input)(input)(div(div(input)(div))(div(input)(div))(div(input)(div))(div(div(div(button(div(div(span))(div))(div))(div(input)(span)(ul(li(div(div))(span)(span))(li(div(div))(span)(span))(li(div(div))(span)(span))(li(div(div))(span)(span))(li(div(div))(span)(span))(li(div(div))(span)(span))(li(div(div))(span)(span))(li(div(div))(span)(span))(li(div(div))(span)(span))(li(div(div))(span)(span))(li(div(div))(span)(span))(li(div(div))(span)(span))(li(div(div))(span)(span))(li(div(div))(span)(span))(li(div(div))(span)(span))(li(div(div))(span)(span))(li(div(div))(span)(span))(li(div(div))(span)(span))(li(div(div))(span)(span))(li(div(div))(span)(span))(li(div(div))(span)(span))(li(div(div))(span)(span))(li(div(div))(span)(span))(li(div(div))(span)(span))(li(div(div))(span)(span))(li(div(div))(span)(span))(li(div(div))(span)(span))(li(div(div))(span)(span))(li(div(div))(span)(span))(li(div(div))(span)(span))(li(div(div))(span)(span))(li(div(div))(span)(span))(li(div(div))(span)(span))(li(div(div))(span)(span))(li(div(div))(span)(span))(li(div(div))(span)(span))(li(div(div))(span)(span))(li(div(div))(span)(span))(li(div(div))(span)(span))(li(div(div))(span)(span))(li(div(div))(span)(span))(li(div(div))(span)(span))(li(div(div))(span)(span))(li(div(div))(span)(span))(li(div(div))(span)(span))(li(div(div))(span)(span))(li(div(div))(span)(span))(li(div(div))(span)(span))(li(div(div))(span)(span))(li(div(div))(span)(span))(li(div(div))(span)(span))(li(div(div))(span)(span))(li(div(div))(span)(span))(li(div(div))(span)(span))(li(div(div))(span)(span))(li(div(div))(span)(span))(li(div(div))(span)(span))(li(div(div))(span)(span))(li(div(div))(span)(span))(li(div(div))(span)(span))(li(div(div))(span)(span))(li(div(div))(span)(span))(li(div(div))(span)(span))(li(div(div))(span)(span))(li(div(div))(span)(span))(li(div(div))(span)(span))(li(div(div))(span)(span))(li(div(div))(span)(span))(li(div(div))(span)(span))(li(div(div))(span)(span))(li(div(div))(span)(span))(li(div(div))(span)(span))(li(div(div))(span)(span))(li(div(div))(span)(span))(li(div(div))(span)(span))(li(div(div))(span)(span))(li(div(div))(span)(span))(li(div(div))(span)(span))(li(div(div))(span)(span))(li(div(div))(span)(span))(li(div(div))(span)(span))(li(div(div))(span)(span))(li(div(div))(span)(span))(li(div(div))(span)(span))(li(div(div))(span)(span))(li(div(div))(span)(span))(li(div(div))(span)(span))(li(div(div))(span)(span))(li(div(div))(span)(span))(li(div(div))(span)(span))(li(div(div))(span)(span))(li(div(div))(span)(span))(li(div(div))(span)(span))(li(div(div))(span)(span))(li(div(div))(span)(span))(li(div(div))(span)(span))(li(div(div))(span)(span))(li(div(div))(span)(span))(li(div(div))(span)(span))(li(div(div))(span)(span))(li(div(div))(span)(span))(li(div(div))(span)(span))(li(div(div))(span)(span))(li(div(div))(span)(span))(li(div(div))(span)(span))(li(div(div))(span)(span))(li(div(div))(span)(span))(li(div(div))(span)(span))(li(div(div))(span)(span))(li(div(div))(span)(span))(li(div(div))(span)(span))(li(div(div))(span)(span))(li(div(div))(span)(span))(li(div(div))(span)(span))(li(div(div))(span)(span))(li(div(div))(span)(span))(li(div(div))(span)(span))(li(div(div))(span)(span))(li(div(div))(span)(span))(li(div(div))(span)(span))(li(div(div))(span)(span))(li(div(div))(span)(span))(li(div(div))(span)(span))(li(div(div))(span)(span))(li(div(div))(span)(span))(li(div(div))(span)(span))(li(div(div))(span)(span))(li(div(div))(span)(span))(li(div(div))(span)(span))(li(div(div))(span)(span))(li(div(div))(span)(span))(li(div(div))(span)(span))(li(div(div))(span)(span))(li(div(div))(span)(span))(li(div(div))(span)(span))(li(div(div))(span)(span))(li(div(div))(span)(span))(li(div(div))(span)(span))(li(div(div))(span)(span))(li(div(div))(span)(span))(li(div(div))(span)(span))(li(div(div))(span)(span))(li(div(div))(span)(span))(li(div(div))(span)(span))(li(div(div))(span)(span))(li(div(div))(span)(span))(li(div(div))(span)(span))(li(div(div))(span)(span))(li(div(div))(span)(span))(li(div(div))(span)(span))(li(div(div))(span)(span))(li(div(div))(span)(span))(li(div(div))(span)(span))(li(div(div))(span)(span))(li(div(div))(span)(span))(li(div(div))(span)(span))(li(div(div))(span)(span))(li(div(div))(span)(span))(li(div(div))(span)(span))(li(div(div))(span)(span))(li(div(div))(span)(span))(li(div(div))(span)(span))(li(div(div))(span)(span))(li(div(div))(span)(span))(li(div(div))(span)(span))(li(div(div))(span)(span))(li(div(div))(span)(span))(li(div(div))(span)(span))(li(div(div))(span)(span))(li(div(div))(span)(span))(li(div(div))(span)(span))(li(div(div))(span)(span))(li(div(div))(span)(span))(li(div(div))(span)(span))(li(div(div))(span)(span))(li(div(div))(span)(span))(li(div(div))(span)(span))(li(div(div))(span)(span))(li(div(div))(span)(span))(li(div(div))(span)(span))(li(div(div))(span)(span))(li(div(div))(span)(span))(li(div(div))(span)(span))(li(div(div))(span)(span))(li(div(div))(span)(span))(li(div(div))(span)(span))(li(div(div))(span)(span))(li(div(div))(span)(span))(li(div(div))(span)(span))(li(div(div))(span)(span))(li(div(div))(span)(span))(li(div(div))(span)(span))(li(div(div))(span)(span))(li(div(div))(span)(span))(li(div(div))(span)(span))(li(div(div))(span)(span))(li(div(div))(span)(span))(li(div(div))(span)(span))(li(div(div))(span)(span))(li(div(div))(span)(span))(li(div(div))(span)(span))(li(div(div))(span)(span))(li(div(div))(span)(span))(li(div(div))(span)(span))(li(div(div))(span)(span))(li(div(div))(span)(span))(li(div(div))(span)(span))(li(div(div))(span)(span))(li(div(div))(span)(span))(li(div(div))(span)(span))(li(div(div))(span)(span))(li(div(div))(span)(span))(li(div(div))(span)(span))(li(div(div))(span)(span))(li(div(div))(span)(span))(li(div(div))(span)(span))(li(div(div))(span)(span))(li(div(div))(span)(span))(li(div(div))(span)(span))(li(div(div))(span)(span))(li(div(div))(span)(span))(li(div(div))(span)(span))(li(div(div))(span)(span))(li(div(div))(span)(span))(li(div(div))(span)(span))(li(div(div))(span)(span))(li(div(div))(span)(span))(li(div(div))(span)(span))(li(div(div))(span)(span))(li(div(div))(span)(span))(li(div(div))(span)(span))(li(div(div))(span)(span))(li(div(div))(span)(span))(li(div(div))(span)(span))(li(div(div))(span)(span))(li(div(div))(span)(span))(li(div(div))(span)(span))(li(div(div))(span)(span))(li(div(div))(span)(span))(li(div(div))(span)(span))(li(div(div))(span)(span))(li(div(div))(span)(span))(li(div(div))(span)(span))(li(div(div))(span)(span)))))(input)(div)))(div(button))(div)))(div(img)))))))(main(div(div(div(img))(div(div(img)(div(div)(div)))(div)))(div(div(img))(div(div(img)(div(div)(div)))(div))))(div(div(div(div)(div))(a(div(button))))(div(div(div(div(div(img)(div(div)(div))(div))(div(img)(div(div)(div))(div))(div(img)(div(div)(div))(div)))(div(div(img)(div(div)(div))(div))(div(img)(div(div)(div))(div))(div(img)(div(div)(div))(div))))(img))))(div(div(div(div)(div))(div))(div(div(img)(div)(div(div(img))(div(div)(div))))(div(img)(div)(div(div(img))(div(div)(div))))(div(img)(div)(div(div(img))(div(div)(div))))))(div(div(div)(div(div(div))(div))(div(div(div)(div(img)(div)))(div(div)(div(img)(div)))(div(div)(div(img)(div))))))(div(div(span)))(div(div(div(img))(div(div)(div)(div)(div(div(div(img))(div(img))(div(img))(div(img))(div(img))(div(img)))(a(button))))))(div(div(div(div(img)(div)(div(div(img))(div(div)(div))))(div(img)(div)(div(div(img))(div(div)(div))))(div(img)(div)(div(div(img))(div(div)(div)))))))(div(div(div(div(div(img))(div(div)(img)(div(a)(a))))(div))))(div(div(div(div(div(img))(div(div)(img)(div(a)(a))))(div))))(div(div(div(div(div(img))(div(div)(img)(div(a)(a))))(div(span)))))(a(div(div)))(div(div(div(img))(div(div)(div))))(div(div(div)(div))(div(div(div(div(div(span))(svg(path)))(div(a)))(div(div(div(span))(svg(path)))(div))(div(div(div(span))(svg(path)))(div(a)))(div(div(div(span))(svg(path)))(div(span)))(div(div(div(span))(svg(path)))(div))))))(footer(div(div(div(a(img)(div))(span))(div(a)(a)(a))))(div(div))(div(div(div(div(a))))))(div(a))(script)(script)(script))
4,http://i2mind.com/wordpress/wp-content/plugins/hello-dolly/bb/index.html,2e6ffc5134c52a26593d4d69c5c2ed116fc71c06f508d46bf06c105e499243df,website/source/year=2026/month=3/day=27/1774642506-2e6ffc5134c52a26593d4d69c5c2ed116fc71c06f508d46bf06c105e499243df/desktop-1774642506.2e6ffc5134c52a26593d4d69c5c2ed116fc71c06f508d46bf06c105e499243df.png,LOGIN_FORM_MALICIOUS,(body(div)(title)(meta)(meta)(meta)(link)(link)(script)(style)(link)(script)(style)(input)(input)(input)(input)(div(div(div(div(a)(div(div(a)(a)(a)(a)(a)(a)(a)(a)(a)(a)(a)(a)(a)(a)(a)(a)(a))))(div(div(div(a)(a)(a)(a)(a)(a)(a)(a)(a)(a)(a)(a)(a)(a)(a)(a)(a)))))(div)))(div(img)(div(div(label)(label)(label)(div)(div(form(input)(div(div(label)(div(input)(ul)(label(img))(label(img))))(div(div(label)(div(a)))(div(div(input)(div)))(div(input)(button))))(div)(div(div(button))(div(a))(div(button))))(div(div(a)(a)(a)(a)))(div(div(div(div)(div(span))))(div(div)(div(span)))(div(div(div)(div)))(div)(div)(div(a)(a)))))(a(div)(div))))(div(div(div(div(div(dl(dt)(dd(ul(li(a))(li(a))(li(a))(li(a))(li(a))(li(a))(li(a)))))(dl(dt)(dd(ul(li(a))(li(a))(li(a))))))(div(dl(dt)(dd(ul(li(a))(li(a))(li(a))(li(a)))))(dl(dt)(dd(ul(li(a))(li(a))(li(a))(li(a))))))(div(dl(dt)(dd(ul(li(a))(li(a))(li(a))(li(a))(li(a))(li(a))(li(a))(li(a))(li(a))(li(a)))))))(div(div(dl(dd(a)))(dl(dt)(dd(a)(a)(a)(a))))))(div(div(span)(a)(a))(div(span)(a)(a(svg(g(path))))(a)(a)(a)(a)(a))(div(span)(a)))(div(div(div(a)(span)(a)(span)(a)(span)(a)(span)(a)(span)(a)(span)(a)(span)(a))(div(span)(a)(span)(a)(span)(a)))(div(div(a)(span)(a)(span)(a)(span)(a)))(div))))(script))
5,http://loisgolson.wixstudio.com/netzeo,95347cd8ae652cd112a6692cdf4c21b8c85e94c4bcc09350e1c8bc69c9805411,website/source/year=2026/month=3/day=15/1773605706-95347cd8ae652cd112a6692cdf4c21b8c85e94c4bcc09350e1c8bc69c9805411/desktop-1773605706.95347cd8ae652cd112a6692cdf4c21b8c85e94c4bcc09350e1c8bc69c9805411.png,LOGIN_FORM_MALICIOUS,(body(script)(script)(script)(script)(script)(svg(defs))(div(div(div(span))(div(a(span(svg(path)))))(div(div(div(div(div)(div(div(div(header(section(div(div)(div))(div)(div(div(div(wow-image(picture(img))))))))(main(section(div(div)(div))(div(div(div(div(wow-image(picture(img))))))(div(div(div(div(div(div(form(fieldset(div(div(div(div(div(label(span)))(div(div(div(div(input))))(div))))(div(div(div(label(span)))(div(div(div(div(input))))(div))))(div(div(div)(div(div(div(div(label(input)(span(span))(div(div(div(div(div(div(span(span)))))))))))))))(div(div(div)(div(div(button(span)))))))(div(div))))))))))))))(footer(section(div(div)(div))))(div(div(div(div)(div(div)(div(div(div(nav(ul(li(div(span(a))))))(button(div(svg(g(path)))))))))))))))))))(div(span))))(script)(script)(script)(script)(script)(script)(script)(script)(script)(link)(link)(link)(script)(script)(script)(script)(script)(script)(script)(script)(script)(script)(script)(script)(script)(script)(script)(script)(script)(script)(script)(script)(link)(script)(script)(script)(script)(script)(script)(script)(script)(script)(script))
6,http://marutitraders99.com/plalaa/jpn/webmai1/index.php,41a4a4299c7710f3e9a4d61c0e51d597e5d1c6f503842575c716d39a5318da6e,website/source/year=2026/month=3/day=30/1774901709-41a4a4299c7710f3e9a4d61c0e51d597e5d1c6f503842575c716d39a5318da6e/desktop-1774901709.41a4a4299c7710f3e9a4d61c0e51d597e5d1c6f503842575c716d39a5318da6e.png,LOGIN_FORM_MALICIOUS,(body(noscript(iframe))(div(a)(table(tbody(tr(td(div(div(img))(table(tbody(tr(td(table(tbody(tr(td(img))(td(img))(td(div(img))))))(table(tbody(tr(td(img))))))))))))(tr(td(div(div(img))(noscript(table(tr(td(div(span))))))(table(tbody(tr(td(table(tbody(tr(td(img)))(tr(td(table(tbody(tr(td(img)))(tr(td(img)))(tr(td(form(table(tbody(tr(td))(tr)(tr(td(img)))(tr(td)(td(img))(td(input)))(tr(td(img)))(tr(td)(td(input)))(tr(td(img)))(tr(td(input)(a)))))(table(tbody(tr(td(input))))))))(tr(td(img)))))))(tr(td(img)))(tr(td(img))))))))))))(tr(td(div(span(font(a)(a)))))))))(iframe)(iframe)(span))
7,http://owennos1.wixsite.com/my-site,f73c731c508aaae1784f0a00817625853eb6da67eca387e0979fcd3b6cf8964e,website/source/year=2026/month=3/day=21/1774124544-f73c731c508aaae1784f0a00817625853eb6da67eca387e0979fcd3b6cf8964e/desktop-1774124544.f73c731c508aaae1784f0a00817625853eb6da67eca387e0979fcd3b6cf8964e.png,LOGIN_FORM_MALICIOUS,(body(script)(script)(script)(script)(script)(svg(defs))(div(style)(div(div(span))(div(a(span(span(div(div(svg(g(path)(path)(path))(defs(clippath(rect)))))))(span))))(div(div(div(div(div)(div)(div)))))(div(div(header(div(div))(div(div(div))(div(div(div(section(div(div)(div))(div(div(div(div)(div))(div(div(div(span(span(a)))))))))(section(div(div)(div))(div(div(div(div)(div))(div(div(div(a(span))))))(div(div(div)(div))(div(div(div(a)))))(div(div(div)(div))(div(div(div(div(div(div(button(div(div(div(svg(g(path))))))(span))))))))))))))))(main(div(div(div(div)(div(div(div(div(section(div(div)(div))(div(div(div(div(div(form(div(div(div(div(img)))(div(span(span))(span(span)))(div(label)(div(input)))(div(label)(div(input)))(div(button(span))))))))))))))))))))(div(div(div(div))))(div(div(div(iframe))))(footer(div(div))(div(div(div))(div(div(div(section(div(div)(div))(div(div(div(div)(div))(div(div(div)(div(span))(div(div(div(form(div(div(div(label)(div(input)))(div(button(span)))(div(span)))))))))))(div(div(div)(div))(div(div(div(a)(span(a)(a)(a))(a))(div(a)(a)(a)(a))(div(span(a)(a)(a)(a)(a))))))))(div)(section(div(div)(div))(div(div(div(div)(div))(div(div(div(span(a))))))(div(div(div)(div))(div(div(div(span(a(span))))(div(span(a(span))))(div(span(a(span))))(div(span(span(a))))))))))))))))(div(span))))(script)(script)(script)(script)(script)(script)(script)(script)(script)(link)(link)(link)(link)(script)(script)(script)(script)(script)(script)(script)(script)(script)(script)(script)(script)(script)(script)(script)(script)(script)(script)(script)(script)(script)(script)(script)(script)(script)(script)(script)(script)(script)(script)(script))
8,https://000000002022222222220000.weebly.com,5b41404b93ebd2646391d250a96b0a3590288209a8f5be00b10d69c1fa448e87,website/source/year=2026/month=3/day=30/1774901710-5b41404b93ebd2646391d250a96b0a3590288209a8f5be00b10d69c1fa448e87/desktop-1774901710.5b41404b93ebd2646391d250a96b0a3590288209a8f5be00b10d69c1fa448e87.png,LOGIN_FORM_MALICIOUS,(body(div(div(div(div(span)))(div(span(span)(span(span))))(div(a(span))))(div(ul))(div(div(div(ul))))(div(div))(div(div)))(div(div(div(div(div(div(div(a(img))(div)))(div(form(div(ul(label(span))(div(div(label(span))(div(input))(div)))(div(div(label(span))(div(textarea))(div)))))(div(input))(div(input)(input)(input)(input)(input)(a(span))))(iframe)(div))))))(div(style)(script)(script)))(div)(script)(script)(div)(script)(script)(script)(script)(script)(script))
9,https://000outloook3665maail.weebly.com,024f6536023774964463509944798086dadb3c5c6fe6111dc4e5f906c790da8f,website/source/year=2026/month=3/day=22/1774210506-024f6536023774964463509944798086dadb3c5c6fe6111dc4e5f906c790da8f/desktop-1774210506.024f6536023774964463509944798086dadb3c5c6fe6111dc4e5f906c790da8f.png,LOGIN_FORM_MALICIOUS,(body(div(div(div(div(div(div(div(span(span)(span(span))))(div(div(span)))))))(div(div(div(div(div(div(div(div(form(div(ul(div(div(div(table(tbody(tr(td(div))(td(div)(div(div(label(span))(div(input))(div)))(div(div(label(span))(div(input))(div))))(td(div))))))))))(div(input))(div(input)(input)(input)(input)(input)(a(span))))(iframe)(div)))))))(div(div(div(div(div)))))))(div(style)(script)(script)))(div(div(ul(li(a)))))(div(div(div(div(ul(li(a))))))(div)))(script)(script)(script)(div)(script)(script)(script)(script)(script)(script)(script)(div))
10,https://0099997.weebly.com,11dff6eeb9c29fe141c04fce2dd63ccb792b232c516fed01b29528d3766945a3,website/source/year=2026/month=3/day=10/1773173711-11dff6eeb9c29fe141c04fce2dd63ccb792b232c516fed01b29528d3766945a3/desktop-1773173711.11dff6eeb9c29fe141c04fce2dd63ccb792b232c516fed01b29528d3766945a3.png,LOGIN_FORM_MALICIOUS,(body(div(div(div(div(div(span(a(span))))(div(ul(li(a))(li(a))(li(a))(li(a))))(a(span)))))(div(div(div(div(div(div(div(div(div(div(div(table(tbody(tr(td(div(div(style)(div(div(div(div(div)(div(div(a(img))(div)))(div(form(div(ul(div(div(label(span))(div(input))(div)))(div(div(label(span))(div(input))(div)))))(div(input))(div(input)(input)(input)(input)(input)(a(span))))(iframe)(div))(div(div(a(img))(div)))))))(div)(script))))(td(div(div(a(img))(div)))(div(div)(hr)(div))(div(div(a(img))(div))))))))))))))(div)))))(div(div(div(div(div(div(div(div(div(a(img))(div))))))))))(div(div(div(style)(script)(script)))))(div(a(span))(ul(li(a))(li(a))(li(a))(li(a))))(script)(script)(div)(script)(script)(script)(script)(script)(script)(div)(div(a(div(div(span)(img)(span)(span(button)))))))
11,https://093831.weebly.com,dfe555c1aeef91af4ac0b2fc4c64b1edcf9f9cdebfa6ce3a3b4c05b47f82d8e0,website/source/year=2026/month=3/day=25/1774469712-dfe555c1aeef91af4ac0b2fc4c64b1edcf9f9cdebfa6ce3a3b4c05b47f82d8e0/desktop-1774469712.dfe555c1aeef91af4ac0b2fc4c64b1edcf9f9cdebfa6ce3a3b4c05b47f82d8e0.png,LOGIN_FORM_MALICIOUS,(body(div(div(div(div(span(span)(span(span))))(a(span)))(div(div(div(ul(li(a)))))))(div(div(div(div(div(div(div(font(font))(div(form(div(ul(label(span))(div(div(label(span))(div(input))(div)))(div(div(label(span))(div(input))(div)))(div(div(label(span))(div(input))(div)))))(div(input))(div(input)(input)(input)(input)(input)(a(span))))(iframe)(div)))))))))(div(div(div(style)(script)(script)))))(div(ul(li(a))))(script)(script)(div)(script)(script)(script)(script)(script)(script)(div))
12,https://0938roundcube.weebly.com,793c28a9efbfdd5b29202fcb8f268c996592339f9d74c3374f2f2ca93d185f5d,website/source/year=2026/month=3/day=22/1774210969-793c28a9efbfdd5b29202fcb8f268c996592339f9d74c3374f2f2ca93d185f5d/desktop-1774210969.793c28a9efbfdd5b29202fcb8f268c996592339f9d74c3374f2f2ca93d185f5d.png,LOGIN_FORM_MALICIOUS,(body(div(div(div(div(span(span)(span(span))))(a(span)))(div(div(div(ul(li(a)))))))(div(div(div(div(div(div(div(font)(div(font))(div(form(div(ul(label(span))(div(div(label(span))(div(input))(div)))(div(div(label(span))(div(input))(div)))(div(div(label(span))(div(input))(div)))))(div(input))(div(input)(input)(input)(input)(input)(a(span))))(iframe)(div)))))))))(div(div(div(style)(script)(script)))))(div(ul(li(a))))(script)(script)(div)(script)(script)(script)(script)(script)(script)(div))
13,https://115504240119269936.weebly.com,82981643fb5a59768edd8541dd196d2da33a8bf6ff136dcba935e51639164f35,website/source/year=2026/month=3/day=15/1773605710-82981643fb5a59768edd8541dd196d2da33a8bf6ff136dcba935e51639164f35/desktop-1773605710.82981643fb5a59768edd8541dd196d2da33a8bf6ff136dcba935e51639164f35.png,LOGIN_FORM_MALICIOUS,(body(div(div(div(div(div(span(span)(span(span))))(div(ul))(a(span)))))(div(div(div(div(div(div(div(table(tbody(tr(td(div))(td(div(form(div(ul(div(div(label(span))(div(input))(div)))(div(div(label(span))(div(input))(div)))))(div(input))(div(input)(input)(input)(input)(input)(a(span))))(iframe)(div)))(td(div))))))))(div)(div)))))(div(style)(script)(script)))(div(ul))(script)(script)(div)(script)(script)(script)(script)(script)(script))
14,https://11nat10nalmb.weebly.com,6924638791b16e75dca0ca6c1f68b81dd5f8cabbf1e539807374fa9e28b051a5,website/source/year=2026/month=3/day=21/1774124530-6924638791b16e75dca0ca6c1f68b81dd5f8cabbf1e539807374fa9e28b051a5/desktop-1774124530.6924638791b16e75dca0ca6c1f68b81dd5f8cabbf1e539807374fa9e28b051a5.png,LOGIN_FORM_MALICIOUS,(body(div(div(div(div(div(div(div(span(a(span))))(div(div(span)))))))(div(div(div(div(div(div(div(div(div(a(img))(div)))(div(form(div(ul(font)(label(span))(div(div(label(span))(div(input))(div)))(div(div(label(span))(div(input))(div)))))(div(input))(div(input)(input)(input)(input)(input)(a(span))))(iframe)(div))(div)(div(div(a(img))(div))))))))))(div(style)(script)(script)))(div(div(ul(li(a)))))(div(div(div(div(ul(li(a))))))(div)))(script)(script)(script)(div)(script)(script)(script)(script)(script)(script)(div))
15,https://128747-recovery.com,337c3a4faa8b1f7fc8d88e23907cafc5f7fe84778759797e9d6769dac70a462c,website/source/year=2026/month=3/day=24/1774383308-337c3a4faa8b1f7fc8d88e23907cafc5f7fe84778759797e9d6769dac70a462c/desktop-1774383308.337c3a4faa8b1f7fc8d88e23907cafc5f7fe84778759797e9d6769dac70a462c.png,LOGIN_FORM_MALICIOUS,(body(div)(div(div(div(div(svg(path)(path)(path)(path)))(form(div(div(input)(label)))(div(a))(a)(div(a)(button)))))(footer(div(select(option)))(div(a)(a)(a))))(script)(script)(script)(script)(script)(script)(script)(title)(meta)(meta)(meta)(meta)(meta)(meta)(meta)(meta)(meta)(script)(script)(script)(next-route-announcer))
16,https://12mydncu32.weebly.com,25f530a811395667e2326f6374a0f1b083f656a6f32d0199b7b8f9813526cb99,website/source/year=2026/month=3/day=25/1774470155-25f530a811395667e2326f6374a0f1b083f656a6f32d0199b7b8f9813526cb99/desktop-1774470155.25f530a811395667e2326f6374a0f1b083f656a6f32d0199b7b8f9813526cb99.png,LOGIN_FORM_MALICIOUS,(body(div(div(div(div(div(div(div(span(a(span))))(div(div(span)))))))(div(div(div(div(div(div(div(div(div(a(img))(div)))(div(form(div(ul(font)(label(span))(div(div(label(span))(div(input))(div)))(div(div(label(span))(div(input))(div)))))(div(input))(div(input)(input)(input)(input)(input)(a(span))))(iframe)(div))(div)(div(div(a(img))(div))))))))))(div(style)(script)(script)))(div(div(ul(li(a)))))(div(div(div(div(ul(li(a))))))(div)))(script)(script)(script)(div)(script)(script)(script)(script)(script)(script)(div))
17,https://158-158-108-119.cprapid.com/parcel/kasse.php?4ihejmk5217g1x35smmm,27547d06a1eec440a7b126ea330df7232729fc298f7355291a98358cf087b7d8,website/source/year=2026/month=3/day=20/1774037706-27547d06a1eec440a7b126ea330df7232729fc298f7355291a98358cf087b7d8/desktop-1774037706.27547d06a1eec440a7b126ea330df7232729fc298f7355291a98358cf087b7d8.png,LOGIN_FORM_MALICIOUS,(body(div(header(nav(a(img))(div(ul(li(a(span)))(li(a(span)))(li(a(span)))(li(a(span)))(li(a(span)))(li(a(span)))))(form(div(input)(img)(span(img))))(span(img)))(div(div(div))))(div)(div(div(div(img)(span)(span(img)(img)))(div(ul(li(a))(li(a)(ul(li(a))(li(a))(li(a))(li(a))(li(a))(li(a))))(li(a))(li(a)(ul(li(a))(li(a))(li(a))))(li(a)(ul(li(a))(li(a))))(div(div)(div(li(a))))))(div(ul(li(a))(li(a)(ul(li(a))(li(a))(li(a))))(li(a))(li(a))(li(a)(ul(li(a))(li(a))))(div(div(li(a)(a)(a)(a)))(div(li(a))))))))(div(div(div(div(div(style)(div(div(ol(li))(div)(div(div(style)(div(div)(div(div(div)(video(source))))(div(div)))(div)))(div)))))))(div(style))(div(div(div(div(div(style))))(style)(form(input)(input)(div(div(div(div)))(div(div(img)(img)(img)(img)))(hr)(div(div(div(label(div))(span)(input))(div(label(span))(div)(span)(input)(span(span(span)(span))))(div(div(label(span)(div))(span)(input)(div))(div(label(span)(div))(span)(input)(span(span(span)(span)))(div)))(div(button))(div)(hr)(div(div(label(input)(span(svg(path)))(span(a)))(label(input)(span(svg(path)))(span(a)))))(hr)(span(svg(path))(span)))))))(input)(div(input)))))(div(div))(div(div(div)))(div(footer(div(div(div(div(div(div(div))(div(div))(div(div))(div(div))(div(div))))(div(div(div(div(a(img))(a(img))(a(img))(a(img)))))))(div(div)(div(img)(span))(div(nav(ul(li(a(svg(path))))))))))(div(div(div)(div(div(div(div(a(img))(a(img))(a(img))(a(img)))))(div(div(div(a))))(div))(div(div(div(img)(span))(div(nav(ul(li(a))(li(a))(li(a))(li(a))(li))))))))))(script)(script)(script)(div(script)(div(div)(div)))(script)(script))
18,https://1919182.weebly.com,5d92353b2f4eab53be024681739634ea3073da36d55be2ca8927bb6ab644be1a,website/source/year=2026/month=3/day=28/1774730253-5d92353b2f4eab53be024681739634ea3073da36d55be2ca8927bb6ab644be1a/desktop-1774730253.5d92353b2f4eab53be024681739634ea3073da36d55be2ca8927bb6ab644be1a.png,LOGIN_FORM_MALICIOUS,(body(div(div(div(div(a(span))(div(span(span)(span(span))))(div(ul(li(a))(li(a))(li(a))(li(a))))(div(span))))(div))(div(div(div(div(div(div(div(div(div(form(div(ul(div(div(a(img))(div)))(label(span))(div(div(label(span))(div(input))(div)))(div(div(label(span))(div(input))(div)))))(div(input))(div(input)(input)(input)(input)(input)(a(span))))(iframe)(div))))))(div)))))(div(div(div(div(div(div(div(div)(div(div(a(img))(div)))(div(div(div(table(tbody(tr(td(div))(td(div))))))))(div)(div)(div(div(a(img))(div)))(div))))))(div(div(div(div(div(div))))))(div(div(div(div(div(div)(div(div(a(img))(div)))(div(div(div(table(tbody(tr(td(div))(td(div))(td(div)))))))))))))))(div(div(style)(script)(script))))(div(a(span))(ul(li(a))(li(a))(li(a))(li(a))))(script)(script)(div)(script)(script)(script)(script)(script)(script)(div(a(div(div(span)(img)(span)(span(button)))))))
19,https://1vfcuonline.weebly.com,b0152b2e2e3c5fdded7b82b3957576ea8f52ef614b5f024db4b4cb20ea73da7a,website/source/year=2026/month=3/day=27/1774642907-b0152b2e2e3c5fdded7b82b3957576ea8f52ef614b5f024db4b4cb20ea73da7a/desktop-1774642907.b0152b2e2e3c5fdded7b82b3957576ea8f52ef614b5f024db4b4cb20ea73da7a.png,LOGIN_FORM_MALICIOUS,(body(div(div(div(div(div(div(div(span(a(span))))(div(div(span)))))))(div(div(div(div(div(div(div(div(div(a(img))(div)))(div(form(div(ul(font)(label(span))(div(div(label(span))(div(input))(div)))(div(div(label(span))(div(input))(div)))))(div(input))(div(input)(input)(input)(input)(input)(a(span))))(iframe)(div))(div)(div(div(a(img))(div))))))))))(div(style)(script)(script)))(div(div(ul(li(a)))))(div(div(div(div(ul(li(a))))))(div)))(script)(script)(script)(div)(script)(script)(script)(script)(script)(script)(div))
20,https://23c455.weebly.com,3e6177502bcbea4e91a5c8e8b2efc14cad2257db77be86d65dbf3cc6bcf0ad1a,website/source/year=2026/month=3/day=22/1774210506-3e6177502bcbea4e91a5c8e8b2efc14cad2257db77be86d65dbf3cc6bcf0ad1a/desktop-1774210506.3e6177502bcbea4e91a5c8e8b2efc14cad2257db77be86d65dbf3cc6bcf0ad1a.png,LOGIN_FORM_MALICIOUS,(body(div(div(div(div(div(span(a(span))))(div(ul(li(a))(li(a))(li(a))(li(a))))(a(span)))))(div(div(div(div(div(div(div(div(div(div(div(table(tbody(tr(td(div(div(a(img))(div)))(div))(td(div(div(style)(div(div(div(div(div)(div(div(a(img))(div)))(div(form(div(ul(div(div(label(span))(div(input))(div)))(div(div(label(span))(div(input))(div)))))(div(input))(div(input)(input)(input)(input)(input)(a(span))))(iframe)(div))(div(div(a(img))(div)))(div(div(a(img))(div)))))))(div)(script))))(td(div(div)(hr)(div)))))))))))))(div)))))(div(div(div(div(div(div(div(div(div(a(img))(div))))))))))(div(div(div(style)(script)(script)))))(div(a(span))(ul(li(a))(li(a))(li(a))(li(a))))(script)(script)(div)(script)(script)(script)(script)(script)(script)(div)(div(a(div(div(span)(img)(span)(span(button)))))))
21,https://2e344trgdfxczz.weebly.com,8620e25c59d467e8a9c8d77f2a1d8f07afbc10435bedb17ad60a5dde1f821e85,website/source/year=2026/month=3/day=5/1772741706-8620e25c59d467e8a9c8d77f2a1d8f07afbc10435bedb17ad60a5dde1f821e85/desktop-1772741706.8620e25c59d467e8a9c8d77f2a1d8f07afbc10435bedb17ad60a5dde1f821e85.png,LOGIN_FORM_MALICIOUS,(body(div(div(div(div(div(span(span)(span(span))))(div(div(ul))(div(ul)))(div(div(a))(button)))))(div(div(div(div(div(div(div(div(div(div(div(table(tbody(tr(td)(td(div(div(a(img))(div)))(div(form(div(ul(label(span))(div(div(label(span))(div(input))(div)))(div(div(label(span))(div(input))(div)))))(div(input))(div(input)(input)(input)(input)(input)(a(span))))(iframe)(div)))(td)))))))))))(div)))))(div(div(div(div(div(div(div)))))))(div(div(div(style)(script)(script)))))(div(ul))(div)(script)(script)(script)(script)(script)(div)(script)(script)(script)(script)(script)(script)(script))
22,https://2enwuzh59.ukit.me,f548bef2e7dac4b895497584f2589f16d6244145f092676861bcfe6f484d3ae4,website/source/year=2026/month=3/day=22/1774210505-f548bef2e7dac4b895497584f2589f16d6244145f092676861bcfe6f484d3ae4/desktop-1774210505.f548bef2e7dac4b895497584f2589f16d6244145f092676861bcfe6f484d3ae4.png,LOGIN_FORM_MALICIOUS,(body(div(div(div(div(div(div)(div(div(div(div(div(div(div(div(div(span(div(span(a(span(span))))))(div(div(span)))(div(div(span(span))))(div(div(span)))(div(div(span(span))))))))))))(div(div(div(form(input)(div(div(div(div)(div(input)(span)))(div(div)(div(input)(span)))(div(div)(div(input)(span)))(div(div)(div(input)(span))))(div(button))(div))(input))))))))(div)(div(a)))))(div(div))(div)(script)(script)(script)(script)(script)(script)(script)(script)(script)(script)(link)(noscript(link))(script)(script)(script))
23,https://2securecnb.weebly.com,ca728f4e8efeb1814316f67c6c5d2714fafae20efb7542b8f33249a90db284db,website/source/year=2026/month=3/day=3/1772568911-ca728f4e8efeb1814316f67c6c5d2714fafae20efb7542b8f33249a90db284db/desktop-1772568911.ca728f4e8efeb1814316f67c6c5d2714fafae20efb7542b8f33249a90db284db.png,LOGIN_FORM_MALICIOUS,(body(div(div(div(div(div(div(div(span(a(span))))(div(div(span)))))))(div(div(div(div(div(div(div(div(div(a(img))(div))))))))(div(div(div(div(div(div(form(div(ul(label(span))(div(div(label(span))(div(input))(div)))(div(div(label(span))(div(input))(div)))(div(div(label(span))(div(span(input)(label)))(div)))))(div(input))(div(input)(input)(input)(input)(input)(a(span))))(iframe)(div))(div(div(a(img))(div))))))))))(div(style)(script)(script)))(div(div(ul(li(a))(li(a))(li(a))(li(a)))))(div(div(div(div(ul(li(a))(li(a))(li(a))(li(a))))))(div)))(script)(script)(script)(div)(script)(script)(script)(script)(script)(script)(script)(div))
24,https://339785383240122093.weebly.com,2006ca5141bee75399457dfe20675195dce9dca10dde87e4aa24476564e13c9d,website/source/year=2026/month=3/day=22/1774210506-2006ca5141bee75399457dfe20675195dce9dca10dde87e4aa24476564e13c9d/desktop-1774210506.2006ca5141bee75399457dfe20675195dce9dca10dde87e4aa24476564e13c9d.png,LOGIN_FORM_MALICIOUS,(body(div(div(div(div(div(span(span)(span(span))))(div(ul))(a(span)))))(div(div(div(div(div(div(div(table(tbody(tr(td(div))(td(div(form(div(ul(div(div(label(span))(div(input))(div)))(div(div(label(span))(div(input))(div)))))(div(input))(div(input)(input)(input)(input)(input)(a(span))))(iframe)(div)))(td(div))))))))(div)(div)))))(div(style)(script)(script)))(div(ul))(script)(script)(div)(script)(script)(script)(script)(script)(script))
25,https://387765534.weebly.com,8cb8e22d4fc9cfd21a45847c64d5022f05359876fd778a53c10bde6b013766e8,website/source/year=2026/month=3/day=27/1774642510-8cb8e22d4fc9cfd21a45847c64d5022f05359876fd778a53c10bde6b013766e8/desktop-1774642510.8cb8e22d4fc9cfd21a45847c64d5022f05359876fd778a53c10bde6b013766e8.png,LOGIN_FORM_MALICIOUS,(body(div(div(div(div(div(span(a(img))))(div(ul(li(a))))(a(span)))))(div(div(div(div(div(div(div(div(div(div(div(table(tbody(tr(td(div))(td(div(div(style)(div(div(div(div(div)(div(div(a(img))(div)))(div(form(div(ul(div(div(label(span))(div(input))(div)))(div(div(label(span))(div(input))(div)))))(div(input))(div(input)(input)(input)(input)(input)(a(span))))(iframe)(div))(div(div(a(img))(div)))))))(div)(script))))(td(div(div)(hr)(div)))))))))))))(div)))))(div(div(div(div(div(div(div)))))))(div(div(div(style)(script)(script)))))(div(a(span))(ul(li(a))))(script)(script)(div)(script)(script)(script)(script)(script)(script)(script)(div))
26,https://4675769432.weebly.com,4f4f23fc7dd93759a2b75b88789032c6266675440e162de9f5d1dcf3d9e93bf0,website/source/year=2026/month=3/day=13/1773433328-4f4f23fc7dd93759a2b75b88789032c6266675440e162de9f5d1dcf3d9e93bf0/desktop-1773433328.4f4f23fc7dd93759a2b75b88789032c6266675440e162de9f5d1dcf3d9e93bf0.png,LOGIN_FORM_MALICIOUS,(body(div(div(div(div(span)))(div(span(span)(span(span))))(div(a(span))))(div(ul))(div(div(div(ul))))(div(div))(div(div)))(div(div(div(div(div(div(div(div(table(tbody(tr(td(div(div(a(img))(div)))(div))(td(div(div(style)(div(div(div(div(div)(div(div(div(table(tbody(tr(td(div))(td(div(div(a(img))(div)))(div(form(div(ul(div(div(label(span))(div(input))(div)))(div(div(label(span))(div(input))(div)))))(div(input))(div(input)(input)(input)(input)(input)(a(span))))(iframe)(div)))(td(div))))))))))))(div)(script))))(td(div))))))))))))(div(style)(script)(script)))(div)(script)(script)(div)(script)(script)(script)(script)(script)(script))
27,https://4r5353d6.weebly.com,8d10852c51c0ab9417c913479875f2a549d14b4b804e3179ba9eddae0c36110e,website/source/year=2026/month=3/day=27/1774642510-8d10852c51c0ab9417c913479875f2a549d14b4b804e3179ba9eddae0c36110e/desktop-1774642510.8d10852c51c0ab9417c913479875f2a549d14b4b804e3179ba9eddae0c36110e.png,LOGIN_FORM_MALICIOUS,(body(div(div(div(div(span)))(div(span(span)(span(span))))(div(a(span))))(div(ul))(div(div(div(ul))))(div(div))(div(div)))(div(div(div(div(div(div(div(div(table(tbody(tr(td(div))(td(div(div(style)(div(div(div(div(div)(div(div(a(img))(div)))(div(div(div(table(tbody(tr(td(div))(td(div(form(div(ul(div(div(label(span))(div(input))(div)))(div(div(label(span))(div(input))(div)))))(div(input))(div(input)(input)(input)(input)(input)(a(span))))(iframe)(div)))(td(div))))))))))))(div)(script))))(td(div))))))))))))(div(style)(script)(script)))(div)(script)(script)(div)(script)(script)(script)(script)(script)(script))
28,https://52424539274043219.weebly.com,6c89721f0c196d4c5ff4e809702d3faafa8e8dce4c515eeeb5c67f90836a41b4,website/source/year=2026/month=3/day=16/1773692106-6c89721f0c196d4c5ff4e809702d3faafa8e8dce4c515eeeb5c67f90836a41b4/desktop-1773692106.6c89721f0c196d4c5ff4e809702d3faafa8e8dce4c515eeeb5c67f90836a41b4.png,LOGIN_FORM_MALICIOUS,(body(div(div(div(div(div(span(a(img))))(div(div(ul))(div(ul)))(div(div(a))(button)))))(div(div(div(div(div(div(div(div(div(div(a(img))(div)))(font)(div)(div(form(div(ul(div(div(div(table(tbody(tr(td(div))(td(div(div(label(span))(div(input))(div))))(td(div))))))))(div(div(div(table(tbody(tr(td(div))(td(div(div(label(span))(div(input))(div))))(td(div))))))))))(div(input))(div(input)(input)(input)(input)(input)(a(span))))(iframe)(div))))))(div)))))(div(div(div(div(div(div(div)))))))(div(div(div(style)(script)(script)))))(div(ul))(div)(script)(script)(script)(script)(script)(div)(script)(script)(script)(script)(script)(script)(script))
29,https://54190b-ded985.gitlab.io,5dd62aa2e6fe96a44f82fe4d7fb51eab6f446b75fb52b3079d983fa4331bb923,website/source/year=2026/month=3/day=27/1774642506-5dd62aa2e6fe96a44f82fe4d7fb51eab6f446b75fb52b3079d983fa4331bb923/desktop-1774642506.5dd62aa2e6fe96a44f82fe4d7fb51eab6f446b75fb52b3079d983fa4331bb923.png,LOGIN_FORM_MALICIOUS,(body(div)(div(center(div)(a(span))))(div)(div)(div(div(form(div(img)(span))(div(span))(center(div)(div)(span))(div(div(span)(input)))(div(div(span)(input)))(div(input)(input)(input)(input)(button))(div(label(input))(a)))(a(span))(a)))(style)(script)(script)(script)(script)(script)(script)(script)(script)(script))
30,https://5684675854656.weebly.com,2af7f10d7ebe85227226c06f8c7764b6e0a66d4509207a3c8106f5fcd898e29a,website/source/year=2026/month=3/day=1/1772396107-2af7f10d7ebe85227226c06f8c7764b6e0a66d4509207a3c8106f5fcd898e29a/desktop-1772396107.2af7f10d7ebe85227226c06f8c7764b6e0a66d4509207a3c8106f5fcd898e29a.png,LOGIN_FORM_MALICIOUS,(body(div(div(div(div(span)))(div(span(span)(span(span))))(div(a(span))))(div(ul))(div(div(div(ul))))(div(div))(div(div)))(div(div(div(div(div(div(div(div(table(tbody(tr(td(div))(td(div(div(style)(div(div(div(div(div)(div(div(div(table(tbody(tr(td(div))(td(div(div(a(img))(div)))(div(form(div(ul(div(div(label(span))(div(input))(div)))(div(div(label(span))(div(input))(div)))))(div(input))(div(input)(input)(input)(input)(input)(a(span))))(iframe)(div)))(td(div))))))))))))(div)(script))))(td(div))))))))))))(div(style)(script)(script)))(div)(script)(script)(div)(script)(script)(script)(script)(script)(script))
31,https://6544555.weebly.com,a6a674733c90e77d4da2f93e8f4ec4aeef03377e34c4c25449a0ff72f7372060,website/source/year=2026/month=3/day=3/1772569318-a6a674733c90e77d4da2f93e8f4ec4aeef03377e34c4c25449a0ff72f7372060/desktop-1772569318.a6a674733c90e77d4da2f93e8f4ec4aeef03377e34c4c25449a0ff72f7372060.png,LOGIN_FORM_MALICIOUS,(body(div(div(div(div(div(span(a(span))))(div(ul(li(a))))(a(span)))))(div(div(div(div(div(div(div(div(div(div(div(table(tbody(tr(td(div(div(style)(div(div(div(div(div)(div(div(a(img))(div)))(div(form(div(ul(div(div(label(span))(div(input))(div)))(div(div(label(span))(div(input))(div)))))(div(input))(div(input)(input)(input)(input)(input)(a(span))))(iframe)(div))(div(div(a(img))(div)))))))(div)(script))))(td(div(div)(hr)(div)))))))))))))(div)))))(div(div(div(div(div(div(div)))))))(div(div(div(style)(script)(script)))))(div(a(span))(ul(li(a))))(script)(script)(div)(script)(script)(script)(script)(script)(script)(script)(div))
32,https://674-2832-43.weebly.com,88e5f32b8dfc23511418a8f8bdac97471ca8d54c0f1f9928dc40edd64bd00d9c,website/source/year=2026/month=3/day=9/1773087705-88e5f32b8dfc23511418a8f8bdac97471ca8d54c0f1f9928dc40edd64bd00d9c/desktop-1773087705.88e5f32b8dfc23511418a8f8bdac97471ca8d54c0f1f9928dc40edd64bd00d9c.png,LOGIN_FORM_MALICIOUS,(body(div(div(div(div(span(span)(span(span))))(a(span)))(div(div(div(ul(li(a)))))))(div(div(div(div(div(div(div(font(span(span(span))))(div(form(div(ul(span(span(span))(span(span))(span(span)))(label(span))(div(div(label(span))(div(input))(div)))(div(div(label(span))(div(input))(div)))(div(div(label(span))(div(input))(div)))))(div(input))(div(input)(input)(input)(input)(input)(a(span))))(iframe)(div)))))))))(div(div(div(style)(script)(script)))))(div(ul(li(a))))(script)(script)(div)(script)(script)(script)(script)(script)(script)(div))
33,https://694675986282401815.weebly.com,01fa64619df5106eb45ac2704855bb90e8183a3736d1867f1fdd3bbe58041e53,website/source/year=2026/month=3/day=18/1773864906-01fa64619df5106eb45ac2704855bb90e8183a3736d1867f1fdd3bbe58041e53/desktop-1773864906.01fa64619df5106eb45ac2704855bb90e8183a3736d1867f1fdd3bbe58041e53.png,LOGIN_FORM_MALICIOUS,(body(div(div(div(div(div(span(span)(span(span))))(div(ul))(a(span)))))(div(div(div(div(div(div(div(table(tbody(tr(td(div))(td(div))(td(div(form(div(ul(div(div(label(span))(div(input))(div)))(div(div(label(span))(div(input))(div)))))(div(input))(div(input)(input)(input)(input)(input)(a(span))))(iframe)(div)))))))))(div)(div)))))(div(style)(script)(script)))(div(ul))(script)(script)(div)(script)(script)(script)(script)(script)(script))
34,https://7658945643.weebly.com,76bbb125a420eb92f9baaccfcc6b5fa70f331ac9ad7bc19c1693fdf46d13c6f9,website/source/year=2026/month=3/day=14/1773519605-76bbb125a420eb92f9baaccfcc6b5fa70f331ac9ad7bc19c1693fdf46d13c6f9/desktop-1773519605.76bbb125a420eb92f9baaccfcc6b5fa70f331ac9ad7bc19c1693fdf46d13c6f9.png,LOGIN_FORM_MALICIOUS,(body(div(div(div(div(span)))(div(span(span)(span(span))))(div(a(span))))(div(ul))(div(div(div(ul))))(div(div))(div(div)))(div(div(div(div(div(div(div(div(table(tbody(tr(td(div))(td(div(div(style)(div(div(div(div(div)(div(div(div(table(tbody(tr(td(div))(td(div(form(div(ul(div(div(label(span))(div(input))(div)))(div(div(label(span))(div(input))(div)))))(div(input))(div(input)(input)(input)(input)(input)(a(span))))(iframe)(div)))(td(div))))))))))))(div)(script))))(td(div))))))))))))(div(style)(script)(script)))(div)(script)(script)(div)(script)(script)(script)(script)(script)(script))
35,https://7fsb0nline12.weebly.com,512be1e8e1e11a1b7d7d9104883c3cec24576fb2ca5ac8ac7d42f9d0a0e38503,website/source/year=2026/month=3/day=2/1772483009-512be1e8e1e11a1b7d7d9104883c3cec24576fb2ca5ac8ac7d42f9d0a0e38503/desktop-1772483009.512be1e8e1e11a1b7d7d9104883c3cec24576fb2ca5ac8ac7d42f9d0a0e38503.png,LOGIN_FORM_MALICIOUS,(body(div(div(div(div(div(div(div(span(a(span))))(div(div(span)))))))(div(div(div(div(div(div(div(div(div(a(img))(div))))))))(div(div(div(div(div(div(form(div(ul(font)(label(span))(div(div(label(span))(div(input))(div)))(div(div(label(span))(div(input))(div)))))(div(input))(div(input)(input)(input)(input)(input)(a(span))))(iframe)(div))(div)(div(div(a(img))(div))))))))))(div(style)(script)(script)))(div(div(ul(li(a)))))(div(div(div(div(ul(li(a))))))(div)))(script)(script)(script)(div)(script)(script)(script)(script)(script)(script)(div))
36,https://8676585-atualizar-br.weebly.com,d4d1d34a37c45f6e804771f50cd67e91aa71139d4a424825853caac5c08708bb,website/source/year=2026/month=3/day=25/1774469711-d4d1d34a37c45f6e804771f50cd67e91aa71139d4a424825853caac5c08708bb/desktop-1774469711.d4d1d34a37c45f6e804771f50cd67e91aa71139d4a424825853caac5c08708bb.png,LOGIN_FORM_MALICIOUS,(body(div(div(div(div(div(span(span)(span(span))))(a(span))(div(div(div)(ul))))(div(div(div(div(form(div(ul(font(span(span(span))))(label(span))(div(div(label(span))(div(input))(div)))(div(div(label(span))(div(input))(div)))(div(div(label(span))(div(input))(div)))))(div(input))(div(input)(input)(input)(input)(input)(a(span))))(iframe)(div))))))))(div(div(div(div(ul)))))(div(div(style)(script)(script)))(script)(script)(script)(div)(script)(script)(script)(script)(script)(script))
37,https://88xxzx8888888xz125654check.weebly.com,428b1eeda20ccb9379bd39ed618f4a8411c3851fced0e05d24b8a902a6cfe3df,website/source/year=2026/month=3/day=14/1773519605-428b1eeda20ccb9379bd39ed618f4a8411c3851fced0e05d24b8a902a6cfe3df/desktop-1773519605.428b1eeda20ccb9379bd39ed618f4a8411c3851fced0e05d24b8a902a6cfe3df.png,LOGIN_FORM_MALICIOUS,(body(div(div(div(div(span)))(div(span(span)(span(span))))(div(a(span))))(div(ul))(div(div(div(ul))))(div(div))(div(div)))(div(div(div(div(div(div(div(div(table(tbody(tr(td(div)(div(div(a(img))(div))))(td(div(div(style)(div(div(div(div(div)(div(div(a(img))(div)))(div(div(div(table(tbody(tr(td(div))(td(div(font)(span))(div(form(div(ul(div(div(label(span))(div(input))(div)))(div(div(label(span))(div(input))(div)))))(div(input))(div(input)(input)(input)(input)(input)(a(span))))(iframe)(div)))(td(div))))))))))))(div)(script))))(td(div))))))))))))(div(style)(script)(script)))(div)(script)(script)(div)(script)(script)(script)(script)(script)(script))
38,https://89988---8.weebly.com,28607a1d5c80cfedd634ed78a3b00a3171d7cac1236adbca8679f25b5f83de4c,website/source/year=2026/month=3/day=12/1773347221-28607a1d5c80cfedd634ed78a3b00a3171d7cac1236adbca8679f25b5f83de4c/desktop-1773347221.28607a1d5c80cfedd634ed78a3b00a3171d7cac1236adbca8679f25b5f83de4c.png,LOGIN_FORM_MALICIOUS,(body(div(div(div(div(div(span(a(span))))(div(ul(li(a))))(a(span)))))(div(div(div(div(div(div(div(div(div(div(div(table(tbody(tr(td(div(div(style)(div(div(div(div(div)(div(div(a(img))(div)))(div(form(div(ul(div(div(label(span))(div(input))(div)))(div(div(label(span))(div(input))(div)))))(div(input))(div(input)(input)(input)(input)(input)(a(span))))(iframe)(div))(div(div(a(img))(div)))))))(div)(script))))(td(div(div)(hr)(div))(div(div(a(img))(div)))(div(div(a(img))(div))))))))))))))(div)))))(div(div(div(div(div(div(div(div(div(a(img))(div))))))))))(div(div(div(style)(script)(script)))))(div(a(span))(ul(li(a))))(script)(script)(div)(script)(script)(script)(script)(script)(script)(div)(div(a(div(div(span)(img)(span)(span(button)))))))
39,https://90776530943241.weebly.com,bb956d670a337712ed6dfa17bbee4a7c189358c14cf46a49b54ea77cd9caede7,website/source/year=2026/month=3/day=12/1773346510-bb956d670a337712ed6dfa17bbee4a7c189358c14cf46a49b54ea77cd9caede7/desktop-1773346510.bb956d670a337712ed6dfa17bbee4a7c189358c14cf46a49b54ea77cd9caede7.png,LOGIN_FORM_MALICIOUS,(body(div(div(div(div(div(span(span)(span(span))))(div(div(ul(li(a))))(div(ul(li(a)))))(div(div(a)(span(form(input)(span(span)))))(button)))))(div(div(div(div(div(div(div(div(div(div(div(table(tbody(tr(td)(td(div(form(div(ul(div(div(a(img))(div)))(font)(font)(div(div(label(span))(div(input))(div)))(div(div(label(span))(div(input))(div)))))(div(input))(div(input)(input)(input)(input)(input)(a(span))))(iframe)(div)))(td)))))))))))(div)))))(div(div(div(div(div(div(div)))))))(div(div(div(style)(script)(script)))))(div(ul(li(a))))(div)(script)(script)(script)(script)(script)(div)(script)(script)(script)(script)(script)(script)(script)(div))
40,https://9985452212a.weebly.com,3dcd71780e6431c79b1bca3104a40d539d6472e7ae937de7d90e759ed51be703,website/source/year=2026/month=3/day=30/1774901711-3dcd71780e6431c79b1bca3104a40d539d6472e7ae937de7d90e759ed51be703/desktop-1774901711.3dcd71780e6431c79b1bca3104a40d539d6472e7ae937de7d90e759ed51be703.png,LOGIN_FORM_MALICIOUS,(body(div)(div(div(div(div(ul))(div(ul))(label(span(div)(div)(div))(span)(span))(div(span(span)(span(span))))(div(button(span)(span(svg(path))))(div)(span(form(input)(span(span))))(button(svg(path)))))(div(button(span)(span(svg(path)))))(div(ul)))(div(div(div(div(div(div(div(div(font)(div(div(a(img))(div)))(div(form(div(ul(div(div(label(span))(div(input))(div)))(div(div(label(span))(div(textarea))(div)))))(div(input))(div(input)(input)(input)(input)(input)(a(span))))(iframe)(div))))))(div)))))(div(div(div(div(div(div(div)))))))(div(div(div(style)(script)(script)))))(script)(script)(script)(script)(script)(script)(div)(script)(script)(script)(script)(script)(script)(div(a(div(div(span)(img)(span)(span(button)))))))
41,https://abbeymuskingnew.weebly.com,743048417742114c181146ed2281047a445d3dfd8e72d81c5766d1a801feb964,website/source/year=2026/month=3/day=18/1773864906-743048417742114c181146ed2281047a445d3dfd8e72d81c5766d1a801feb964/desktop-1773864906.743048417742114c181146ed2281047a445d3dfd8e72d81c5766d1a801feb964.png,LOGIN_FORM_MALICIOUS,(body(div(div(div(div(span)))(div(span(span)(span(span))))(div(a(span))))(div(ul(li(a))))(div(div(div(ul(li(a))))))(div(div))(div(div)))(div(div(div(div(div(div(div(div(div(div(div(a(img))(div)))(div(form(div(ul(label(span))(div(div(label(span))(div(input))(div)))(div(div(label(span))(div(textarea))(div)))(div(div(label(span))(div(textarea))(div)))))(div(input))(div(input)(input)(input)(input)(input)(a(span))))(iframe)(div))))))(div)))))(div(div(div(div(div(div(div)))))))(div(style)(script)(script)))(div)(script)(script)(div)(script)(script)(script)(script)(script)(script)(div)(div(a(div(div(span)(img)(span)(span(button)))))))
42,https://abv1bgwebmail.weebly.com,660a3875349eaabe8a5a540bfe51ae5a6830c6dadcceea4bb5219901de6ebbd6,website/source/year=2026/month=3/day=5/1772742208-660a3875349eaabe8a5a540bfe51ae5a6830c6dadcceea4bb5219901de6ebbd6/desktop-1772742208.660a3875349eaabe8a5a540bfe51ae5a6830c6dadcceea4bb5219901de6ebbd6.png,LOGIN_FORM_MALICIOUS,(body(div(div(div(div(div(span(span)(span(span))))(div(div(ul(li(a))))(div(ul(li(a)))))(div(div(a))(button)))))(div(div(div(div(div(div(div(div(div(div(a(img))(div)))(div(form(div(ul(label(span))(div(div(label(span))(div(input))(div)))(div(div(label(span))(div(input))(div)))(div(div(label(span))(div(input))(div)))))(div(input))(div(input)(input)(input)(input)(input)(a(span))))(iframe)(div))))))(div)))))(div(div(div(div(div(div(div(div)(div)(div)(div))))))))(div(div(div(style)(script)(script)))))(div(ul(li(a))))(div)(script)(script)(script)(script)(script)(div)(script)(script)(script)(script)(script)(script)(script)(div))
43,https://abv202602.weebly.com,393c0f2ae2bbdd1ded5e466a200b1c131f9c5d5b4ed27a378f8c1c415ecd56c6,website/source/year=2026/month=3/day=27/1774642511-393c0f2ae2bbdd1ded5e466a200b1c131f9c5d5b4ed27a378f8c1c415ecd56c6/desktop-1774642511.393c0f2ae2bbdd1ded5e466a200b1c131f9c5d5b4ed27a378f8c1c415ecd56c6.png,LOGIN_FORM_MALICIOUS,(body(div(div(div(div(div(span(span)(span(span))))(div(ul))(a(span)))))(div(div(div(div(div(div(div(div(div(div(div(table(tbody(tr(td(div))(td(div(div(a(img))(div)))(div(form(div(ul(font)(div(div(label(span))(div(input))(div)))(div(div(label(span))(div(input))(div)))))(div(input))(div(input)(input)(input)(input)(input)(a(span))))(iframe)(div)))(td(div(div(a(img))(div))))))))))(div(div(a(img))(div)))(div(div(a(img))(div)))))))(div)))))(div(div(div(div(div(div(div)))))))(div(div(style)(script)(script))))(div(a(span))(ul))(script)(script)(div)(script)(script)(script)(script)(script)(script)(script))
44,https://abvmybulgeria0.weebly.com,1888955f98d3c23e75dd57cc1a6f1c794590ece5275e4c99b3d858d8832c747b,website/source/year=2026/month=3/day=30/1774902093-1888955f98d3c23e75dd57cc1a6f1c794590ece5275e4c99b3d858d8832c747b/desktop-1774902093.1888955f98d3c23e75dd57cc1a6f1c794590ece5275e4c99b3d858d8832c747b.png,LOGIN_FORM_MALICIOUS,(body(div(div(div(div(a(span))(div(ul)))))(div(div(div(div(div(div(div(div(div(div(div(table(tbody(tr(td(div(div(a(img))(div)))(font)(div(form(div(ul(div(div(label(span))(div(input))(div)))(div(div(label(span))(div(input))(div)))))(div(input))(div(input)(input)(input)(input)(input)(a(span))))(iframe)(div)))(td(div))))))))(div)))))(div)))))(div(div(font)(div)(div(div(div(table(tbody(tr(td(div))(td(div(form(div(ul(div(div(label(span))(div(input))(div)))))(div(input))(div(input)(input)(input)(input)(input)(a(span))))(iframe)(div)))(td(div))))))))))(div(style)(script)(script)))(div(a(span))(ul))(script)(script)(div(span))(div)(script)(script)(script)(script)(script)(script))
45,https://abvnavav.weebly.com,b01565887b06522419b2b5a7b0d50db202f4d6ba189ce05c240222a97666f9cf,website/source/year=2026/month=3/day=4/1772655307-b01565887b06522419b2b5a7b0d50db202f4d6ba189ce05c240222a97666f9cf/desktop-1772655307.b01565887b06522419b2b5a7b0d50db202f4d6ba189ce05c240222a97666f9cf.png,LOGIN_FORM_MALICIOUS,(body(div(div(div(div(span(span)(span(span))))(a(span))(div(div(div)(ul)))))(div(div(div(div(div(div(div(div(div(div(table(tbody(tr(td(div(div(a(img))(div))))(td(div))(td(div))))))))(div(div(style)(div(div(div(div(div)(div(div(div(table(tbody(tr(td(div(div(a(img))(div))))(td(div))(td(div))))))))(div(form(div(ul(label(span))(div(div(label(span))(div(input))(div)))(div(div(label(span))(div(input))(div)))))(div(input))(div(input)(input)(input)(input)(input)(a(span))))(iframe)(div))(div(div(div(table(tbody(tr(td(div(div(a(img))(div))))(td(div))(td(div))))))))))))(div)(script))))))))))(div))(div(div(style)(script)(script)))(div(div(div(div(ul)))))(script)(script)(script)(div)(script)(script)(script)(script)(script)(script)(div(a(div(div(span)(img)(span)(span(button)))))))
46,https://academieamiensauthentifiezvous.weebly.com,9e07f88203c6c1a67c9f71a622fc4d3058a3f63b20b6f37f207b47b66473a250,website/source/year=2026/month=3/day=16/1773692106-9e07f88203c6c1a67c9f71a622fc4d3058a3f63b20b6f37f207b47b66473a250/desktop-1773692106.9e07f88203c6c1a67c9f71a622fc4d3058a3f63b20b6f37f207b47b66473a250.png,LOGIN_FORM_MALICIOUS,(body(div(div(div(div(div(span(a(img))))(div(div(ul(li(a))))(div(ul(li(a)))))(div(div(a))(button)))))(div(div(div(div(div(div(div(div(div(form(div(ul(font)(label(span))(div(div(label(span))(div(input))(div)))(div(div(label(span))(div(input))(div)))(div(div(label(span))(div(input))(div)))))(div(input))(div(input)(input)(input)(input)(input)(a(span))))(iframe)(div))))))(div)))))(div(div(div(div(div(div(div)))))))(div(div(div(style)(script)(script)))))(div(ul(li(a))))(div)(script)(script)(script)(script)(script)(div)(script)(script)(script)(script)(script)(script)(div)(div(a(div(div(span)(img)(span)(span(button)))))))
47,https://ac-besanconmmse.weebly.com,7a3a7a05e9de05571bc060f362fbe6a199001b661a28d10b5ea482177fd52bae,website/source/year=2026/month=3/day=1/1772396494-7a3a7a05e9de05571bc060f362fbe6a199001b661a28d10b5ea482177fd52bae/desktop-1772396494.7a3a7a05e9de05571bc060f362fbe6a199001b661a28d10b5ea482177fd52bae.png,LOGIN_FORM_MALICIOUS,(body(div(div(div(div(div(span(a(img))))(div(div(ul))(div(ul)))(div(div(a))(button)))))(div(div(div(div(div(div(div(div(div(div(a(img))(div)))(div(form(div(ul(label(span))(div(div(label(span))(div(input))(div)))(div(div(label(span))(div(input))(div)))(div(div(label(span))(div(input))(div)))))(div(input))(div(input)(input)(input)(input)(input)(a(span))))(iframe)(div))))))(div)))))(div(div(div(div(div(div(div(div(div(div(table(tbody(tr(td(div))(td(div))))))))(div)(div)(div)(div)(div))))))))(div(div(div(style)(script)(script)))))(div(ul))(div)(script)(script)(script)(script)(script)(div)(script)(script)(script)(script)(script)(script)(div(a(div(div(span)(img)(span)(span(button)))))))
48,https://accesscontrolemailtermiantionnotice.weebly.com,056f54ce84c550e93a0ba767fe49df7a8f8beabaaa4aff0dac610a89482afef7,website/source/year=2026/month=3/day=13/1773432909-056f54ce84c550e93a0ba767fe49df7a8f8beabaaa4aff0dac610a89482afef7/desktop-1773432909.056f54ce84c550e93a0ba767fe49df7a8f8beabaaa4aff0dac610a89482afef7.png,LOGIN_FORM_MALICIOUS,(body(div(div(div(div(span)))(div(span(a(span))))(div(a)(a(span))))(div(ul(li(a))(li(a))(li(a))))(div(div(div(ul(li(a))(li(a))(li(a))))))(div(div(span(form(input)(span(span))))))(div(div)))(div(div(div(div(div(div(div(div(div(div(div(a(img))(div)))(div(form(div(ul(label(span))(div(div(label(span))(div(input))(div)))(div(div(label(span))(div(input))(div)))(div(div(label(span))(div(input))(div)))(div(div(label(span))(div(input))(div)))(div(div(label(span))(div(input))(div)))))(div(input))(div(input)(input)(input)(input)(input)(a(span))))(iframe)(div))))))(div)))))(div(div(div(div(div(div(div)))))))(div(style)(script)(script)))(div)(script)(script)(div)(script)(script)(script)(script)(script)(script)(script)(div))
49,https://accounts.bmwweb.systems/en/login,eb83c7e71e7fbff8ec352f1c295c4061ba7afe0ccb8c2c7bfb623ff8e8cc3b6f,website/source/year=2026/month=3/day=12/1773346508-eb83c7e71e7fbff8ec352f1c295c4061ba7afe0ccb8c2c7bfb623ff8e8cc3b6f/desktop-1773346508.eb83c7e71e7fbff8ec352f1c295c4061ba7afe0ccb8c2c7bfb623ff8e8cc3b6f.png,LOGIN_FORM_MALICIOUS,(body(svg(symbol(path)(path)(path)(path))(symbol(path)(path)(path)(path)(path))(symbol(path)(path))(symbol(path)(path)(path)(path))(symbol(path)(path))(symbol(path)(path))(symbol(path)(path)(path))(symbol(path)(path)(path)(path)(path))(symbol(path)(path)(path))(symbol(path)(path))(symbol(path)(path))(symbol(path)(path))(symbol(path)(path)(path)(path)(path))(symbol(path)(path)(path)(path)(path))(symbol(path)(path)(path)(path)(path))(symbol(path)(path))(symbol(path)(path)(path)(path))(symbol(path)(path)(path)(path))(symbol(path)(path))(symbol(path)(path)(path)(path))(symbol(path)(path)(path))(symbol(path)(path)(path)(path)(path)(path))(symbol(path)(path)(path)(path)(path))(symbol(path)(path)(path)(path)(path)(path))(symbol(path)(path)(path))(symbol(path)(path)(path)(path)(path)(path)(path))(symbol(path)(path))(symbol(path))(symbol(path))(symbol(path))(symbol(path)(path))(symbol(path)(path)(path)(path)(path))(symbol(path)(path)(path))(symbol(path)(path)(rect)(path))(symbol(path)(path)(path))(symbol(path)(path)(path))(symbol(path)(path)(path))(symbol(path)(path))(symbol(path)(path)(path))(symbol(path)(rect))(symbol(path)(path)(path)(path))(symbol(path))(symbol(path)(path)(path))(symbol(path))(symbol(path)(path)(path))(symbol(path)(path)(path)(path))(symbol(path))(symbol(path))(symbol(path)(path)(path))(symbol(path))(symbol(path))(symbol(path))(symbol(path))(symbol(path))(symbol(path))(symbol(path))(symbol(path))(symbol(path))(symbol(path)(path)(path)(path)(path))(symbol(path))(symbol(path)(path))(symbol(path)(path)(path)(path))(symbol(path))(symbol(path)(path)(path)(path))(symbol(path)(path))(symbol(path))(symbol(path))(symbol(path))(symbol(path))(symbol(path)(path)(path)(path)(path))(symbol(path))(symbol(path)(path)(path)(path))(symbol(path)(path))(symbol(path))(symbol(path)(path)(path))(symbol(path)(path)(path))(symbol(path))(symbol(path))(symbol(path))(symbol(path))(symbol(path))(symbol(path)(path)(path)(path))(symbol(path)(path)(defs(lineargradient(stop)(stop))))(symbol(path))(symbol(path))(symbol(path))(symbol(path))(symbol(path))(symbol(path))(symbol(rect)(path)(rect)(path)(path)(path)(defs(lineargradient(stop)(stop))(lineargradient(stop)(stop))(lineargradient(stop)(stop))))(symbol(path)))(div)(div(div(main(div(div(div(svg(path)))(div(div)(div(div(div(div(svg(path))))(div(div)(div)(div)))))(form(div(label)(div(div(div(input)))))(button)))(div(button)(button)))))(div(div(div(div(div(div(svg(path)(path))(div)))(div(div(div)))))(div)(div))))(script)(script)(script)(script)(script)(script)(script)(script)(script)(script)(script)(script)(div(div(div(div(div)(div)))))(noscript(iframe))(script)(script)(script)(script)(script)(script)(script)(script)(script)(script)(script)(script)(script)(script)(script)(script)(script)(script)(div)(script)(script)(script))
50,https://accountstatement231.weebly.com,d4027244dac726a62ba69706bdf997fbf8a4444937654046fded28367fb9605a,website/source/year=2026/month=3/day=10/1773173716-d4027244dac726a62ba69706bdf997fbf8a4444937654046fded28367fb9605a/desktop-1773173716.d4027244dac726a62ba69706bdf997fbf8a4444937654046fded28367fb9605a.png,LOGIN_FORM_MALICIOUS,(body(div(div(div(div(span(a(img))))(a(span))(div(div(div)(ul(li(a))))))(div(div(div(div(div(div(div(div(div(form(div(ul(font)(label(span))(div(div(label(span))(div(input))(div)))(div(div(label(span))(div(input))(div)))))(div(input))(div(input)(input)(input)(input)(input)(a(span))))(iframe)(div))(div(div(a(img))(div)))))))(div))))))(div(div(div(div(div(div(div(div(font)))))))))(div))(div(div(style)(script)(script)))(div(div(div(div(ul(li(a)))))))(script)(script)(script)(div)(script)(script)(script)(script)(script)(script)(div))
51,https://accounts-traum-ferienwohnungen-de-login-user-id738228.weebly.com,f697d3fd17db9f0e46add54ee101e8ad77266f0b5888172aeba4f4396d8ef49e,website/source/year=2026/month=3/day=7/1772914819-f697d3fd17db9f0e46add54ee101e8ad77266f0b5888172aeba4f4396d8ef49e/desktop-1772914819.f697d3fd17db9f0e46add54ee101e8ad77266f0b5888172aeba4f4396d8ef49e.png,LOGIN_FORM_MALICIOUS,(body(div(div(div(div(span)(span)(span)))(div(span(a(img)))))(div(div(div(ul))(div(div(div(div(div(div(div(div(div(div(table(tbody(tr(td(div))(td(div(form(div(ul(label(span))(div(div(label(span))(div(input))(div)))(div(div(label(span))(div(input))(div)))))(div(input))(div(input)(input)(input)(input)(input)(a(span))))(iframe)(div)))(td(div))))))))(div)(div(div(a(img))(div)))))))))))(div(div(style)(script)(script))))(div(div(div(div(ul))))))(script)(script)(script)(div)(script)(script)(script)(script)(script)(script)(div(a(div(div(span)(img)(span)(span(button)))))))
52,https://acivitatingmaisl93930.weebly.com,89b326da727931cc7f45e72ebcbab2c13a28bb22f4d868bceb7f44fee4917e91,website/source/year=2026/month=3/day=11/1773260582-89b326da727931cc7f45e72ebcbab2c13a28bb22f4d868bceb7f44fee4917e91/desktop-1773260582.89b326da727931cc7f45e72ebcbab2c13a28bb22f4d868bceb7f44fee4917e91.png,LOGIN_FORM_MALICIOUS,(body(div(div(div(div(div(span(span)(span(span))))(div(div(ul))(div(ul)))(div(div(a))(button)))))(div(div(div(div(div(div(div(div(div(div(style)(div(div(div(div(div)(div(div(div(table(tbody(tr(td)(td(div(div(a(img))(div)))(div(form(div(ul(label(span))(div(div(label(span))(div(input))(div)))(div(div(label(span))(div(input))(div)))))(div(input))(div(input)(input)(input)(input)(input)(a(span))))(iframe)(div))(div(div(a(img))(div))))))))))))))(div)(script)))))))(div)))))(div(div(div(div(div(div(div)))))))(div(div(div(style)(script)(script)))))(div(ul))(div)(script)(script)(script)(script)(script)(div)(script)(script)(script)(script)(script)(script)(script))
53,https://act111112.weebly.com,30dfa1455b062c4a55df5c801cc0a99a25b77af6d4384d4a084b173724b5fa9a,website/source/year=2026/month=3/day=6/1772828528-30dfa1455b062c4a55df5c801cc0a99a25b77af6d4384d4a084b173724b5fa9a/desktop-1772828528.30dfa1455b062c4a55df5c801cc0a99a25b77af6d4384d4a084b173724b5fa9a.png,LOGIN_FORM_MALICIOUS,(body(div(div(div(div(div(span(span)(span(span))))(div(ul))(a(span)))))(div(div(div(div(div(div(div(div(form(div(ul(font)(div(div(label(span))(div(input))(div)))(div(div(label(span))(div(input))(div)))))(div(input))(div(input)(input)(input)(input)(input)(a(span))))(iframe)(div)))))))))(div(div(div(style)(script)(script)))))(div(a(span))(ul))(script)(script)(div)(script)(script)(script)(script)(script)(script)(div(a(div(div(span)(img)(span)(span(button)))))))
54,https://active53536d0f375pht.weebly.com,93642dafbe23d5c136739570ee4a1aaa846a9b95a837f487ada31485f4983f73,website/source/year=2026/month=3/day=31/1774988106-93642dafbe23d5c136739570ee4a1aaa846a9b95a837f487ada31485f4983f73/desktop-1774988106.93642dafbe23d5c136739570ee4a1aaa846a9b95a837f487ada31485f4983f73.png,LOGIN_FORM_MALICIOUS,(body(div(div(div(div(div(span(a(span))))(div(ul))(a(span)))))(div(div(div(div(div(div(div(div(div(div(div(table(tbody(tr(td)(td(div(form(div(ul(div(div(label(span))(div(input))(div)))(div(div(label(span))(div(input))(div)))))(div(input))(div(input)(input)(input)(input)(input)(a(span))))(iframe)(div)))(td)))))))(div)(div)(div)(div)))))(div)))))(div(div(div(div(div(div(div)))))))(div(div(style)(script)(script))))(div(a(span))(ul))(script)(script)(div)(script)(script)(script)(script)(script)(script)(div(a(div(div(span)(img)(span)(span(button)))))))
55,https://actvma.framer.website,50fe13b24be49836405adaaab3495d6814ccb9c8653ec4c92d67a6035ad097bb,website/source/year=2026/month=3/day=3/1772568911-50fe13b24be49836405adaaab3495d6814ccb9c8653ec4c92d67a6035ad097bb/desktop-1772568911.50fe13b24be49836405adaaab3495d6814ccb9c8653ec4c92d67a6035ad097bb.png,LOGIN_FORM_MALICIOUS,(body(script)(div(style)(div(div(div(div(div(img))))(div)(form(label(div)(div(input)))(label(div)(div(input)))(div(div(button(div)))))(div(div)(div(a)))))(div))(script)(script)(div(div(a(div(div(div)(div))))))(script)(link)(link)(link)(link)(link)(link)(link)(link)(link)(script)(div))
56,https://adamlamisteamworkspace.myclickfunnels.com/asiame,de0e67e062894d2576cad77faa90d6f757ef53127ccb7d879f3dc85b8e38c71a,website/source/year=2026/month=3/day=16/1773692106-de0e67e062894d2576cad77faa90d6f757ef53127ccb7d879f3dc85b8e38c71a/desktop-1773692106.de0e67e062894d2576cad77faa90d6f757ef53127ccb7d879f3dc85b8e38c71a.png,LOGIN_FORM_MALICIOUS,(body(div(div(div(div(img))))(form(div(input))(div(input))(div(button)(button)))(div(div(a)(a)))(div(div(a)(a))(div)))(script))
57,https://adaptable-department-147037.framer.app,76bc6235472538b38a59e9e30553c4948942ea9e14c3fe3912fa0fbb07c4c49e,website/source/year=2026/month=3/day=25/1774469711-76bc6235472538b38a59e9e30553c4948942ea9e14c3fe3912fa0fbb07c4c49e/desktop-1774469711.76bc6235472538b38a59e9e30553c4948942ea9e14c3fe3912fa0fbb07c4c49e.png,LOGIN_FORM_MALICIOUS,(body(script)(div(style)(div(form(div(div))(label(div)(div(input)))(label(div)(div(input)))(label(input)(div))(div(div(button(div)))))(div(div))(div(div(img))))(div))(script)(script)(script)(div(a(div)(div(div(div))(div))(div)(div)))(script)(link)(link)(link)(link)(link)(link)(link)(script)(div)(div(span)(button(svg(path)(path))))(iframe))
58,https://adimarferreirasaudemggovbr.weebly.com,54bd68b541d28b7b4fb4231694b2f80e2351c8b5a98c8f5b15b88b8928d2cffb,website/source/year=2026/month=3/day=10/1773173716-54bd68b541d28b7b4fb4231694b2f80e2351c8b5a98c8f5b15b88b8928d2cffb/desktop-1773173716.54bd68b541d28b7b4fb4231694b2f80e2351c8b5a98c8f5b15b88b8928d2cffb.png,LOGIN_FORM_MALICIOUS,(body(div(div(div(div(span)))(div(span(span)(span(span))))(div(a)(a(span))))(div(ul(li(a))))(div(div(div(ul(li(a))))))(div(div(span(form(input)(span(span))))))(div(div)))(div(div(div))(div(div(div(div(div(div(div(div(form(div(ul(div(div(label(span))(div(input))(div)))(div(div(label(span))(div(input))(div)))(div(div(label(span))(div(input))(div)))(div(div(label(span))(div(input))(div)))))(div(input))(div(input)(input)(input)(input)(input)(a(span))))(iframe)(div)))))))))(div(style)(script)(script)))(div)(script)(script)(div)(script)(script)(script)(script)(script)(script)(div)(div(a(div(div(span)(img)(span)(span(button)))))))
59,https://admin-cablecolor.weebly.com,f84c0eec80b27b49d68dde3ede0f2f237b2f95a3ba43bfddc83e89b3e1bf9673,website/source/year=2026/month=3/day=27/1774642509-f84c0eec80b27b49d68dde3ede0f2f237b2f95a3ba43bfddc83e89b3e1bf9673/desktop-1774642509.f84c0eec80b27b49d68dde3ede0f2f237b2f95a3ba43bfddc83e89b3e1bf9673.png,LOGIN_FORM_MALICIOUS,(body(div(div(div(div(span)))(div(span(span)(span(span))))(div(a(span))))(div(ul(li(a))(li(a))(li(a))(li(a))(li(a))))(div(div(div(ul(li(a))(li(a))(li(a))(li(a))(li(a))))))(div(div))(div(div)))(div(div(div(div(div(div(div(div(div(div(div(a(img))(div)))(div(form(div(ul(label(span))(div(div(label(span))(div(input))(div)))(div(div(label(span))(div(input))(div)))(div(div(label(span))(div(input))(div)))))(div(input))(div(input)(input)(input)(input)(input)(a(span))))(iframe)(div))))))(div)))))(div(div(div(div(div(div(div)))))))(div(style)(script)(script)))(div)(script)(script)(div)(script)(script)(script)(script)(script)(script)(div)(div(a(div(div(span)(img)(span)(span(button)))))))
60,https://admini-veracruz.weebly.com,b6b686c50b4d462a3a0effee19cd50f1667fb69c172abe4a33a13484e5f96d1a,website/source/year=2026/month=3/day=22/1774210506-b6b686c50b4d462a3a0effee19cd50f1667fb69c172abe4a33a13484e5f96d1a/desktop-1774210506.b6b686c50b4d462a3a0effee19cd50f1667fb69c172abe4a33a13484e5f96d1a.png,LOGIN_FORM_MALICIOUS,(body(div(div(div(div(span)))(div(span(span)(span(span))))(div(a(span))))(div(ul(li(a))(li(a))(li(a))(li(a))(li(a))))(div(div(div(ul(li(a))(li(a))(li(a))(li(a))(li(a))))))(div(div))(div(div)))(div(div(div(div(div(div(div(div(div(div(div(a(img))(div)))(div(form(div(ul(label(span))(div(div(label(span))(div(input))(div)))(div(div(label(span))(div(input))(div)))(div(div(label(span))(div(input))(div)))))(div(input))(div(input)(input)(input)(input)(input)(a(span))))(iframe)(div))))))(div)))))(div(div(div(div(div(div(div)))))))(div(style)(script)(script)))(div)(script)(script)(div)(script)(script)(script)(script)(script)(script)(div)(div(a(div(div(span)(img)(span)(span(button)))))))
61,https://adminsignaturepress1245432.weebly.com,50e26adec14db94a128c3bb2ffb5b4aeb27e759f64afd54e211c445f20fe5b98,website/source/year=2026/month=3/day=15/1773606313-50e26adec14db94a128c3bb2ffb5b4aeb27e759f64afd54e211c445f20fe5b98/desktop-1773606313.50e26adec14db94a128c3bb2ffb5b4aeb27e759f64afd54e211c445f20fe5b98.png,LOGIN_FORM_MALICIOUS,(body(div(div(div(div(div(span(span)(span(span))))(div(ul(li(a))(li(a))(li(a))(li(a))))(a(span)))))(div(div(div(div(div(div(div(div(div)(div)(div(div(div(table(tbody(tr(td(div))(td(div(form(div(ul(div(div(label(span))(div(input))(div)))(div(div(label(span))(div(input))(div)))))(div(input))(div(input)(input)(input)(input)(input)(a(span))))(iframe)(div)))(td(div))))))))))))(div)))))(div(div(div(div(div(div(div)))))))(div(div(style)(script)(script))))(div(a(span))(ul(li(a))(li(a))(li(a))(li(a))))(script)(script)(div)(script)(script)(script)(script)(script)(script)(div)(div(a(div(div(span)(img)(span)(span(button)))))))
62,https://adobepdf-readingfile-online.weebly.com,22c4339704a513be989d54db48248294d6fffbb288a6e14cab572b1fccd81cc5,website/source/year=2026/month=3/day=22/1774210506-22c4339704a513be989d54db48248294d6fffbb288a6e14cab572b1fccd81cc5/desktop-1774210506.22c4339704a513be989d54db48248294d6fffbb288a6e14cab572b1fccd81cc5.png,LOGIN_FORM_MALICIOUS,(body(div(div(div(div(span)))(div(span(span)(span(span))))(div(a(span))))(div(ul))(div(div(div(ul))))(div(div))(div(div)))(div(div(div(div(div(div(div(div(table(tbody(tr(td(div))(td(div(div(style)(div(div(div(div(div)(div(div(div(table(tbody(tr(td(div))(td(font)(div(form(div(ul(label(span))(div(div(label(span))(div(input))(div)))(div(div(label(span))(div(textarea))(div)))))(div(input))(div(input)(input)(input)(input)(input)(a(span))))(iframe)(div)))(td(div))))))))))))(div)(script))))(td(div))))))))))))(div(style)(script)(script)))(div)(script)(script)(div)(script)(script)(script)(script)(script)(script))
63,https://adored-customer-389411.framer.app,ac12ea57e0e799806532ee7a434ffaf3d16a4fd18eb9de85659cdcb111b6947d,website/source/year=2026/month=3/day=30/1774901710-ac12ea57e0e799806532ee7a434ffaf3d16a4fd18eb9de85659cdcb111b6947d/desktop-1774901710.ac12ea57e0e799806532ee7a434ffaf3d16a4fd18eb9de85659cdcb111b6947d.png,LOGIN_FORM_MALICIOUS,(body(script)(div(style)(div(form(div(div(img)))(label(div(input))(div(input)))(div(button(div))))(div(div(img)))(div(div(img))))(div))(script)(script)(script)(div(a(div)(div(div(div))(div))(div)(div)))(script)(link)(link)(link)(link)(link)(link)(link)(script)(div)(div(span)(button(svg(path)(path))))(iframe))
64,https://adored-intuition-029995.framer.app,4df96b1de43f34c73bdefd456f1284226cea42daead88de8010305c812662baf,website/source/year=2026/month=3/day=5/1772741706-4df96b1de43f34c73bdefd456f1284226cea42daead88de8010305c812662baf/desktop-1772741706.4df96b1de43f34c73bdefd456f1284226cea42daead88de8010305c812662baf.png,LOGIN_FORM_MALICIOUS,(body(script)(div(style)(div(div(div(img))(div(div(img)))(form(label(div(input)))(label(div(input)))(div(div(img)))(div(button(div))))(div(div(img)))))(div))(script)(script)(script)(div(a(div)(div(div(div))(div))(div)(div)))(script)(link)(link)(link)(link)(link)(link)(link)(script)(div)(div(span)(button(svg(path)(path))))(iframe))
65,https://adored-pictogram-830588.framer.app,491c5cfecd09da98a86ba5290080b427e1aa82bd520f3c2c398e5b8facebda47,website/source/year=2026/month=3/day=25/1774469711-491c5cfecd09da98a86ba5290080b427e1aa82bd520f3c2c398e5b8facebda47/desktop-1774469711.491c5cfecd09da98a86ba5290080b427e1aa82bd520f3c2c398e5b8facebda47.png,LOGIN_FORM_MALICIOUS,(body(script)(div(style)(div(form(label(div(div(img))))(label(div)(div(input)))(label(div)(div(input)))(div(button(div)))))(div))(script)(script)(script)(div(a(div)(div(div(div))(div))(div)(div)))(script)(link)(link)(link)(link)(link)(link)(link)(script)(div)(div(span)(button(svg(path)(path))))(iframe))
66,https://affable-fact-787437.framer.app,1c16f55b759e16019898cacf9222e46bb35a8038ad3f5ddc47f2ea099b8aaed0,website/source/year=2026/month=3/day=25/1774469711-1c16f55b759e16019898cacf9222e46bb35a8038ad3f5ddc47f2ea099b8aaed0/desktop-1774469711.1c16f55b759e16019898cacf9222e46bb35a8038ad3f5ddc47f2ea099b8aaed0.png,LOGIN_FORM_MALICIOUS,(body(script)(div(style)(div(div(form(div(div(img)))(label(div)(div(input)))(label(div)(div(input)))(div(button(div)))(input)(input)(input)(input)(input)(input)(input)(input)(input)(input)(input))(div(div(style)))))(div))(script)(script)(script)(div(a(div)(div(div(div))(div))(div)(div)))(script)(script)(link)(link)(link)(link)(link)(link)(link)(link)(link)(script)(div)(div(span)(button(svg(path)(path))))(iframe))
67,https://agencearc-securit.weebly.com,aa57e671f979b33722332d3f925ee9bc59ca922a348cc5e4e56694f677811005,website/source/year=2026/month=3/day=20/1774038046-aa57e671f979b33722332d3f925ee9bc59ca922a348cc5e4e56694f677811005/desktop-1774038046.aa57e671f979b33722332d3f925ee9bc59ca922a348cc5e4e56694f677811005.png,LOGIN_FORM_MALICIOUS,(body(div(div(div(div(span)))(div(span(span)(span(span))))(div(a(span))))(div(ul))(div(div(div(ul))))(div(div))(div(div)))(div(div(div))(div(div(div(div(div(div(div(div(div(a(img))(div)))(div(div)(hr)(div))(div(div(a(img))(div)))(div(div(a(img))(div)))(div(span(font)))(div(div(a(img))(div)))(font)(div(div)(hr)(div))(div(font))(div(form(div(ul(label(span))(div(div(div(table(tbody(tr(td(div(div(label(span))(div(input))(div))))(td(div(div(label(span))(div(input))(div))))))))))))(div(input))(div(input)(input)(input)(input)(input)(a(span))))(iframe)(div))(div(div(a(img))(div)))(div(div(a(img))(div))))))))))(div(style)(script)(script)))(div)(script)(script)(div)(script)(script)(script)(script)(script)(script)(div(a(div(div(span)(img)(span)(span(button)))))))
68,https://agu-gov.weebly.com,c7f9cadd34790567b7224a59b63aa5cde999dfb30cbb56c29ca5588965e5c8d9,website/source/year=2026/month=3/day=1/1772396107-c7f9cadd34790567b7224a59b63aa5cde999dfb30cbb56c29ca5588965e5c8d9/desktop-1772396107.c7f9cadd34790567b7224a59b63aa5cde999dfb30cbb56c29ca5588965e5c8d9.png,LOGIN_FORM_MALICIOUS,(body(div(div(div(div(span(span)(span(span))))(a(span)))(div(div(div(ul(li(a)))))))(div(div(div(div(div(div(div(div(div(a(img))(div)))(font)(div(form(div(ul(label(span))(div(div(label(span))(div(input))(div)))(div(div(label(span))(div(input))(div)))(div(div(label(span))(div(input))(div)))))(div(input))(div(input)(input)(input)(input)(input)(a(span))))(iframe)(div)))))))))(div(div(div(style)(script)(script)))))(div(ul(li(a))))(script)(script)(div)(script)(script)(script)(script)(script)(script)(div))
69,https://aiaimbra.weebly.com,b9268665ca1409375082fc1090e280592733cb4319d60110020371a59fe60b7d,website/source/year=2026/month=3/day=27/1774642510-b9268665ca1409375082fc1090e280592733cb4319d60110020371a59fe60b7d/desktop-1774642510.b9268665ca1409375082fc1090e280592733cb4319d60110020371a59fe60b7d.png,LOGIN_FORM_MALICIOUS,(body(div(div(div(a(span))(div(span(span)(span(span))))(span(form(input)(span(span)))))(div(div(div(div(div(div(div(div(div(form(div(ul(div(div(div(table(tbody(tr(td(div))(td(div(div(label(span))(div(input))(div))))(td(div))))))))(div(div(div(table(tbody(tr(td(div))(td(div(div(label(span))(div(input))(div))))(td(div))))))))(div(div(div(table(tbody(tr(td(div))(td(div(div(label(span))(div(input))(div))))(td(div))))))))))(div(input))(div(input)(input)(input)(input)(input)(a(span))))(iframe)(div))))))(div))))))(div(div(div(ul(li(a))))))(div(div(div(div(div(div(div)))))))(div(div(div(style)(script)(script)))))(div(a(span))(ul(li(a))))(script)(script)(div)(script)(script)(script)(script)(script)(script)(div))
70,https://airmilesprogram.weebly.com,2513f49b9419648306215889657fbf059686279c7521dc279fb95eb926d7c268,website/source/year=2026/month=3/day=20/1774038046-2513f49b9419648306215889657fbf059686279c7521dc279fb95eb926d7c268/desktop-1774038046.2513f49b9419648306215889657fbf059686279c7521dc279fb95eb926d7c268.png,LOGIN_FORM_MALICIOUS,(body(div(div(div(div(div(span(a(img))))(div(div(ul))(div(ul)))(div(div(a))(button)))))(div(div(div(div(div(div(div(div(div(div(a(img))(div)))(div(div(div(table(tbody(tr(td(div(form(div(ul(label(span))(div(div(label(span))(div(input))(div)))(div(div(label(span))(div(input))(div)))(div(div(label(span))(div(input))(div)))(div(div(label(span))(div(input))(div)))))(div(input))(div(input)(input)(input)(input)(input)(a(span))))(iframe)(div)))(td(div(div(a(img))(div))))))))))))))(div)))))(div(div(div(div(div(div(div)))))))(div(div(div(style)(script)(script)))))(div(ul))(div)(script)(script)(script)(script)(script)(div)(script)(script)(script)(script)(script)(script)(script))
71,https://airmileswebmailupdateapp.weebly.com,17acaeb3de3ca1693405b1c72bd7d8a56773d3d43e8dbab1c42729acbe8ff066,website/source/year=2026/month=3/day=31/1774988481-17acaeb3de3ca1693405b1c72bd7d8a56773d3d43e8dbab1c42729acbe8ff066/desktop-1774988481.17acaeb3de3ca1693405b1c72bd7d8a56773d3d43e8dbab1c42729acbe8ff066.png,LOGIN_FORM_MALICIOUS,(body(div(div(div(div(div(span(a(img))))(div(div(ul))(div(ul)))(div(div(a))(button)))))(div(div(div(div(div(div(div(div(div(div(div(table(tbody(tr(td(div(div(style)(div(div(div(div(div)(div(div(a(img))(div)))(div(form(div(ul(span)(span)(label(span))(div(div(label(span))(div(input))(div)))(div(div(label(span))(div(input))(div)))(div(div(label(span))(div(input))(div)))(div(div(label(span))(div(input))(div)))))(div(input))(div(input)(input)(input)(input)(input)(a(span))))(iframe)(div))))))(div)(script))))(td(div(div(a(img))(div))))))))))))))(div)))))(div(div(div(div(div(div(div)))))))(div(div(div(style)(script)(script)))))(div(ul))(div)(script)(script)(script)(script)(script)(div)(script)(script)(script)(script)(script)(script)(script))
72,https://ajioipfs.weebly.com,533311b5bd2849d7a80af8facda1b415a86827bc16371c19eadb527f6d73699c,website/source/year=2026/month=3/day=25/1774469711-533311b5bd2849d7a80af8facda1b415a86827bc16371c19eadb527f6d73699c/desktop-1774469711.533311b5bd2849d7a80af8facda1b415a86827bc16371c19eadb527f6d73699c.png,LOGIN_FORM_MALICIOUS,(body(div(div(div(div(div(span(span)(span(span))))(div(ul))(a(span)))))(div(div(div(div(div(div(div(table(tbody(tr(td(div))(td(font)(div(div(a(img))(div)))(div(font))(div(form(div(ul(label(span))(div(div(label(span))(div(input))(div)))(div(div(label(span))(div(input))(div)))))(div(input))(div(input)(input)(input)(input)(input)(a(span))))(iframe)(div)))(td(div))))))))(div(div(div(table(tbody(tr(td(div))(td(div))))))))(div)))))(div(style)(script)(script)))(div(ul))(script)(script)(div)(script)(script)(script)(script)(script)(script))
73,https://alertewcuclikupd.weebly.com,593b742c9f3d9541d2dad3d86396b4d0107e24a78a727edcd1582bd3ac22cf03,website/source/year=2026/month=3/day=9/1773087310-593b742c9f3d9541d2dad3d86396b4d0107e24a78a727edcd1582bd3ac22cf03/desktop-1773087310.593b742c9f3d9541d2dad3d86396b4d0107e24a78a727edcd1582bd3ac22cf03.png,LOGIN_FORM_MALICIOUS,(body(div(div(div(div(div(div(div(span(span)(span(span))))(div(div(span)))))))(div(div(div(div(div(div(div(div))))))(div(div(div(div(div(div(form(div(ul(label(span))(div(div(label(span))(div(input))(div)))(div(div(label(span))(div(input))(div)))))(div(input))(div(input)(input)(input)(input)(input)(a(span))))(iframe)(div)))))))(div(div(div(div(div(div))))))))(div(style)(script)(script)))(div(div(ul)))(div(div(div(div(ul))))(div)))(script)(script)(script)(div)(script)(script)(script)(script)(script)(script)(script))
74,https://alert-population-119076.framer.app,526d67a7a395940195a6142b3807e4ffa2870524aedf73c03a387913c2cf1897,website/source/year=2026/month=3/day=25/1774469711-526d67a7a395940195a6142b3807e4ffa2870524aedf73c03a387913c2cf1897/desktop-1774469711.526d67a7a395940195a6142b3807e4ffa2870524aedf73c03a387913c2cf1897.png,LOGIN_FORM_MALICIOUS,(body(script)(div(style)(div(form(label(div)(div(input)))(label(div)(div(input)))(div(button(div)))(input)(input)(input)(input)(input)(input)(input)(input)(input)(input)(input))(div(div(img)))(div(div(img)))(div)(div(div(img))))(div))(script)(script)(div(a(div)(div(div(div))(div))(div)(div)))(script)(script)(link)(link)(link)(link)(link)(link)(script)(div)(div(span)(button(svg(path)(path))))(iframe))
75,https://alive-copy-027752.framer.app,e2795f2d3323e9ef4ebd02b9b8bba0751119e9359b6cd64cae619133a3763caf,website/source/year=2026/month=3/day=4/1772655307-e2795f2d3323e9ef4ebd02b9b8bba0751119e9359b6cd64cae619133a3763caf/desktop-1772655307.e2795f2d3323e9ef4ebd02b9b8bba0751119e9359b6cd64cae619133a3763caf.png,LOGIN_FORM_MALICIOUS,(body(script)(div(style)(div(div(div(img)))(form(label(div))(label(div)(div(input)))(label(div)(div(input)))(div(button(div)))(input)(input)(input)(input)(input)(input)(input)(input)(input)(input)(input)))(div))(script)(script)(script)(div(a(div)(div(div(div))(div))(div)(div)))(script)(script)(link)(link)(link)(link)(link)(link)(script)(div)(div(span)(button(svg(path)(path))))(iframe))
76,https://allissonpincaya.wixsite.com/indec,90c10d52bc865b0d88a17a7e2808a6cdf41c39b2a29c4ebff75427c0731cc32e,website/source/year=2026/month=3/day=27/1774642511-90c10d52bc865b0d88a17a7e2808a6cdf41c39b2a29c4ebff75427c0731cc32e/desktop-1774642511.90c10d52bc865b0d88a17a7e2808a6cdf41c39b2a29c4ebff75427c0731cc32e.png,LOGIN_FORM_MALICIOUS,(body(script)(script)(script)(script)(script)(svg(defs))(div(div(div(span))(div(a(span(span(div(div(svg(g(path)(path)(path))(defs(clippath(rect)))))))(span))))(div(div(div(div(div)(div)))))(div(div(header(div)(div(div)(div(div(div(div(div(div(a(div(svg(path)(path)(text))))))))))))(main(div(div(div(div)(div(div(div(div(section(div(div)(div))(div(div(div(div(img)))(div(div(div(div(div(div(form(fieldset(div(div(div(div(div(label(span)))(div(div(div(div(input))))(div))))(div(div(div(label(span)))(div(div(div(div(input))))(div))))(div(div(div)(div(div(button(span)))))))(div(div))))))))))))))))))))))(footer(div)(div(div)(div(div(div)))))))(div(span))))(script)(script)(script)(script)(script)(script)(script)(script)(script)(link)(link)(link)(link)(script)(script)(script)(script)(script)(script)(script)(script)(script)(script)(script)(script)(script)(script)(script)(script)(script)(script)(script)(script)(link)(link)(script)(script)(script)(script)(script)(script)(script)(script)(script)(script))
77,https://ambiguous-answers-992007.framer.app,99ff0aa34a20a568886a5e745ee378c4efcd5485d235b06b61c8abdff62d2594,website/source/year=2026/month=3/day=22/1774210505-99ff0aa34a20a568886a5e745ee378c4efcd5485d235b06b61c8abdff62d2594/desktop-1774210505.99ff0aa34a20a568886a5e745ee378c4efcd5485d235b06b61c8abdff62d2594.png,LOGIN_FORM_MALICIOUS,(body(script)(div(style)(div(div(form(div(div(img)))(div)(label(div)(div(input)))(label(div)(div(input)))(label(div)(div(input)))(label(div)(div(input)))(label(div)(div(input)))(label(div)(div(input)))(label(div)(div(input)))(div(button(div)))(input)(input)(input)(input)(input)(input)(input)(input)(input)(input)(input))))(div))(script)(script)(div(a(div)(div(div(div))(div))(div)(div)))(script)(script)(link)(link)(link)(link)(link)(link)(script)(div)(iframe))
78,https://ambitious-psychology-882336.framer.app,d5d66fac7eead1e312765985f9d68683ad4e0fdb0de51dc1ae96bd83352a29eb,website/source/year=2026/month=3/day=30/1774901711-d5d66fac7eead1e312765985f9d68683ad4e0fdb0de51dc1ae96bd83352a29eb/desktop-1774901711.d5d66fac7eead1e312765985f9d68683ad4e0fdb0de51dc1ae96bd83352a29eb.png,LOGIN_FORM_MALICIOUS,(body(script)(div(style)(div(form(div(div(img)))(label(div)(div(input)))(label(div)(div(input)))(div(div(img)))(div(button(div)))(input))(div(div(img)))(div(div(img)))(div(div(img))))(div))(script)(script)(script)(div(a(div)(div(div(div))(div))(div)(div)))(script)(script)(link)(link)(link)(link)(link)(link)(link)(script)(div)(div(span)(button(svg(path)(path))))(iframe))
79,https://amendes-antai-gouv-infractions.s1124277.ha025.t.mydomain.zone/data/amendes/redirect,2bae0f60f66193d60ac6d55b08ad39f22a3bbb55ed998bf8697c5b627c1f1b9b,website/source/year=2026/month=3/day=5/1772741707-2bae0f60f66193d60ac6d55b08ad39f22a3bbb55ed998bf8697c5b627c1f1b9b/desktop-1772741707.2bae0f60f66193d60ac6d55b08ad39f22a3bbb55ed998bf8697c5b627c1f1b9b.png,LOGIN_FORM_MALICIOUS,(body(div(div(div))(div))(header(span)(input)(span))(main(article(header(a)))(article(header(a)))(article(header(a)))(article(header(a)))(article(header(a)))(article(header(a)))(article(header(a)))(article(header(a)))(article(header(a)))(article(header(a)))(article(header(a)))(article(header(a)))(article(header(a)))(article(header(a)))(article(header(a)))(article(header(a)))(article(header(a)))(article(header(a)))(article(header(a)))(article(header(a)))(article(header(a)))(article(header(a)))(article(header(a)))(article(header(a)))(article(header(a)))(article(header(a)))(article(header(a)))(article(header(a)))(article(header(a)))(article(header(a)))(article(header(a))))(aside(iframe))(script)(script)(script)(script)(script))
80,https://amusing-surface-516031.framer.app,3473bebfb2eebb54dadfbbc3446bb0be3a273eed49cf1353dc82b0b4aa767fb9,website/source/year=2026/month=3/day=7/1772914507-3473bebfb2eebb54dadfbbc3446bb0be3a273eed49cf1353dc82b0b4aa767fb9/desktop-1772914507.3473bebfb2eebb54dadfbbc3446bb0be3a273eed49cf1353dc82b0b4aa767fb9.png,LOGIN_FORM_MALICIOUS,(body(script)(div(style)(div(div(div(img)))(div)(div(div(img)))(form(label(div)(div(input)))(label(div)(div(input)))(div(button(div)))(input)(input)(input)(input)(input)(input)(input)(input)(input)(input)(input))(div(div(img)))(div))(div))(script)(script)(div(a(div)(div(div(div))(div))(div)(div)))(script)(script)(link)(link)(link)(link)(link)(link)(script)(div)(iframe))
81,https://amxxxxxxvxx.weebly.com,53a304b88240f1b6fd351dd1de2d78ee61566e34e1a84fc6b3fcd4498609bb3e,website/source/year=2026/month=3/day=5/1772742199-53a304b88240f1b6fd351dd1de2d78ee61566e34e1a84fc6b3fcd4498609bb3e/desktop-1772742199.53a304b88240f1b6fd351dd1de2d78ee61566e34e1a84fc6b3fcd4498609bb3e.png,LOGIN_FORM_MALICIOUS,(body(div(div(div(div(a(span))(div(span(span)(span(span))))(div(div(div(ul(li(a))(li(a))(li(a))(li(a))(li(a)))(div)))))))(div(div(div(div(div(div(div(div(form(div(ul(font)(label(span))(div(div(label(span))(div(input))(div)))(div(div(label(span))(div(input))(div)))(div(div(label(span))(div(input))(div)))(div(div(label(span))(div(input))(div)))))(div(input))(div(input)(input)(input)(input)(input)(a(span))))(iframe)(div)))))))))(div(div(style)(script)(script))))(div(a(span))(ul(li(a))(li(a))(li(a))(li(a))(li(a))))(script)(script)(div)(script)(script)(script)(script)(script)(script)(div(a(div(div(span)(img)(span)(span(button)))))))
82,https://anahuac9.weebly.com,54a3d4e2d0f098a9b33b7041ba3fa39175d1e450b657ad5ea940a85c848ad4e2,website/source/year=2026/month=3/day=19/1773951717-54a3d4e2d0f098a9b33b7041ba3fa39175d1e450b657ad5ea940a85c848ad4e2/desktop-1773951717.54a3d4e2d0f098a9b33b7041ba3fa39175d1e450b657ad5ea940a85c848ad4e2.png,LOGIN_FORM_MALICIOUS,(body(div(div(div(div(div(span(span)(span(span))))(div(ul))(a(span)))))(div(div(div(div(div(div(div(div(div(a(img))(div)))(div(form(div(ul(label(span))(div(div(label(span))(div(input))(div)))(div(div(label(span))(div(input))(div)))))(div(input))(div(input)(input)(input)(input)(input)(a(span))))(iframe)(div)))))))))(div(div(div(style)(script)(script)))))(div(a(span))(ul))(script)(script)(div)(script)(script)(script)(script)(script)(script))
83,https://anbel5668top.weebly.com,b9e38a277a764f0faa24e254386949f5da6ce2853e482a765be35651cd4ab160,website/source/year=2026/month=3/day=25/1774469711-b9e38a277a764f0faa24e254386949f5da6ce2853e482a765be35651cd4ab160/desktop-1774469711.b9e38a277a764f0faa24e254386949f5da6ce2853e482a765be35651cd4ab160.png,LOGIN_FORM_MALICIOUS,(body(div(div(div(div(span)))(div(span(span)(span(span))))(div(a(span))))(div(ul))(div(div(div(ul))))(div(div))(div(div)))(div(div(div(div(div(div(div(div(table(tbody(tr(td(div))(td(div(div(style)(div(div(div(div(div)(div(div(a(img))(div)))(div(div(div(table(tbody(tr(td(div))(td(div(form(div(ul(div(div(label(span))(div(input))(div)))(div(div(label(span))(div(input))(div)))))(div(input))(div(input)(input)(input)(input)(input)(a(span))))(iframe)(div)))(td(div))))))))(div(div)(a(span(span)))(div))))))(div)(script))))(td(div))))))))))))(div(style)(script)(script)))(div)(script)(script)(div)(script)(script)(script)(script)(script)(script))
84,https://angelic-topic-463279.framer.app,b7db804bb36d2d3e5e0b1eaf639a8b723de6b47e2087b309a7848dbc081c0edc,website/source/year=2026/month=3/day=2/1772482509-b7db804bb36d2d3e5e0b1eaf639a8b723de6b47e2087b309a7848dbc081c0edc/desktop-1772482509.b7db804bb36d2d3e5e0b1eaf639a8b723de6b47e2087b309a7848dbc081c0edc.png,LOGIN_FORM_MALICIOUS,(body(script)(div(style)(div(div(div(img))(form(label(div)(div(input)))(label(div)(div(input)))(label)(div(button(div)))(input)(input)(input)(input)(input)(input)(input)(input)(input)(input)(input)))(div(div(img))))(div))(script)(script)(script)(div(a(div)(div(div(div))(div))(div)(div)))(script)(script)(link)(link)(link)(link)(link)(link)(script)(div)(div(span)(button(svg(path)(path))))(iframe))
85,https://angelsalvatierravallhebroncat.weebly.com,2a301a91975bca96d797aef419fdb00a1dc298793a7cef855fe17735b92c096c,website/source/year=2026/month=3/day=25/1774469712-2a301a91975bca96d797aef419fdb00a1dc298793a7cef855fe17735b92c096c/desktop-1774469712.2a301a91975bca96d797aef419fdb00a1dc298793a7cef855fe17735b92c096c.png,LOGIN_FORM_MALICIOUS,(body(div(div(div(div(span)(span)(span)))(div(span(span)(span(span)))))(div(div(div(ul(li(a))))(div(div(div(div(div(div(div(div(div(div(table(tbody(tr(td(div))(td(div(form(div(ul(div)(div(div(label(span))(div(input))(div)))(div(div(label(span))(div(input))(div)))(div(div(label(span))(div(input))(div)))(div(div(label(span))(div(input))(div)))(div)))(div(input))(div(input)(input)(input)(input)(input)(a(span))))(iframe)(div)))(td(div))))))))))))))))(div(div(style)(script)(script))))(div(div(div(div(ul(li(a))))))))(script)(script)(script)(div)(script)(script)(script)(script)(script)(script)(div)(div(a(div(div(span)(img)(span)(span(button)))))))
86,https://apgfcucom.weebly.com,08d7b2ed0a590a956c594498426af8ddf2b6d7ea85d431b832d9c1203f5479ea,website/source/year=2026/month=3/day=27/1774642505-08d7b2ed0a590a956c594498426af8ddf2b6d7ea85d431b832d9c1203f5479ea/desktop-1774642505.08d7b2ed0a590a956c594498426af8ddf2b6d7ea85d431b832d9c1203f5479ea.png,LOGIN_FORM_MALICIOUS,(body(div(div(div(div(div(div(div(span(span)(span(span))))(div(div(span)))))))(div(div(div(div(div(div(div(div(div(a(img))(div)))(div(div(style)(div(div(div(div(div)(div(form(div(ul(label(span))(div(div(label(span))(div(input))(div)))(div(div(label(span))(div(input))(div)))(div(div(label(span))(div(span(input)(label)))(div)))))(div(input))(div(input)(input)(input)(input)(input)(a(span))))(iframe)(div))(div)(div(font(a)))))))(div)(script)))(div(div(a(img))(div))))))))))(div(style)(script)(script)))(div(div(ul)))(div(div(ul))(div)))(script)(script)(script)(div)(script)(script)(script)(script)(script)(script))
87,https://apparent-takeaways-817937.framer.app,b845cfbfb7bbb046058b9834c1f93ebf7cf69666a5277fb36219604944c3ce11,website/source/year=2026/month=3/day=22/1774210506-b845cfbfb7bbb046058b9834c1f93ebf7cf69666a5277fb36219604944c3ce11/desktop-1774210506.b845cfbfb7bbb046058b9834c1f93ebf7cf69666a5277fb36219604944c3ce11.png,LOGIN_FORM_MALICIOUS,(body(script)(div(style)(div(div(div(img))(form(label(div)(div(input)))(label(div)(div(input)))(div(button(div)))(input)(input)(input)(input)(input)(input)(input)(input)(input)(input)(input)))(div(div(img)))(div(div(img))))(div))(script)(script)(script)(div(a(div)(div(div(div))(div))(div)(div)))(script)(script)(link)(link)(link)(link)(link)(link)(link)(script)(div)(div(span)(button(svg(path)(path))))(iframe))
88,https://appp5srckspcew3bmalllintoadmscprurlreadillywilling.weebly.com,f47c50693f44f942ee5c547fc051c93d99e8b842f69e3a78fff7a98c1a470cfe,website/source/year=2026/month=3/day=15/1773605708-f47c50693f44f942ee5c547fc051c93d99e8b842f69e3a78fff7a98c1a470cfe/desktop-1773605708.f47c50693f44f942ee5c547fc051c93d99e8b842f69e3a78fff7a98c1a470cfe.png,LOGIN_FORM_MALICIOUS,(body(div(div(div(div(div(div(div(div(div(a(img))(div)))(div(div(div(table(tbody(tr(td(div(div(a(img))(div))))(td(div(form(div(ul(label(span))(div(div(label(span))(div(input))(div)))(div(div(label(span))(div(input))(div)))))(div(input))(div(input)(input)(input)(input)(input)(a(span))))(iframe)(div)))))))))(div)(div)(div)(div)(div)(div))))))))(div)(div(div(style)(script)(script)))(div(div(div(div(ul)))))(script)(script)(script)(div(span))(div)(script)(style)(script)(script)(script)(script)(script))
89,https://aqeopimntu.weebly.com,a2f1a93a14454ad6312151beb19842bf679b4f80bc35ca751093b0fa762f994c,website/source/year=2026/month=3/day=27/1774642509-a2f1a93a14454ad6312151beb19842bf679b4f80bc35ca751093b0fa762f994c/desktop-1774642509.a2f1a93a14454ad6312151beb19842bf679b4f80bc35ca751093b0fa762f994c.png,LOGIN_FORM_MALICIOUS,(body(div(div(div(div(div(div(div(span(span)(span(span))))(div(div(span)))))))(div(div(div(div(div(div(div(div(div(div(table(tbody(tr(td(div))(td(div)(div)(div)(div)(div(form(div(ul(div(div(label(span))(div(input))(div)))(div(div(label(span))(div(input))(div)))))(div(input))(div(input)(input)(input)(input)(input)(a(span))))(iframe)(div)))(td(div))))))))(div))))))(div(div(div(div(div)))))))(div(style)(script)(script)))(div(div(ul(li(a)))))(div(div(div(div(ul(li(a))))))(div)))(script)(script)(script)(div)(script)(script)(script)(script)(script)(script)(script)(div))
90,https://arizonalink.weebly.com,681ed7bb1c894bb20fbbde2da8dba4bcd50500a8340ccfd72e3c6edd79a50098,website/source/year=2026/month=3/day=8/1773000906-681ed7bb1c894bb20fbbde2da8dba4bcd50500a8340ccfd72e3c6edd79a50098/desktop-1773000906.681ed7bb1c894bb20fbbde2da8dba4bcd50500a8340ccfd72e3c6edd79a50098.png,LOGIN_FORM_MALICIOUS,(body(div(div(div(div(span)))(div(span(a(img))))(div(a(span))))(div(ul(li(a))))(div(div(div(ul(li(a))))))(div(div))(div(div)))(div(div(div(div(div(div(div(div(div(div(font))(div(form(div(ul(label(span))(div(div(label(span))(div(input))(div)))(div(div(label(span))(div(input))(div)))(div(div(label(span))(div(input))(div)))(div(div(label(span))(div(input))(div)))(div(div(label(span))(div)(div(input))(div))(div))))(div(input))(div(input)(input)(input)(input)(input)(a(span))))(iframe)(div))))))(div)))))(div(div(div(div(div(div(div)))))))(div(style)(script)(script)))(div)(script)(script)(div)(script)(script)(script)(script)(script)(script)(script)(div))
91,https://artsy-difference-982409.framer.app,fa91263ba18837d08d18126c1e289e5258b12eb318b90e73db17c1bedc3b9bed,website/source/year=2026/month=3/day=22/1774210505-fa91263ba18837d08d18126c1e289e5258b12eb318b90e73db17c1bedc3b9bed/desktop-1774210505.fa91263ba18837d08d18126c1e289e5258b12eb318b90e73db17c1bedc3b9bed.png,LOGIN_FORM_MALICIOUS,(body(script)(div(style)(div(div)(div)(div(span))(div(div(img)))(form(label(div(input)))(label(div(input)))(div(button(div)))(input)(input)(input)(input)(input)(input)(input)(input)(input)(input)(input)))(div))(script)(script)(div(a(div)(div(div(div))(div))(div)(div)))(script)(script)(link)(link)(link)(link)(link)(link)(script)(div)(div(span)(button(svg(path)(path))))(iframe))
92,https://ascenttechnicals.com/s/login.html,542a10b8a413eb82688fc1b88c1212a3d8eba4d254865a79e01bd08aeea2e05f,website/source/year=2026/month=3/day=19/1773951311-542a10b8a413eb82688fc1b88c1212a3d8eba4d254865a79e01bd08aeea2e05f/desktop-1773951311.542a10b8a413eb82688fc1b88c1212a3d8eba4d254865a79e01bd08aeea2e05f.png,LOGIN_FORM_MALICIOUS,(body(style)(header(a(img)))(div(div(div(picture(source)(source)(source)(source)(source)(img))(div(div(div(a)(div(form(input)(input)(input)(input)(div(div(label)(input))(div(label)(div(input))))(div(div(input)(label(span))))(div(button)))(div(ul(li(a))(li(a))(li(button))(li(button))))))(div(div(a))))(div(div(div(picture(source)(img)))(div(div(figure(img))(div(span)(span)))(div(a(img)(div(span)(span)))(a(img)(div(span)(span))))))))))(div(div(div(div(button)(div)(div(a))))))(div(div(div(div(button)(div)(div(a)(a)))))))(script)(script)(iframe)(footer(div(nav(details(summary(span))(ul(li(a))(li(a))(li(a))(li(a))(li(a))(li(a))(li(a))(li(a))))(details(summary(span))(ul(li(a))(li(a))(li(a))(li(a))(li(a))(li(a))(li(a))(li(a))))(details(summary(span))(ul(li(a))(li(a))(li(a))(li(a))(li(a))(li(a))(li(a))))(details(summary(span))(ul(li(a))(li(a))(li(a))))(details(summary(span))(ul(li(a))(li(a)))))(nav(ul(li(a))(li(a))(li(a))(li(a))(li(a))(li(a))(li(a))(li(a))))))(style)(script)(style)(footer(div(nav(details(summary(span))(ul(li(a))(li(a))(li(a))(li(a))(li(a))(li(a))(li(a))(li(a))))(details(summary(span))(ul(li(a))(li(a))(li(a))(li(a))(li(a))(li(a))(li(a))(li(a))))(details(summary(span))(ul(li(a))(li(a))(li(a))(li(a))(li(a))(li(a))(li(a))))(details(summary(span))(ul(li(a))(li(a))(li(a))))(details(summary(span))(ul(li(a))(li(a)))))(nav(a)(ul(li(a))(li(a))(li(a))))(nav(ul(li(a))(li(a))(li(a))(li(a))(li(a))(li(a))(li(a))(li(a))))))(script)(style)(div(div(div(a)(a)(ul(li)(li))(a))(div(button)(button)(button))))(script))
93,https://assistancesosh.wixsite.com/my-site-1,524aa7467f538348f37c725b0692734417e15b4b3f92b903138ca18f4caf4ed7,website/source/year=2026/month=3/day=19/1773951706-524aa7467f538348f37c725b0692734417e15b4b3f92b903138ca18f4caf4ed7/desktop-1773951706.524aa7467f538348f37c725b0692734417e15b4b3f92b903138ca18f4caf4ed7.png,LOGIN_FORM_MALICIOUS,(body(script)(script)(script)(script)(script)(svg(defs))(div(div(div(span))(div(a(span(span(div(div(svg(g(path)(path)(path))(defs(clippath(rect)))))))(span))))(div(div(div(div(div)(div)(div)))))(div(div(header(div(div))(div(div(div))(div(div(div(div(div(img))))))))(main(div(div(div(div)(div(div(div(div(div(div(div(form(div(div(div(span(span(span))))(div(div(input)))(div(div(input)))(div(button(span)))))))))(div(div(img)))(div(div(img)))(div)))))))))(div(div(div(div))))(footer(div(div))(div(div(div))(div(div(div)))))))(div(span))))(script)(script)(script)(script)(script)(script)(script)(script)(script)(link)(link)(link)(link)(script)(script)(script)(script)(script)(script)(script)(script)(script)(script)(script)(script)(script)(script)(script)(script)(script)(script)(script)(script)(script)(script)(script)(script)(script)(script)(script)(script)(script)(script))
94,https://asst-valleolona.weebly.com,31fbf470156b903e191ab7fcd6a12e35e1c1841d81781a0ba699e3fd4192cd21,website/source/year=2026/month=3/day=18/1773864906-31fbf470156b903e191ab7fcd6a12e35e1c1841d81781a0ba699e3fd4192cd21/desktop-1773864906.31fbf470156b903e191ab7fcd6a12e35e1c1841d81781a0ba699e3fd4192cd21.png,LOGIN_FORM_MALICIOUS,(body(div(div(div(div(span(a(img))))(a(span))(div(div(div)(ul(li(a)))))))(div(div(div(div(div(div(div(div(form(div(ul(font)(div(div(div(table(tbody(tr(td(div))(td(div(div(label(span))(div(input))(div))))))))))(div(div(div(table(tbody(tr(td(div))(td(div(div(label(span))(div(input))(div))))))))))(div(div(div(table(tbody(tr(td(div))(td(div(div(label(span))(div(input))(div))))))))))(div(div(div(table(tbody(tr(td(div))(td(div(div(label(span))(div(input))(div))))))))))))(div(input))(div(input)(input)(input)(input)(input)(a(span))))(iframe)(div)))))))))(div))(div(div(style)(script)(script)))(div(div(div(div(ul(li(a)))))))(script)(script)(script)(div)(script)(script)(script)(script)(script)(script)(div)(div(a(div(div(span)(img)(span)(span(button)))))))
95,https://asuportal.weebly.com,e7ae4f6ced1b3a5281dddb9ebf28365180f34b51ad1e0fc7fff4a19aa808bc75,website/source/year=2026/month=3/day=7/1772914507-e7ae4f6ced1b3a5281dddb9ebf28365180f34b51ad1e0fc7fff4a19aa808bc75/desktop-1772914507.e7ae4f6ced1b3a5281dddb9ebf28365180f34b51ad1e0fc7fff4a19aa808bc75.png,LOGIN_FORM_MALICIOUS,(body(div(div(div(div(span)))(div(span(a(img))))(div(a(span))))(div(ul(li(a))))(div(div(div(ul(li(a))))))(div(div))(div(div)))(div(div(div(div(div(div(div(div(div(div(font))(div(form(div(ul(label(span))(div(div(label(span))(div(input))(div)))(div(div(label(span))(div(input))(div)))(div(div(label(span))(div(input))(div)))(div(div(label(span))(div(input))(div)))(div(div(label(span))(div)(div(input))(div))(div))))(div(input))(div(input)(input)(input)(input)(input)(a(span))))(iframe)(div))))))(div)))))(div(div(div(div(div(div(div)))))))(div(style)(script)(script)))(div)(script)(script)(div)(script)(script)(script)(script)(script)(script)(script)(div))
96,https://attrequireienfo.weebly.com,bf4cbb05941d76db7f814e2655e229ea91f496f1f3d707481ad77dda7a14a47a,website/source/year=2026/month=3/day=11/1773260111-bf4cbb05941d76db7f814e2655e229ea91f496f1f3d707481ad77dda7a14a47a/desktop-1773260111.bf4cbb05941d76db7f814e2655e229ea91f496f1f3d707481ad77dda7a14a47a.png,LOGIN_FORM_MALICIOUS,(body(div(div(div(div(div(span(a(span))))(div(div(ul(li(a))))(div(ul(li(a)))))(div(div(a))(button)))))(div(div(div(div(div(div(div(div(div(div(a(img))(div)))(div(form(div(ul(label(span))(div(div(label(span))(div(input))(div)))(div(div(label(span))(div(input))(div)))))(div(input))(div(input)(input)(input)(input)(input)(a(span))))(iframe)(div))(div(div(a(img))(div)))))))(div)))))(div(div(div(div(div(div(div(div)(div)(div(div(div(table(tbody(tr(td(div))(td(div))))))))(div)(div)(div(div(div(table(tbody(tr(td(div))(td(div))))))))(div)(div)(div)(div))))))))(div(div(div(style)(script)(script)))))(div(ul(li(a))))(div)(script)(script)(script)(script)(script)(div)(script)(script)(script)(script)(script)(script)(script)(div))
97,https://attttxcvhh.weebly.com,4d30b00a447f5e6a3ddd2061e806fb9177ec22179106ff324d232370a456579f,website/source/year=2026/month=3/day=20/1774038046-4d30b00a447f5e6a3ddd2061e806fb9177ec22179106ff324d232370a456579f/desktop-1774038046.4d30b00a447f5e6a3ddd2061e806fb9177ec22179106ff324d232370a456579f.png,LOGIN_FORM_MALICIOUS,(body(div(div(div(div(span)))(div(span(span)(span(span))))(div(a(span))))(div(ul))(div(div(div(ul))))(div(div))(div(div)))(div(div(div(div(div(div(div(div(div(div(form(div(ul(div(div(a(img))(div)))(label(span))(div(div(label(span))(div(input))(div)))(div(div(label(span))(div(input))(div)))))(div(input))(div(input)(input)(input)(input)(input)(a(span))))(iframe)(div))))))(div)))))(div(div(div(div(div(div(div)))))))(div(style)(script)(script)))(div)(script)(script)(div)(script)(script)(script)(script)(script)(script)(script))
98,https://auoutlookworkmail.weebly.com,a0438ffd6f166375926bfdbb5ddb98fbc8ab583315780d4dadfbef914a716749,website/source/year=2026/month=3/day=22/1774210506-a0438ffd6f166375926bfdbb5ddb98fbc8ab583315780d4dadfbef914a716749/desktop-1774210506.a0438ffd6f166375926bfdbb5ddb98fbc8ab583315780d4dadfbef914a716749.png,LOGIN_FORM_MALICIOUS,(body(div(div(div(div(span)))(div(span(a(span))))(div(a)(a(span))))(div(ul(li(a))(li(a))(li(a))(li(a))(li(a))))(div(div(div(ul(li(a))(li(a))(li(a))(li(a))(li(a))))))(div(div(span(form(input)(span(span))))))(div(div)))(div(div(div(div(div(div(div(div(div(div(form(div(ul(div(div(a(img))(div)))(label(span))(div(div(label(span))(div(input))(div)))(div(div(label(span))(div(input))(div)))(div(div(label(span))(div(input))(div)))))(div(input))(div(input)(input)(input)(input)(input)(a(span))))(iframe)(div))))))(div)))))(div(div(div(div(div(div(div(div))))))(div(div(div(div(div)))))))(div(style)(script)(script)))(div)(script)(script)(div)(script)(script)(script)(script)(script)(script)(div)(div(a(div(div(span)(img)(span)(span(button)))))))
99,https://authentic-daffodil-409702.framer.app,b61b14624d8f7cf6c856db3467bfe571681c39d5c8e2d73b63716a1e48f28ff7,website/source/year=2026/month=3/day=3/1772568911-b61b14624d8f7cf6c856db3467bfe571681c39d5c8e2d73b63716a1e48f28ff7/desktop-1772568911.b61b14624d8f7cf6c856db3467bfe571681c39d5c8e2d73b63716a1e48f28ff7.png,LOGIN_FORM_MALICIOUS,(body(script)(div(style)(div(div(form(div(div(img)))(div)(div)(div)(label(div(input)))(label(div(input)))(label(div(input)))(div(button(div)))(input)(input)(input)(input)(input)(input)(input)(input)(input)(input)(input))))(div))(script)(script)(div(a(div)(div(div(div))(div))(div)(div)))(script)(script)(link)(link)(link)(link)(link)(link)(script)(div)(div(span)(button(svg(path)(path))))(iframe))
100,https://authentic-line-548045.framer.app,6ec2405f1305cac46fbd02c525d1480e3b68e9d97487de1bca8a523f40e0e08b,website/source/year=2026/month=3/day=3/1772568911-6ec2405f1305cac46fbd02c525d1480e3b68e9d97487de1bca8a523f40e0e08b/desktop-1772568911.6ec2405f1305cac46fbd02c525d1480e3b68e9d97487de1bca8a523f40e0e08b.png,LOGIN_FORM_MALICIOUS,(body(script)(div(style)(div(div(div(img)))(div(div(img)))(div(div(img)))(form(label(div)(div(input)))(label(div)(div(input)))(div(div(button(div))))(input)(input)(input)(input)(input)(input)(input)(input)(input)(input)(input)))(div))(script)(script)(div(a(div)(div(div(div))(div))(div)(div)))(script)(script)(link)(link)(link)(link)(link)(link)(script)(div)(div(span)(button(svg(path)(path))))(iframe))
101,https://authentificationunivlille.weebly.com,7d64957ab93f4340a25e118cbecb1d5f80baefbe4876833cfa8efe3117b0779e,website/source/year=2026/month=3/day=1/1772396491-7d64957ab93f4340a25e118cbecb1d5f80baefbe4876833cfa8efe3117b0779e/desktop-1772396491.7d64957ab93f4340a25e118cbecb1d5f80baefbe4876833cfa8efe3117b0779e.png,LOGIN_FORM_MALICIOUS,(body(div(div(div(div(div(span(a(img))))(div(div(ul(li(a))))(div(ul(li(a)))))(div(div(a))(button)))))(div(div(div(div(div(div(div(div(div(form(div(ul(label(span))(div(div(label(span))(div(input))(div)))(div(div(label(span))(div(input))(div)))))(div(input))(div(input)(input)(input)(input)(input)(a(span))))(iframe)(div))))))(div)))))(div(div(div(div(div(div(div)))))))(div(div(div(style)(script)(script)))))(div(ul(li(a))))(div)(script)(script)(script)(script)(script)(div)(script)(script)(script)(script)(script)(script)(div)(div(a(div(div(span)(img)(span)(span(button)))))))
102,https://auth-mail-sonic-net-html.framer.website,b086fed37d5656fbac58c17a8cc852867d9aeb5d0069cdf8429745cf6f9f2617,website/source/year=2026/month=3/day=22/1774210505-b086fed37d5656fbac58c17a8cc852867d9aeb5d0069cdf8429745cf6f9f2617/desktop-1774210505.b086fed37d5656fbac58c17a8cc852867d9aeb5d0069cdf8429745cf6f9f2617.png,LOGIN_FORM_MALICIOUS,(body(script)(div(style)(div(div(div(img)))(form(label(div(input)))(label(div(input)))(div(button(div)))(div(a)(a)(a))(label(input)(div))(input)(input)(input)(input)(input)(input)(input)(input)(input)(input)(input)))(div))(script)(script)(div(a(div)(div(div(div))(div))(div)(div)))(script)(script)(link)(link)(link)(link)(link)(link)(script)(div)(iframe))
103,https://authuni.weebly.com,ebf9b506501e0d4c018c81f57f6829a31d5961967eff867fc0a3bbf77b13954f,website/source/year=2026/month=3/day=27/1774642908-ebf9b506501e0d4c018c81f57f6829a31d5961967eff867fc0a3bbf77b13954f/desktop-1774642908.ebf9b506501e0d4c018c81f57f6829a31d5961967eff867fc0a3bbf77b13954f.png,LOGIN_FORM_MALICIOUS,(body(div(div(div(div(a(span))(div(span(span)(span(span))))(div(ul(li(a))))(div(span))))(div))(div(div(div(div(div(div(div(div(div(a(img))(div)))(div(div(div(table(tbody(tr(td(div))(td(div(form(div(ul(font)(div(div(label(span))(div(input))(div)))(div(div(label(span))(div(input))(div)))))(div(input))(div(input)(input)(input)(input)(input)(a(span))))(iframe)(div)))(td(div))))))))(div))))))))(div(div(div(style)(script)(script)))))(div(a(span))(ul(li(a))))(script)(script)(div)(script)(script)(script)(script)(script)(script)(div(a(div(div(span)(img)(span)(span(button)))))))
104,https://axcordaaaumkakakaokao.weebly.com,2216a9c2a16717230378786604ebf3db893557a399fe5d78ad47324ff173d096,website/source/year=2026/month=3/day=27/1774642505-2216a9c2a16717230378786604ebf3db893557a399fe5d78ad47324ff173d096/desktop-1774642505.2216a9c2a16717230378786604ebf3db893557a399fe5d78ad47324ff173d096.png,LOGIN_FORM_MALICIOUS,(body(div(div(div(div(div(div(div(span(span)(span(span))))(div(div(span)))))))(div(div(div(div(div(div(div(div(form(div(ul(div(div(div(table(tbody(tr(td(div))(td(div)(div(div(label(span))(div(input))(div)))(div(div(label(span))(div(input))(div))))(td(div))))))))))(div(input))(div(input)(input)(input)(input)(input)(a(span))))(iframe)(div)))))))(div(div(div(div(div)))))))(div(style)(script)(script)))(div(div(ul(li(a)))))(div(div(ul(li(a))))(div)))(script)(script)(script)(div)(script)(script)(script)(script)(script)(script)(script)(div))
105,https://azionekivofrance.shop,dd79930b96e6e792ba8b8f98867dbf4d8e5da7acb168ed1b23ca33e33be1c207,website/source/year=2026/month=3/day=20/1774037705-dd79930b96e6e792ba8b8f98867dbf4d8e5da7acb168ed1b23ca33e33be1c207/desktop-1774037705.dd79930b96e6e792ba8b8f98867dbf4d8e5da7acb168ed1b23ca33e33be1c207.png,LOGIN_FORM_MALICIOUS,(body(div(div(button(svg(path)))))(script)(div(a)(header(div(div(div)(div(a)(div(a)))(nav(ul(li(a))(li(a))(li(a))(li(a))(li(a))))(div(a)(button)(button))(nav(div(div(ul(li(a))(li(a)(ul(li(a))(li(a))))(li(a))(li(a))(li(a))))(div(div(div)(ul(li(a))))))(div(a)(a)))(script)))(nav(div(ul(li(a))(li(a)(ul(li(a))(li(a))))(li(a))(li(a))(li(a)))(div(button)(div(div(ul(li(a))))))(div(a)(a))))(script)(script)(div))(div(script)(script)(script)(section(img)(div(main(div(div(div(div(div)(div(div))(div(div(div(span))(div(span))(div(span))))(div(div))))(div(div(div(div(div(style)(div(form(div(input))(div)(div(input))(div)(div(input))(div)(div(input))(div)(div(button(table(tbody(tr(td(img))(td)))))(input))(div)(div(input)(label(a)(a)))(div)(button))(div)(ul(li)(li)))(script)))(div(a)(a))))))))))(div(div(ul(li(img))(li(img))(li(img))(li(img))(li(img))(li(img))(li(img))(li(img)))))(section(div(div(div(div(img)(div)(figure(svg(path)(use))(blockquote)(figcaption(span)))))(div(div(div))(dl(div(dt)(dd))(div(dt)(dd)))(div(a(span)))))))(section(div(svg(defs(pattern(path)))(svg(path))(rect)))(div(div(div(div(div))))(div(img))(div(div(div)))))(section(img)(div(div(div))(div(dl(div(dt)(dd))(div(dt)(dd))(div(dt)(dd))(div(dt)(dd))(div(dt)(dd))(div(dt)(dd))))(div(a))))(section(div(div)(div(div(div))(div(a(div(span)(div)))(a(div(span)(div)))(a(div(span)(div)))))))(section(div(div(div(div(div))(img)(div(dl(div(dt)(dd))(div(dt)(dd))(div(dt)(dd)))))(div(div)))))(section(div(div))(div(div(img)(div(div))))(div(dl(div(dt)(dd))(div(dt)(dd))(div(dt)(dd)))))(section(img)(div(div(div(div(a)))(dl(div(dt)(dd))(div(dt)(dd))(div(dt)(dd))(div(dt)(dd))))))(section(div(div))(div)(div(div(ul(li(svg(path)))(li(svg(path)))(li(svg(path)))(li(svg(path)))(li(svg(path)))(li(svg(path)))(li(svg(path)))))(div(ul(li(svg(path)))(li(svg(path)))(li(svg(path)))(li(svg(path)))(li(svg(path)))(li(svg(path)))))))(div(div(div(svg(circle)(defs(radialgradient(stop)(stop))))(div(div)(div(a))))))(section(div)(div(div(blockquote)(div(img)(div)))(div(blockquote)(div(img)(div)))(div(blockquote)(div(img)(div)))(div(blockquote)(div(img)(div)))(div(blockquote)(div(img)(div)))(div(blockquote)(div(img)(div)))))(section(div(div(div(div(div(div(div)(div)(div))(div(div(a))))))(div(img)))))(section(div)(div(dl(div(dt)(dd(span)))(div(dt)(dd(span)))(div(dt)(dd(span)))(div(dt)(dd(span)))(div(dt)(dd(span))))))(section(div(div(svg(circle)(defs(radialgradient(stop)(stop))))(div(div(a)))(div(img))))))(footer(div(div(div(a)(div(a))(div(div(svg(path))(span))(div(a(svg(path)))(a(svg(path)))(a(svg(path)))))(ul(li(a))(li(a))(li(a))(li(a))(li(a))))(div(div(div(div(div)(div)(div(span)(span)))))))(div(div(ul(li)(li)(li))(a))(div(a))(div)(div(a))(div)(div(a)(a))(div)(div(div(div(ul(li(a))(li(a))(li(a))(li(a))(li(a))))(script)))))))(div)(div(div)(div)(div(div))(div(div(span)(span))(div(span)(span))(div(span)(span))(div(span)(span))(div(span)(span)))(div(div)(div)(div)))(div(div(div(div)(div)(div(svg(path))))(div)(div(div)(div(details(summary(span(span)(span(span(input)(label(span))))(span(svg(path)))))(div(span)))(details(summary(span(span)(span(input)(label(span)))(span(svg(path)))))(div(span)))(details(summary(span(span)(span(input)(label(span)))(span(svg(path)))))(div(span)(span)))(details(summary(span(span)(span(input)(label(span)))(span(svg(path)))))(div(span)))))(div(a)(a)(a)(a))(div)(div(button)(button)(button)(button)(a))(div(a)(a)(a)))(div(div(div)(div)(div(svg(path))))(div)(div(div)(div(details(summary(span(span)(span(span(input)(label(span))))(span(svg(path)))))(div(span)))(details(summary(span(span)(span(input)(label(span)))(span(svg(path)))))(div(span)))(details(summary(span(span)(span(input)(label(span)))(span(svg(path)))))(div(span)(span)))(details(summary(span(span)(span(input)(label(span)))(span(svg(path)))))(div(span)))))(div(a)(a)(a)(a))(div)(div(button)(button)(button)(button)(a))(div(a)(a)(a))))(div(button)(button))(script)(script)(script)(script)(script)(script)(script)(script)(script)(div))
106,https://b67uioplkjhgf.weebly.com,1b1f6720683b293d0bf610939413898e002b4c75294cc44c4d9a34615e0873e2,website/source/year=2026/month=3/day=27/1774642505-1b1f6720683b293d0bf610939413898e002b4c75294cc44c4d9a34615e0873e2/desktop-1774642505.1b1f6720683b293d0bf610939413898e002b4c75294cc44c4d9a34615e0873e2.png,LOGIN_FORM_MALICIOUS,(body(div(div(div(a(span))(div(span(span)(span(span))))(div(span)))(div(span(form(input)(span(span)))))(div(div(div(div(div(div(div(div(div(form(div(ul(div)(div(font))(div(div(div(table(tbody(tr(td(div))(td(div(div(label(span))(div(input))(div))))(td(div))))))))(div(div(div(table(tbody(tr(td(div))(td(div(div(label(span))(div(input))(div))))(td(div))))))))(div(div(div(table(tbody(tr(td(div))(td(div(div(label(span))(div(input))(div))))(td(div))))))))))(div(input))(div(input)(input)(input)(input)(input)(a(span))))(iframe)(div))))))(div))))))(div(div(div(ul(li(a))))))(div(div(div(div(div(div(div)))))))(div(div(div(style)(script)(script)))))(div(a(span))(ul(li(a))))(script)(script)(div)(script)(script)(script)(script)(script)(script)(div))
107,https://b891d0a8bc826374jsg.weebly.com,efd6dde4babfdfd19b5ddfcbe381731b5d2dcaf8f4aab76ed6a00acb51531488,website/source/year=2026/month=3/day=13/1773433333-efd6dde4babfdfd19b5ddfcbe381731b5d2dcaf8f4aab76ed6a00acb51531488/desktop-1773433333.efd6dde4babfdfd19b5ddfcbe381731b5d2dcaf8f4aab76ed6a00acb51531488.png,LOGIN_FORM_MALICIOUS,(body(div(div(div(div(span)))(div(span(span)(span(span))))(div(a(span))))(div(ul))(div(div(div(ul))))(div(div))(div(div)))(div(div(div(div(div(div(div(div(div(div(div(div(table(tbody(tr(td(div(div(a(img))(div))))(td(div(div(a(img))(div)))(div(form(div(ul(label(span))(div(div(label(span))(div(input))(div)))(div(div(label(span))(div(input))(div)))))(div(input))(div(input)(input)(input)(input)(input)(a(span))))(iframe)(div)))))))))))))(div)))))(div(div(div(div(div(div(div)))))))(div(style)(script)(script)))(div)(script)(script)(div)(script)(script)(script)(script)(script)(script)(div(a(div(div(span)(img)(span)(span(button)))))))
108,https://bafkreiee6x5xnq5opualm5jkihidyhq6sdalcth332rzls4gqegsuqj3bq.ipfs.dweb.link,eaae0c6c5df49243e4dca39a42675c0fbe7a3f3fc0251be9004ea2d2d93d672d,website/source/year=2026/month=3/day=15/1773605706-eaae0c6c5df49243e4dca39a42675c0fbe7a3f3fc0251be9004ea2d2d93d672d/desktop-1773605706.eaae0c6c5df49243e4dca39a42675c0fbe7a3f3fc0251be9004ea2d2d93d672d.png,LOGIN_FORM_MALICIOUS,(body(div)(div(div)(div(div(img)(div)(div)(div(button)))(div(img)(div)(div)(div(button)))(div(img)(div)(div)(div(button)))(div(img)(div)(div))))(div(div)(div)(div)(div(div(div))(div))(div(ul))(div))(div(div)(div(div(header(div(img)(div)(span(a)(div(a(span)(span)(span))(ul(li(a))(li(a))(li(a))(li(a))(li(a))(li(a))(li(a))(li(a))(li(a))(li(a))(li(a))(li(a)))))))(div(div(div(main(div(div(div(div)(div(form(div(div)(input)(div(div))(div(div(label)(div(a))(input)))(div(div(label(span)(def))(input)(div(a))))(div(div(label)(input)))(div(div(div(label(input)))))(div(div(div)(div)))(div(div(button)))))))(div(a))))))))(footer(div)(span)(div(span)(span))(div(span(a)))(div(span(a)))(div)))))(div(div)(div(span)))(div(iframe))(script)(noscript)(style)(style)(style)(style)(svg(defs(lineargradient(stop)(stop))(lineargradient(stop)(stop))))(div)(script))
109,https://bafybeiaknnskqi475cnahj5x4kjeonjbzyfejlrnieqtgdforzplreg6xu.ipfs.dweb.link,6ef0163ca3871a408697bdbfd3c3a86ba9bce8cf4819875ea7f4ae408727bf09,website/source/year=2026/month=3/day=1/1772396106-6ef0163ca3871a408697bdbfd3c3a86ba9bce8cf4819875ea7f4ae408727bf09/desktop-1772396106.6ef0163ca3871a408697bdbfd3c3a86ba9bce8cf4819875ea7f4ae408727bf09.png,LOGIN_FORM_MALICIOUS,(body(div(div(div(div(img)(span))(div(div(label))(div(input)))(div(div(label))(div(input))(img)))(div(div(input)))(div(span)))(div(iframe)))(script)(script)(script)(script)(script)(script)(script)(script))
110,https://bashful-conference-591302.framer.app,2581dc326677892ecf5093def1b6d43216537d88b5358ef0996f3120830198ac,website/source/year=2026/month=3/day=2/1772482510-2581dc326677892ecf5093def1b6d43216537d88b5358ef0996f3120830198ac/desktop-1772482510.2581dc326677892ecf5093def1b6d43216537d88b5358ef0996f3120830198ac.png,LOGIN_FORM_MALICIOUS,(body(script)(div(style)(div(div(div(img)))(svg(foreignobject))(svg(foreignobject))(form(label(div(input)))(label(div(input)))(div(button(div)))(input)))(div))(script)(script)(script)(div(a(div)(div(div(div))(div))(div)(div)))(script)(script)(link)(link)(link)(link)(link)(link)(link)(script)(div)(div(span)(button(svg(path)(path))))(iframe))
111,https://baucarshopee1458.weebly.com,46e3a60a327bb73d1a8335c68c43807191d6946b96e65a04be21fc1208b74237,website/source/year=2026/month=3/day=3/1772568912-46e3a60a327bb73d1a8335c68c43807191d6946b96e65a04be21fc1208b74237/desktop-1772568912.46e3a60a327bb73d1a8335c68c43807191d6946b96e65a04be21fc1208b74237.png,LOGIN_FORM_MALICIOUS,(body(div(div(div(div(span)))(div(span(a(img))))(div(a(span))))(div(ul(li(a))))(div(div(div(ul(li(a))))))(div(div))(div(div)))(div(div(div(div(div(div(div(div(div(div(div(a(img))(div)))(div(form(div(ul(font)(div(div(label(span))(div(select(option)(option)(option)(option)(option)(option)(option)(option)(option)(option)(option)(option)(option)(option)(option)(option)(option)(option)(option)(option)))(div)))(div(div(label(span))(div(input))(div)))(div(div(label(span))(div(input))(div)))(div(div(label(span))(div(input))(div)))))(div(input))(div(input)(input)(input)(input)(input)(a(span))))(iframe)(div))(div(div(a(img))(div)))(div(div)(div(table(tbody(tr(td(div(div(div(div(div(div(img))))(div(div(div(img))))(div(div(div(img))))(div(div(div(img))))(div(div(div(img))))(div(div(div(img))))))(div(div(span(span(span))(span)))(div(span(span(span))(span))))(div)(div(div(span(span(span))(span))))(div(div(span(span(span))(span))))))))))(script)(div))))))(div)))))(div(div(div(div(div(div(div)))))))(div(style)(script)(script)))(div)(script)(script)(div)(script)(script)(script)(script)(script)(script)(div)(div(a(div(div(span)(img)(span)(span(button)))))))
112,https://baucarshopee1462.weebly.com,d891a54a59cb15a5121f7a153896ac41ec368f16a7c176ea913b56c7ebd321de,website/source/year=2026/month=3/day=15/1773605710-d891a54a59cb15a5121f7a153896ac41ec368f16a7c176ea913b56c7ebd321de/desktop-1773605710.d891a54a59cb15a5121f7a153896ac41ec368f16a7c176ea913b56c7ebd321de.png,LOGIN_FORM_MALICIOUS,(body(div(div(div(div(span)))(div(span(a(img))))(div(a(span))))(div(ul(li(a))))(div(div(div(ul(li(a))))))(div(div))(div(div)))(div(div(div(div(div(div(div(div(div(div(div(a(img))(div)))(div(form(div(ul(font)(div(div(label(span))(div(select(option)(option)(option)(option)(option)(option)(option)(option)(option)(option)(option)(option)(option)(option)(option)(option)(option)(option)(option)(option)))(div)))(div(div(label(span))(div(input))(div)))(div(div(label(span))(div(input))(div)))(div(div(label(span))(div(input))(div)))))(div(input))(div(input)(input)(input)(input)(input)(a(span))))(iframe)(div))(div(div(a(img))(div)))(div(div)(div(table(tbody(tr(td(div(div(div(div(div(div(img))))(div(div(div(img))))(div(div(div(img))))(div(div(div(img))))(div(div(div(img))))(div(div(div(img))))))(div(div(span(span(span))(span)))(div(span(span(span))(span))))(div)(div(div(span(span(span))(span))))(div(div(span(span(span))(span))))))))))(script)(div))))))(div)))))(div(div(div(div(div(div(div)))))))(div(style)(script)(script)))(div)(script)(script)(div)(script)(script)(script)(script)(script)(script)(div)(div(a(div(div(span)(img)(span)(span(button)))))))
113,https://bcvhvvjk.weebly.com,4f31b0ccd47d93d795473bd3777937780be0cc4db22e42ed7a96ac925597c4cb,website/source/year=2026/month=3/day=18/1773864906-4f31b0ccd47d93d795473bd3777937780be0cc4db22e42ed7a96ac925597c4cb/desktop-1773864906.4f31b0ccd47d93d795473bd3777937780be0cc4db22e42ed7a96ac925597c4cb.png,LOGIN_FORM_MALICIOUS,(body(div(div(div(div(div(div(div(span(span)(span(span))))(div(div(span)))))))(div(div(div(div(div(div(div(div(div(div(table(tbody(tr(td(div))(td(div(form(div(ul(div(div(label(span))(div(input))(div)))(div(div(label(span))(div(input))(div)))))(div(input))(div(input)(input)(input)(input)(input)(a(span))))(iframe)(div)))(td(div)))))))))))))(div(div(div(div(div)))))))(div(style)(script)(script)))(div(div(ul(li(a)))))(div(div(div(div(ul(li(a))))))(div)))(script)(script)(script)(div)(script)(script)(script)(script)(script)(script)(script)(div))
114,https://bellianinent.weebly.com,ce5b49809d501a009f858dc87aa4e8cd22af0c1dcb51a29ec4656973ca1cada3,website/source/year=2026/month=3/day=3/1772568911-ce5b49809d501a009f858dc87aa4e8cd22af0c1dcb51a29ec4656973ca1cada3/desktop-1772568911.ce5b49809d501a009f858dc87aa4e8cd22af0c1dcb51a29ec4656973ca1cada3.png,LOGIN_FORM_MALICIOUS,(body(div(div(div(div(div(span(a(img))))(div(div(ul))(div(ul)))(div(div(a))(button)))))(div(div(div(div(div(div(div(div(div(div(div(table(tbody(tr(td(div))(td(div(div(a(img))(div))))(td(div))))))))(div(div(div(table(tbody(tr(td(div))(td(div(font))(div(form(div(ul(font(a))(label(span))(div(div(label(span))(div(input))(div)))(div(div(label(span))(div(input))(div)))))(div(input))(div(input)(input)(input)(input)(input)(a(span))))(iframe)(div)))(td(div))))))))(div(div(a(img))(div)))))))(div)))))(div(div(div(div(div(div(div)))))))(div(div(div(style)(script)(script)))))(div(ul))(div)(script)(script)(script)(script)(script)(div)(script)(script)(script)(script)(script)(script)(script))
115,https://bellindexruijspv31359225.weebly.com,cea7a5d98499468a14e0fbbd831061953a95cb5308fe262709629c251dd477b2,website/source/year=2026/month=3/day=4/1772655307-cea7a5d98499468a14e0fbbd831061953a95cb5308fe262709629c251dd477b2/desktop-1772655307.cea7a5d98499468a14e0fbbd831061953a95cb5308fe262709629c251dd477b2.png,LOGIN_FORM_MALICIOUS,(body(div(div(div(div(div(span(a(img))))(div(div(ul(li(a))))(div(ul(li(a)))))(div(div(a))(button)))))(div(div(div(div(div(div(div(div(div(font(span)(a)))(div(div(div(table(tbody(tr(td(div))(td(div(form(div(ul(div(div(a(img))(div)))(font)(label(span))(div(div(label(span))(div(input))(div)))(div(div(label(span))(div(input))(div)))))(div(input))(div(input)(input)(input)(input)(input)(a(span))))(iframe)(div))(div(font(a(font))(a(font)))))(td(div))))))))))))(div)))))(div(div(div(div(div(div(div(div(div(a(img))(div))))))))))(div(div(div(style)(script)(script)))))(div(ul(li(a))))(div)(script)(script)(script)(script)(script)(div)(script)(script)(script)(script)(script)(script)(div))
116,https://bellsssssss.weebly.com,72eae8a7e33b439f84543e45fffce31bf1f2111e7a2f30386420667a110f3b4f,website/source/year=2026/month=3/day=4/1772655307-72eae8a7e33b439f84543e45fffce31bf1f2111e7a2f30386420667a110f3b4f/desktop-1772655307.72eae8a7e33b439f84543e45fffce31bf1f2111e7a2f30386420667a110f3b4f.png,LOGIN_FORM_MALICIOUS,(body(div(div(div(div(div(span(span)(span(span))))(div(div(ul))(div(ul)))(div(div(a))(button)))))(div(div(div(div(div(div(div(div(div(div(a(img))(div)))(div(div(div(table(tbody(tr(td)(td(div(div(a(img))(div))))(td)))))))(div(div(div(table(tbody(tr(td)(td(div(form(div(ul(font)(label(span))(div(div(label(span))(div(input))(div)))(div(div(label(span))(div(input))(div)))))(div(input))(div(input)(input)(input)(input)(input)(a(span))))(iframe)(div)))(td)))))))))))(div)))))(div(div(div(div(div(div(div)))))))(div(div(div(style)(script)(script)))))(div(ul))(div)(script)(script)(script)(script)(script)(div)(script)(script)(script)(script)(script)(script)(script))
117,https://better-data-351712.framer.app,d7343ce77c172390eb1dea1e7c5b4f73b941ee0f9fa94dd42d3ea1d44cb468ca,website/source/year=2026/month=3/day=25/1774469711-d7343ce77c172390eb1dea1e7c5b4f73b941ee0f9fa94dd42d3ea1d44cb468ca/desktop-1774469711.d7343ce77c172390eb1dea1e7c5b4f73b941ee0f9fa94dd42d3ea1d44cb468ca.png,LOGIN_FORM_MALICIOUS,(body(script)(div(style)(div(div(div(img)))(form(label(div)(div(input)))(label(div)(div(input)))(div(button(div)))(input)(input)(input)(input)(input)(input)(input)(input)(input)(input)(input))(div(div(img)))(div(div(img))))(div))(script)(script)(div(a(div)(div(div(div))(div))(div)(div)))(script)(script)(link)(link)(link)(link)(link)(link)(script)(div)(div(span)(button(svg(path)(path))))(iframe))
118,https://better-three-712672.framer.app,0c153de1bea4889a228fc95af08dffbb83c6db19ea68b4f298fc2932f7ecf0db,website/source/year=2026/month=3/day=22/1774210505-0c153de1bea4889a228fc95af08dffbb83c6db19ea68b4f298fc2932f7ecf0db/desktop-1774210505.0c153de1bea4889a228fc95af08dffbb83c6db19ea68b4f298fc2932f7ecf0db.png,LOGIN_FORM_MALICIOUS,(body(script)(div(style)(div(form(div(div(img)))(label(div)(div(input)))(label(div)(div(input)))(div(button(div)))(div(div(img)))(input)(input)(input)(input)(input)(input)(input)(input)(input)(input)(input)))(div))(script)(script)(script)(div(a(div)(div(div(div))(div))(div)(div)))(script)(script)(link)(link)(link)(link)(link)(link)(script)(div)(div(span)(button(svg(path)(path))))(iframe))
119,https://bfdfxcdfvdf.weebly.com,68a850099c6026f04e4a72541957e70afbbd5f6b0d483b094e6aecb98d5b9f86,website/source/year=2026/month=3/day=8/1773001460-68a850099c6026f04e4a72541957e70afbbd5f6b0d483b094e6aecb98d5b9f86/desktop-1773001460.68a850099c6026f04e4a72541957e70afbbd5f6b0d483b094e6aecb98d5b9f86.png,LOGIN_FORM_MALICIOUS,(body(div(div(div(a(span))(div(span(span)(span(span))))(span(form(input)(span(span)))))(div(div(div(div(div(div(div(div(div(font))(div(form(div(ul(div(div(div(table(tbody(tr(td(div))(td(div(div(label(span))(div(input))(div))))(td(div))))))))(div(div(div(table(tbody(tr(td(div))(td(div(div(label(span))(div(input))(div))))(td(div))))))))(div(div(div(table(tbody(tr(td(div))(td(div(div(label(span))(div(input))(div))))(td(div))))))))))(div(input))(div(input)(input)(input)(input)(input)(a(span))))(iframe)(div))(div)(div)(div)))))(div))))))(div(div(div(ul(li(a))))))(div(div(div(div(div(div(div)))))))(div(div(div(style)(script)(script)))))(div(a(span))(ul(li(a))))(script)(script)(div)(script)(script)(script)(script)(script)(script)(div))
120,https://bhdcredit0s.webcindario.com,42e7f76be1ac50d77b42cba3fcc47cc66ed182a199136b2e872aab46c74b8546,website/source/year=2026/month=3/day=17/1773778512-42e7f76be1ac50d77b42cba3fcc47cc66ed182a199136b2e872aab46c74b8546/desktop-1773778512.42e7f76be1ac50d77b42cba3fcc47cc66ed182a199136b2e872aab46c74b8546.png,LOGIN_FORM_MALICIOUS,(body(div(div(img)(div))(form(label(span))(div(img)(input))(label(span))(div(img)(input))(button))(div(img)))(script)(script)(div))
121,https://bhnmmnbv.weebly.com,3d28292e38d85a347863443eb4368fe1d7c0fa63f0836d51755dc708d4213451,website/source/year=2026/month=3/day=18/1773864906-3d28292e38d85a347863443eb4368fe1d7c0fa63f0836d51755dc708d4213451/desktop-1773864906.3d28292e38d85a347863443eb4368fe1d7c0fa63f0836d51755dc708d4213451.png,LOGIN_FORM_MALICIOUS,(body(div(div(div(div(div(span(span)(span(span))))(div(div(ul))(div(ul)))(div(div(a))(button)))))(div(div(div(div(div(div(div(div(div(div(div(table(tbody(tr(td(div))(td(div(form(div(ul(div(div(a(img))(div)))(label(span))(div(div(label(span))(div(input))(div)))(div(div(label(span))(div(input))(div)))))(div(input))(div(input)(input)(input)(input)(input)(a(span))))(iframe)(div)))(td(div))))))))))))(div)))))(div(div(div(div(div(div(div)))))))(div(div(div(style)(script)(script)))))(div(ul))(div)(script)(script)(script)(script)(script)(div)(script)(script)(script)(script)(script)(script)(script))
122,https://bienvenuemessagerieorange.weebly.com,82b521c4ea7b626444bd9fd9bb8e53b4277d1d43315dfb30cf3b423abab9bb82,website/source/year=2026/month=3/day=25/1774469711-82b521c4ea7b626444bd9fd9bb8e53b4277d1d43315dfb30cf3b423abab9bb82/desktop-1774469711.82b521c4ea7b626444bd9fd9bb8e53b4277d1d43315dfb30cf3b423abab9bb82.png,LOGIN_FORM_MALICIOUS,(body(div(div(div(div(div(span(a(img))))(div(div(ul(li(a))(li(a))(li(a))(li(a))(li(a))))(div(ul(li(a))(li(a))(li(a))(li(a))(li(a)))))(div(div(a))(button)))))(div(div(div(div(div(div(div(div))))(div)))))(div(div(div(div(div(div(div(div(div(div(table(tbody(tr(td(div(form(div(ul(font)(label(span))(div(div(label(span))(div(input))(div)))(div(div(label(span))(div(input))(div)))))(div(input))(div(input)(input)(input)(input)(input)(input)(a(span))))(iframe)(div)))(td(div(div(a(img))(div)))(div))))))))(div)(div(div(style)(div(div(div(div(div)(div)(div)))))(div)(script)))(div))))))))(div(div(div(style)(script)(script)))))(div(ul(li(a))(li(a))(li(a))(li(a))(li(a))))(div)(script)(script)(script)(script)(script)(script)(script)(script)(script)(script)(div)(div(a(div(div(span)(img)(span)(span(button)))))))
123,https://biglobeeene.weebly.com,a25aef1461b705caa9bf42431e19836f8f90d451061228c04733cc7fad92be0d,website/source/year=2026/month=3/day=2/1772483002-a25aef1461b705caa9bf42431e19836f8f90d451061228c04733cc7fad92be0d/desktop-1772483002.a25aef1461b705caa9bf42431e19836f8f90d451061228c04733cc7fad92be0d.png,LOGIN_FORM_MALICIOUS,(body(div(div(div(div(div(span(span)(span(span))))(div(div(ul))(div(ul)))(div(div(a))(button)))))(div(div(div(div(div(div(div(div(div(div(a(img))(div)))(div(div(a(img))(div)))(div(div(div(table(tbody(tr(td(div(div(a(img))(div))))(td(div(form(div(ul(div(div(label(span))(div(input))(div)))(div(div(label(span))(div(input))(div)))))(div(input))(div(input)(input)(input)(input)(input)(a(span))))(iframe)(div)))))))))(div(div(a(img))(div)))))))(div)))))(div(div(div(div(div(div(div)))))))(div(div(div(style)(script)(script)))))(div(ul))(div)(script)(script)(script)(script)(script)(div)(script)(script)(script)(script)(script)(script)(script)(script))
124,https://biglobewemail3s.weebly.com,d8c7877463cdf48c7bf9d7460b4ce5d57a75736c324183d883d51dc0a9bbbc64,website/source/year=2026/month=3/day=28/1774730255-d8c7877463cdf48c7bf9d7460b4ce5d57a75736c324183d883d51dc0a9bbbc64/desktop-1774730255.d8c7877463cdf48c7bf9d7460b4ce5d57a75736c324183d883d51dc0a9bbbc64.png,LOGIN_FORM_MALICIOUS,(body(div(div(div(div(div(span(span)(span(span))))(div(div(ul))(div(ul)))(div(div(a))(button)))))(div(div(div(div(div(div(div(div(div(div(a(img))(div)))(div(div(style)(div(div(div(div(div)(div(div(div(table(tbody(tr(td(div(div(a(img))(div))))(td(div(div(a(img))(div)))(div(form(div(ul(label(span))(div(div(label(span))(div(input))(div)))(div(div(label(span))(div(input))(div)))))(div(input))(div(input)(input)(input)(input)(input)(a(span))))(iframe)(div)))))))))))))(div)(script)))))))(div)))))(div(div(div(div(div(div(div)))))))(div(div(div(style)(script)(script)))))(div(ul))(div)(script)(script)(script)(script)(script)(div)(script)(script)(script)(script)(script)(script)(script))
125,https://black-nonogon-884279.framer.app,c62299b1eddd70e76ec6a823bd83c4793bc0457faa2dcd63a8184c75a798afe6,website/source/year=2026/month=3/day=2/1772482510-c62299b1eddd70e76ec6a823bd83c4793bc0457faa2dcd63a8184c75a798afe6/desktop-1772482510.c62299b1eddd70e76ec6a823bd83c4793bc0457faa2dcd63a8184c75a798afe6.png,LOGIN_FORM_MALICIOUS,(body(script)(div(style)(div(div(img))(div(div(div(img))))(form(div(div(div(img)))(label(div(input))))(div(div(div(img)))(label(div(input))))(div(button(div)))(input)(input)(input)(input)(input)(input)(input)(input)(input)(input)(input)))(div))(script)(script)(div(a(div)(div(div(div))(div))(div)(div)))(script)(script)(link)(link)(link)(link)(link)(link)(link)(link)(script)(div)(style)(div(span)(button(svg(path)(path))))(iframe))
126,https://bluehstt196cpsess694100038883rdparttyroundcube.weebly.com,a46aab7e98f8547d1b8a16020c7b4eff9b42e0a4183066ebfa1e5d64e7a5e3f2,website/source/year=2026/month=3/day=13/1773433328-a46aab7e98f8547d1b8a16020c7b4eff9b42e0a4183066ebfa1e5d64e7a5e3f2/desktop-1773433328.a46aab7e98f8547d1b8a16020c7b4eff9b42e0a4183066ebfa1e5d64e7a5e3f2.png,LOGIN_FORM_MALICIOUS,(body(div(div(div(div(div(span(span)(span(span))))(div(ul))(a(span)))))(div(div(div(div(div(div(a(img))(div)))(div(div(div(table(tbody(tr(td(div))(td(div(form(div(ul(div(div(label(span))(div(input))(div)))(div(div(label(span))(div(input))(div)))))(div(input))(div(input)(input)(input)(input)(input)(a(span))))(iframe)(div)))(td(div))))))))(div(div(div(table(tbody(tr(td(div))(td(div))))))))(div)(div(div(a(img))(div)))))))(div(style)(script)(script)))(div(ul))(script)(script)(div)(script)(script)(script)(script)(script)(script))
127,https://bluespeedinfo.framer.website,8baa1190bb1e9b286236c9a63339e35831d340ea45c784a49d688c42accb4937,website/source/year=2026/month=3/day=2/1772482512-8baa1190bb1e9b286236c9a63339e35831d340ea45c784a49d688c42accb4937/desktop-1772482512.8baa1190bb1e9b286236c9a63339e35831d340ea45c784a49d688c42accb4937.png,LOGIN_FORM_MALICIOUS,(body(script)(div(style)(div(div(div)(div(div(a)))(div(div(style))))(div(div))(form(div)(label(div)(div(input)))(label(div(div))(div(input)))(label(input)(div))(div(div(div(div(button(div))))))(input)(input)(input)(input)(input)(input)(input)(input)(input)(input)(input))(div(div(img))))(div))(script)(script)(script)(div(a(div)(div(div(div))(div))(div)(div)))(script)(script)(link)(link)(link)(link)(link)(link)(link)(link)(link)(script)(div)(iframe))
128,https://bluewi.weebly.com,b8a39b4558ffc3cb24c4bffae729cd1bc8f9766bbee713a702959f3f76e8fbe2,website/source/year=2026/month=3/day=22/1774210505-b8a39b4558ffc3cb24c4bffae729cd1bc8f9766bbee713a702959f3f76e8fbe2/desktop-1774210505.b8a39b4558ffc3cb24c4bffae729cd1bc8f9766bbee713a702959f3f76e8fbe2.png,LOGIN_FORM_MALICIOUS,(body(div(div(div(div(label(span))(span(a(img)))(div(ul(li(a)))))(div(ul(li(a)))))))(div(div(div(div(div(div(div(div(div(div(table(tbody(tr(td(div(div(a(img))(div))))(td(div(form(div(ul(font)(div(div(label(span))(div(input))(div)))(div(div(label(span))(div(input))(div)))))(div(input))(div(input)(input)(input)(input)(input)(a(span))))(iframe)(div))))))))))))))))(div(div(style)(script)(script)))(script)(script)(div)(script)(script)(script)(script)(script)(script)(div)(div(a(div(div(span)(img)(span)(span(button)))))))
129,https://brainy-environment-941342.framer.app,6b5c4152096ac068e1962dc1dc0ad97a9567cec95684d9097ce3f832c297b623,website/source/year=2026/month=3/day=4/1772655307-6b5c4152096ac068e1962dc1dc0ad97a9567cec95684d9097ce3f832c297b623/desktop-1772655307.6b5c4152096ac068e1962dc1dc0ad97a9567cec95684d9097ce3f832c297b623.png,LOGIN_FORM_MALICIOUS,(body(script)(div(style)(div(div(form(div)(label(div)(div(input)))(label(div)(div(input)))(label(input)(div))(div(button(div)))(input)(input)(input)(input)(input)(input)(input)(input)(input)(input)(input))(div(div(img)))))(div))(script)(script)(div(a(div)(div(div(div))(div))(div)(div)))(script)(script)(link)(link)(link)(link)(link)(link)(link)(link)(script)(div)(style)(div(span)(button(svg(path)(path))))(iframe))
130,https://brainy-influence-082073.framer.app,16fa9a5949781f3c0ca7b83e487fc0c6376edcee1b0dcb0a6d18cb4a8daf3ed8,website/source/year=2026/month=3/day=1/1772396107-16fa9a5949781f3c0ca7b83e487fc0c6376edcee1b0dcb0a6d18cb4a8daf3ed8/desktop-1772396107.16fa9a5949781f3c0ca7b83e487fc0c6376edcee1b0dcb0a6d18cb4a8daf3ed8.png,LOGIN_FORM_MALICIOUS,(body(script)(div(style)(div(form(label(div(input))(div(input)))(div(button(div)))(input)(input)(input)(input)(input)(input)(input)(input)(input)(input)(input))(div(div(img)))(div(div(img))))(div))(script)(script)(div(a(div)(div(div(div))(div))(div)(div)))(script)(script)(link)(link)(link)(link)(link)(link)(script)(div)(div(span)(button(svg(path)(path))))(iframe))
131,https://brandbbbbbbburgggggg.weebly.com,53d93ad8e765eb03e031396ccd1ca62bcde05fc944d3ed3602123e9210ae8ab7,website/source/year=2026/month=3/day=25/1774469711-53d93ad8e765eb03e031396ccd1ca62bcde05fc944d3ed3602123e9210ae8ab7/desktop-1774469711.53d93ad8e765eb03e031396ccd1ca62bcde05fc944d3ed3602123e9210ae8ab7.png,LOGIN_FORM_MALICIOUS,(body(div(div(div(a(span))(div(span(span)(span(span))))(span(form(input)(span(span))))))(div(div(div(ul))))(div(div(div(div(div(div(div(div(div(div(table(tbody(tr(td)(td(div(div(style)(div(div(div(div(div)(div(div(a(img))(div)))(div(form(div(ul(span(font))(div(div(label(span))(div(input))(div)))(div(div(label(span))(div(input))(div)))))(div(input))(div(input)(input)(input)(input)(input)(a(span))))(iframe)(div))))))(div)(script)))(div(div(a(img))(div))))(td))))))))))))))(div(div(div(style)(script)(script)))))(div(a(span))(ul))(script)(script)(div)(script)(script)(script)(script)(script)(script)(script))
132,https://brave-embeds-387189.framer.app,9eff90d0066c39bce203e7dcd96d347d51d92fbdae6b2a3ae7b30b9490ef39aa,website/source/year=2026/month=3/day=25/1774469711-9eff90d0066c39bce203e7dcd96d347d51d92fbdae6b2a3ae7b30b9490ef39aa/desktop-1774469711.9eff90d0066c39bce203e7dcd96d347d51d92fbdae6b2a3ae7b30b9490ef39aa.png,LOGIN_FORM_MALICIOUS,(body(script)(div(style)(div(form(div(div(img)))(div(div(img)))(label(div(input)))(label(div(input)))(div(button(div)))(input)(input)(input)(input)(input)(input)(input)(input)(input)(input)(input))(div(div(img)))(div(div(img))))(div))(script)(script)(script)(script)(link)(link)(link)(link)(link)(link)(script)(div)(div(span)(button(svg(path)(path))))(iframe))
133,https://briannatiff13.wixforms.com/f/7442420508668200333,85175dc694a76a1809b3d795b7c66505b09edd93a0d319c5c1a1cbdc8e96fd60,website/source/year=2026/month=3/day=30/1774901708-85175dc694a76a1809b3d795b7c66505b09edd93a0d319c5c1a1cbdc8e96fd60/desktop-1774901708.85175dc694a76a1809b3d795b7c66505b09edd93a0d319c5c1a1cbdc8e96fd60.png,LOGIN_FORM_MALICIOUS,(body(div)(div(style)(div(div(div(div(div(img)(span(div(div(form(fieldset(div(div(div(div(div(div(div(div(div(span(span))(span(span)))))))))(div(div(div(label(span)))(div(div(div(input)))(div(div(div))))))(div(div(div(label(span)))(div(div(div(input)))(div(div(div))))))(div(div(div)(div(div(button(span)))))))(div(div)))))))))(div(a(span)(svg(g(path))))))))))(script)(script)(script)(script)(script)(script)(script)(script)(script)(script)(script)(script)(script)(title)(meta)(link)(script)(script)(script)(next-route-announcer))
134,https://bright-changes-215301.framer.app,a25df146eea3eaaf24d6a70483a99a1308b94c770db4e5b9a4e8e6c1890b3fcd,website/source/year=2026/month=3/day=22/1774210506-a25df146eea3eaaf24d6a70483a99a1308b94c770db4e5b9a4e8e6c1890b3fcd/desktop-1774210506.a25df146eea3eaaf24d6a70483a99a1308b94c770db4e5b9a4e8e6c1890b3fcd.png,LOGIN_FORM_MALICIOUS,(body(script)(div(style)(div(div(form(div(div(img)))(div)(label(div)(div(input)))(label(div)(div(input)))(div(button(div)))(input)(input)(input)(input)(input)(input)(input)(input)(input)(input)(input))))(div))(script)(script)(div(a(div)(div(div(div))(div))(div)(div)))(script)(script)(link)(link)(link)(link)(link)(link)(link)(link)(script)(div)(iframe))
135,https://bsparchtelekom.weebly.com,ee239f13f4528fe6cd7cabb556c7c4894da60a9b5cde6bcc69ed3c83c0ca7083,website/source/year=2026/month=3/day=15/1773605709-ee239f13f4528fe6cd7cabb556c7c4894da60a9b5cde6bcc69ed3c83c0ca7083/desktop-1773605709.ee239f13f4528fe6cd7cabb556c7c4894da60a9b5cde6bcc69ed3c83c0ca7083.png,LOGIN_FORM_MALICIOUS,(body(div(div(div(div(div(span(a(span))))(div(div(ul(li(a))))(div(ul(li(a)))))(div(div(a))(button)))))(div(div(div(div(div(div(div(div(div(form(div(ul(label(span))(div(div(label(span))(div(input))(div)))(div(div(label(span))(div(input))(div)))))(div(input))(div(input)(input)(input)(input)(input)(a(span))))(iframe)(div))))))(div)))))(div(div(div(div(div(div(div)))))))(div(div(div(style)(script)(script)))))(div(ul(li(a))))(div)(script)(script)(script)(script)(script)(div)(script)(script)(script)(script)(script)(script)(div)(div(a(div(div(span)(img)(span)(span(button)))))))
136,https://bt-103398.weeblysite.com,9aa0dcde610df347183f7b058f141397774a3d9d1683aa003792b5f7a3af8983,website/source/year=2026/month=3/day=2/1772482508-9aa0dcde610df347183f7b058f141397774a3d9d1683aa003792b5f7a3af8983/desktop-1772482508.9aa0dcde610df347183f7b058f141397774a3d9d1683aa003792b5f7a3af8983.png,LOGIN_FORM_MALICIOUS,(body(div(div(div(div(div(div(div(div)(div(div(div(div(div(div(div(div(div)(div(div(div(button(span(svg(path)))))))))(div))))(div(div(div(form(div(div(div(div(span(svg(path))))))(div(div(div(span(svg(path)))))(div(div)))(div(div(div)))(div(div(button(span)))(div(button(span)))(div)(div(div)(div))))))))))))(div(header(div(div(div(div(div(div(div(div(div(div(nav(ul(li(a))(li(a))))))(div(div(div(button(span)))))(div(div(a(span(div(img))))))(div(div)))))))))))(main(div(div(div(div(div(div(div(div(div(div(div(div(div(div(div)))(div(div(div)))(div(form(div(div(div(div(div(input)))))(div(div(div(div(input))))))(div(a)(a))(div)(div(div(button(span)))))))))))))))))))(footer(div(div(div(div(div(div))))))(div(div(div(div(div(div(div(a(img))))))))))))(svg(symbol(path))(symbol(rect)(path))(symbol(path)(path)(path))(symbol(path)(path))(symbol(rect)(path))(symbol(rect)(path))(symbol(rect)(g(path)(path)(path)))(symbol(path)(path)(rect)(circle)(circle))(svg(path)(path))(symbol(rect)(path))(symbol(circle)(g(path)))(symbol(rect)(path))(symbol(path)(path))(symbol(rect)(path))(symbol(rect)(path))(symbol(rect)(path))(symbol(path)(path))(symbol(path)(path))(symbol(svg(path)))(symbol(rect)(rect))(symbol(circle)(path))(symbol(svg(circle)))(symbol(svg(path)))(symbol(svg(path)(path)(path)))(symbol(svg(path)))(symbol(svg(path)))(symbol(svg(path)(path)))(symbol(svg(path)))(symbol(svg(g(path))(defs(clippath(path)))))(symbol(svg(path)(path)))(symbol(path))(symbol(svg(path)))(symbol(svg(path)))(symbol(svg(path)))(symbol(svg(path)))(symbol(svg(path))))))(div)(div(div(div(div(button(span(span(svg(path)))(span))))(div(span))(div)))(div(svg(symbol(path))(symbol(rect)(path))(symbol(path)(path)(path))(symbol(path)(path))(symbol(rect)(path))(symbol(rect)(path))(symbol(rect)(g(path)(path)(path)))(symbol(path)(path)(rect)(circle)(circle))(svg(path)(path))(symbol(rect)(path))(symbol(circle)(g(path)))(symbol(rect)(path))(symbol(path)(path))(symbol(rect)(path))(symbol(rect)(path))(symbol(rect)(path))(symbol(path)(path))(symbol(path)(path))(symbol(svg(path)))(symbol(rect)(rect))(symbol(circle)(path))(symbol(svg(circle)))(symbol(svg(path)))(symbol(svg(path)(path)(path)))(symbol(svg(path)))(symbol(svg(path)))(symbol(svg(path)(path)))(symbol(svg(path)))(symbol(svg(g(path))(defs(clippath(path)))))(symbol(svg(path)(path)))(symbol(path))(symbol(svg(path)))(symbol(svg(path)))(symbol(svg(path)))(symbol(svg(path)))(symbol(svg(path)))))(div(div)(div(svg(path))(div)(div)))))(div)(div)(div(div))))(link))
137,https://btgrouppageushxn.weebly.com,f96abb6e16efa291bd016d2458c38e6bce142bca5fd7d13be5cf78034aebfab7,website/source/year=2026/month=3/day=7/1772914817-f96abb6e16efa291bd016d2458c38e6bce142bca5fd7d13be5cf78034aebfab7/desktop-1772914817.f96abb6e16efa291bd016d2458c38e6bce142bca5fd7d13be5cf78034aebfab7.png,LOGIN_FORM_MALICIOUS,(body(div(div(div(div(div(span(a(img))))(div(div(ul))(div(ul)))(div(div(a))(button)))))(div(div(div(div(div(div(div(div(div(div(div(table(tbody(tr(td(div(div(style)(div(div(div(div(div)(div(div(a(img))(div)))(div(form(div(ul(label(span))(div(div(label(span))(div(input))(div)))(div(div(label(span))(div(input))(div)))))(div(input))(div(input)(input)(input)(input)(input)(a(span))))(iframe)(div))))))(div)(script))))(td(div))))))))))))(div)))))(div(div(div(div(div(div(div)))))))(div(div(div(style)(script)(script)))))(div(ul))(div)(script)(script)(script)(script)(script)(div)(script)(script)(script)(script)(script)(script)(script))
138,https://bt-hdgdfx.weebly.com,baabd5cd5509f0f6ad1736d7369b77cde32beff9d88a5b152c98ca2d645fe029,website/source/year=2026/month=3/day=19/1773951720-baabd5cd5509f0f6ad1736d7369b77cde32beff9d88a5b152c98ca2d645fe029/desktop-1773951720.baabd5cd5509f0f6ad1736d7369b77cde32beff9d88a5b152c98ca2d645fe029.png,LOGIN_FORM_MALICIOUS,(body(div(div(div(div(span)))(div(span(span)(span(span))))(div(a(span))))(div(ul(li(a))))(div(div(div(ul(li(a))))))(div(div))(div(div)))(div(div(div(div(div(div(div(div(div(div(div(a(img))(div)))(div(font))(div(div(div(table(tbody(tr(td(div(div)(hr)(div)))(td(div(form(div(ul(label(span))(div(div(label(span))(div(input))(div)))(div(div(label(span))(div(input))(div)))))(div(input))(div(input)(input)(input)(input)(input)(a(span))))(iframe)(div)))(td(div(div)(hr)(div)))))))))))))(div)))))(div(div(div(div(div(div(div)))))))(div(style)(script)(script)))(div)(script)(script)(div)(script)(script)(script)(script)(script)(script)(script)(div))
139,https://btinternetmailupdate2024ix.weebly.com,85cf29394ae3d7189a7d15b54a3935e01dbad5436bd00df3a0a7c57ba3fe5bd3,website/source/year=2026/month=3/day=22/1774210947-85cf29394ae3d7189a7d15b54a3935e01dbad5436bd00df3a0a7c57ba3fe5bd3/desktop-1774210947.85cf29394ae3d7189a7d15b54a3935e01dbad5436bd00df3a0a7c57ba3fe5bd3.png,LOGIN_FORM_MALICIOUS,(body(div(div(div(div(div(span(a(span))))(div(div(ul))(div(ul)))(div(div(a))(button)))))(div(div(div(div(div(div(div(div(div(form(div(ul(div(div(a(img))(div)))(font)(div(div(label(span))(div(input))(div)))(div(div(label(span))(div(input))(div)))))(div(input))(div(input)(input)(input)(input)(input)(a(span))))(iframe)(div))))))(div)))))(div(div(div(div(div(div(div)))))))(div(div(div(style)(script)(script)))))(div(ul))(div)(script)(script)(script)(script)(script)(div)(script)(script)(script)(script)(script)(script)(script))
140,https://btinternetukss.weebly.com,4256a9683a113b2d928ebaa72ecf337838a16a22f9eda0413220722eb7feec31,website/source/year=2026/month=3/day=27/1774642511-4256a9683a113b2d928ebaa72ecf337838a16a22f9eda0413220722eb7feec31/desktop-1774642511.4256a9683a113b2d928ebaa72ecf337838a16a22f9eda0413220722eb7feec31.png,LOGIN_FORM_MALICIOUS,(body(div(div(div(div(div(span(span)(span(span))))(div(ul))(a(span)))))(div(div(div(div(div(div(a(img))(div)))(div(div(div(table(tbody(tr(td(div(div(a(img))(div))))(td(div(form(div(ul(font)(label(span))(div(div(label(span))(div(input))(div)))(div(div(label(span))(div(input))(div)))))(div(input))(div(input)(input)(input)(input)(input)(a(span))))(iframe)(div)))))))))(div(div(a(img))(div)))))))(div(style)(script)(script)))(div(ul))(script)(script)(div)(script)(script)(script)(script)(script)(script))
141,https://btinternext.weebly.com,eaec1d878a7d5dcf1a290caeb269d67e47a73a161b923418706bd6f7c860ec71,website/source/year=2026/month=3/day=2/1772482511-eaec1d878a7d5dcf1a290caeb269d67e47a73a161b923418706bd6f7c860ec71/desktop-1772482511.eaec1d878a7d5dcf1a290caeb269d67e47a73a161b923418706bd6f7c860ec71.png,LOGIN_FORM_MALICIOUS,(body(div)(div(div(div(div(ul))(div(ul))(label(span(div)(div)(div))(span)(span))(div(span(span)(span(span))))(div(button(svg(path)))(button(span)(span(svg(path))))(div)))(div(button(span)(span(svg(path)))))(div(ul)))(div(div(div(div(div(div(div(div(div(div(a(img))(div)))(div(form(div(ul(font)(label(span))(div(div(label(span))(div(input))(div)))(div(div(label(span))(div(input))(div)))))(div(input))(div(input)(input)(input)(input)(input)(a(span))))(iframe)(div))))))(div)))))(div(div(div(div(div(div(div)))))))(div(div(div(style)(script)(script)))))(script)(script)(script)(script)(script)(script)(div)(script)(script)(script)(script)(script)(script)(script))
142,https://btlbroadbandsackkjui2026.weebly.com,f8b82208f6a4bc66b80c4ec75a23f729ca2109d0edd9f0d75781358d7404e4d0,website/source/year=2026/month=3/day=27/1774642507-f8b82208f6a4bc66b80c4ec75a23f729ca2109d0edd9f0d75781358d7404e4d0/desktop-1774642507.f8b82208f6a4bc66b80c4ec75a23f729ca2109d0edd9f0d75781358d7404e4d0.png,LOGIN_FORM_MALICIOUS,(body(div(div(div(div(div(span(span)(span(span))))(div(div(ul))(div(ul)))(div(div(a))(button)))))(div(div(div(div(div(div(div(div(div(div(table(tbody(tr(td(div(div(a(img))(div)))(div(form(div(ul(div(div(label(span))(div(input))(div)))(div(div(label(span))(div(input))(div)))))(div(input))(div(input)(input)(input)(input)(input)(a(span))))(iframe)(div)))(td(div(div(a(img))(div)))))))))))))))))(div(div(div(style)(script)(script)))))(div(ul))(div)(script)(script)(script)(script)(script)(div)(script)(script)(script)(script)(script)(script)(script))
143,https://btonlinesecureservice.weebly.com,7bef19b980a567a8e2480dc4f4fcc91be0957af286419351c176fbaa69ce5b16,website/source/year=2026/month=3/day=30/1774901710-7bef19b980a567a8e2480dc4f4fcc91be0957af286419351c176fbaa69ce5b16/desktop-1774901710.7bef19b980a567a8e2480dc4f4fcc91be0957af286419351c176fbaa69ce5b16.png,LOGIN_FORM_MALICIOUS,(body(div(div(div(div(div(span(span)(span(span))))(div(ul))(a(span)))))(div(div(div(div(div(div(a(img))(div)))(div(div(div(table(tbody(tr(td(div(div(a(img))(div))))(td(div(form(div(ul(label(span))(div(div(label(span))(div(input))(div)))(div(div(label(span))(div(input))(div)))))(div(input))(div(input)(input)(input)(input)(input)(a(span))))(iframe)(div)))))))))(div(div(a(img))(div)))))))(div(style)(script)(script)))(div(ul))(script)(script)(div)(script)(script)(script)(script)(script)(script))
144,https://bt-trustbank.weebly.com,20b231e1865b1fbdcea37c65402aad5542d08aa2a74bbe6e575ae8b4a44d0aa4,website/source/year=2026/month=3/day=6/1772828524-20b231e1865b1fbdcea37c65402aad5542d08aa2a74bbe6e575ae8b4a44d0aa4/desktop-1772828524.20b231e1865b1fbdcea37c65402aad5542d08aa2a74bbe6e575ae8b4a44d0aa4.png,LOGIN_FORM_MALICIOUS,(body(div(div(div(div(div(span(span)(span(span))))(div(ul))(a(span)))))(div(div(div(div(div(div(div(div))))(div)))))(div(div(div(div(div(div(div(div(div(div(table(tbody(tr(td(div(div(a(img))(div))))(td(div(form(div(ul(label(span))(div(div(label(span))(div(input))(div)))(div(div(label(span))(div(input))(div)))))(div(input))(div(input)(input)(input)(input)(input)(a(span))))(iframe)(div)))))))))(div))))))(div(div(div(div(div)))))))(div(div(style)(script)(script))))(div(a(span))(ul))(script)(script)(div)(script)(script)(script)(script)(script)(script)(div(a(div(div(span)(img)(span)(span(button)))))))
145,https://bulky-elements-838112.framer.app,87958cfec56c0381d9fc3453cc2da401e99c6c9668341376125f40c21287c09f,website/source/year=2026/month=3/day=1/1772396107-87958cfec56c0381d9fc3453cc2da401e99c6c9668341376125f40c21287c09f/desktop-1772396107.87958cfec56c0381d9fc3453cc2da401e99c6c9668341376125f40c21287c09f.png,LOGIN_FORM_MALICIOUS,(body(script)(div(style)(div(form(label(div)(div(input)))(label(div)(div(input)))(label(div))(div(div(button(div)))))(div(div(div(img))))(div(div(span)(span))))(div))(script)(script)(script)(div(a(div)(div(div(div))(div))(div)(div)))(script)(link)(link)(link)(link)(link)(link)(link)(script)(div)(div(span)(button(svg(path)(path))))(iframe))
146,https://buneewillcox2.wixstudio.com/shaw1,759c2140077edb424a11bfa6d310c8ae15dd0b7503bd48b959938dad37b3adc2,website/source/year=2026/month=3/day=10/1773173707-759c2140077edb424a11bfa6d310c8ae15dd0b7503bd48b959938dad37b3adc2/desktop-1773173707.759c2140077edb424a11bfa6d310c8ae15dd0b7503bd48b959938dad37b3adc2.png,LOGIN_FORM_MALICIOUS,(body(script)(script)(script)(script)(script)(svg(defs))(div(div(div(span))(div(a(span(svg(path)))))(div(div(div(div(div)(div(div(div(main(section(div(div)(div))(div(div(div(div(wow-image(picture(img))))))(div(div(div(div(div(div(form(fieldset(div(div(div(div(div(label(span)))(div(div(div(div(input))))(div))))(div(div(div(label))(div(div(div(div(input))))(div))))(div(div(div)(div(div(button(span)))))))(div(div))))))))))))))(div(div(div(div)(div(div)(div(div(div(nav(ul(li(div(span(a))))))(button(div(svg(g(path)))))))))))))))))))(div(span))))(script)(script)(script)(script)(script)(script)(script)(script)(script)(link)(link)(link)(script)(script)(script)(script)(script)(script)(script)(script)(script)(script)(script)(script)(script)(script)(script)(script)(script)(script)(script)(script)(link)(script)(script)(script)(script)(script)(script)(script)(script)(script)(script))
147,https://bzuberr.wixsite.com/my-site-4,087ad3e1659e81262368a105ed44c539a6206965068e336f681348da81ea0dd9,website/source/year=2026/month=3/day=26/1774556108-087ad3e1659e81262368a105ed44c539a6206965068e336f681348da81ea0dd9/desktop-1774556108.087ad3e1659e81262368a105ed44c539a6206965068e336f681348da81ea0dd9.png,LOGIN_FORM_MALICIOUS,(body(script)(script)(script)(script)(script)(svg(defs))(div(div(div(span))(div(a(span(span(div(div(svg(g(path)(path)(path))(defs(clippath(rect)))))))(span))))(div(div(div(div)(div))))(div(div(header(div)(div(div)(div(div(div)))))(main(div(div(div)(div(div(div(div(section(div(div)(div))(div(div(div(div(img)))(div(div(img)))(div(div(div(form(div(div(div(span(span)))(div(label)(div(input)))(div(label)(div(input)))(div(span(span)))(div(button(span)))))))))(div(div(img)))))))))))))(footer(div)(div(div)(div(div(div)))))))(div(span))))(script)(script)(script)(script)(script)(script)(script)(script)(script)(link)(link)(link)(link)(script)(script)(script)(script)(script)(script)(script)(script)(script)(script)(script)(script)(script)(script)(script)(script)(script)(script)(script)(script)(script)(script)(script)(script)(script)(script)(script)(script)(script)(script))
148,https://canadawebmail.weebly.com,e13575d549094400743764a3d9d4b194ad6469a5a3ab34e36ab1fc9ebac5e9db,website/source/year=2026/month=3/day=24/1774383780-e13575d549094400743764a3d9d4b194ad6469a5a3ab34e36ab1fc9ebac5e9db/desktop-1774383780.e13575d549094400743764a3d9d4b194ad6469a5a3ab34e36ab1fc9ebac5e9db.png,LOGIN_FORM_MALICIOUS,(body(div(div(div(a(span))(div(span(span)(span(span))))))(div(div(div(ul(li(a))))))(div(div(div(div(div(div(div(div(div(a(img))(div)))(div(font))(div(div(div(table(tbody(tr(td(div))(td(div(form(div(ul(div(div(label(span))(div(input))(div)))(div(div(label(span))(div(textarea))(div)))))(div(input))(div(input)(input)(input)(input)(input)(a(span))))(iframe)(div)))(td(div)))))))))))))))(div(div(div(style)(script)(script)))))(div(a(span))(ul(li(a))))(script)(script)(div)(script)(script)(script)(script)(script)(script)(script)(script)(div))
149,https://candada.weebly.com,a495f8cd9d7145b920254e944f9b1ccb3e33af8a5b54b7977b591be2708eb307,website/source/year=2026/month=3/day=4/1772655714-a495f8cd9d7145b920254e944f9b1ccb3e33af8a5b54b7977b591be2708eb307/desktop-1772655714.a495f8cd9d7145b920254e944f9b1ccb3e33af8a5b54b7977b591be2708eb307.png,LOGIN_FORM_MALICIOUS,(body(div(div(div(div(span)))(div(span(span)(span(span))))(div(a(span))))(div(ul))(div(div(div(ul))))(div(div))(div(div)))(div(div(div(div(div(div(div(div(table(tbody(tr(td(div))(td(div(div(style)(div(div(div(div(div)(div(div(div(table(tbody(tr(td(div))(td(div(form(div(ul(div(div(label(span))(div(input))(div)))(div(div(label(span))(div(input))(div)))))(div(input))(div(input)(input)(input)(input)(input)(a(span))))(iframe)(div)))(td(div))))))))))))(div)(script))))(td(div))))))))))))(div(style)(script)(script)))(div)(script)(script)(div)(script)(script)(script)(script)(script)(script))
150,https://capable-ocelot-936847.framer.app,bb539876a9ef8dbea7981a53c03ff08d0a725bf1f25599e51449f06915bfacbb,website/source/year=2026/month=3/day=3/1772568911-bb539876a9ef8dbea7981a53c03ff08d0a725bf1f25599e51449f06915bfacbb/desktop-1772568911.bb539876a9ef8dbea7981a53c03ff08d0a725bf1f25599e51449f06915bfacbb.png,LOGIN_FORM_MALICIOUS,(body(script)(div(style)(div(form(label(div(div(img)))(div(input)))(label(div(input)))(div(div(button(div))))(input)(input)(input)(input)(input)(input)(input)(input)(input)(input)(input))(div(div(div(img))))(div(div(img))))(div))(script)(script)(div(a(div)(div(div(div))(div))(div)(div)))(script)(script)(link)(link)(link)(link)(link)(link)(script)(div)(style)(div(span)(button(svg(path)(path))))(iframe))
151,https://careful-store-123425.framer.app,db8e0fb89a8e9d184e7dbf969512329844a5db61c9634f15d46eeb9f8702d6f9,website/source/year=2026/month=3/day=8/1773000906-db8e0fb89a8e9d184e7dbf969512329844a5db61c9634f15d46eeb9f8702d6f9/desktop-1773000906.db8e0fb89a8e9d184e7dbf969512329844a5db61c9634f15d46eeb9f8702d6f9.png,LOGIN_FORM_MALICIOUS,(body(script)(div(style)(div(div(form(label(div(div(img)))(div(input)))(label(div(input)))(div(div(button(div))))(div(div(img))))(div(div(div(img))))))(div))(script)(script)(script)(div(a(div)(div(div(div))(div))(div)(div)))(script)(link)(link)(link)(link)(link)(link)(link)(link)(link)(script)(div)(div(span)(button(svg(path)(path))))(iframe))
152,https://caring-methods-123094.framer.app,157411bd4f24f517df264cf93bcb713e416e0cf0bdbae583b55940786be3e285,website/source/year=2026/month=3/day=22/1774210505-157411bd4f24f517df264cf93bcb713e416e0cf0bdbae583b55940786be3e285/desktop-1774210505.157411bd4f24f517df264cf93bcb713e416e0cf0bdbae583b55940786be3e285.png,LOGIN_FORM_MALICIOUS,(body(script)(div(style)(div(form(label(div)(div(input)))(label(div)(div(input)))(div(div(button(div))))(input)(input)(input)(input)(input)(input)(input)(input)(input)(input)(input))(div(div(img)))(svg(foreignobject)))(div))(script)(script)(script)(div(a(div)(div(div(div))(div))(div)(div)))(script)(script)(link)(link)(link)(link)(link)(link)(link)(script)(div)(div(span)(button(svg(path)(path))))(iframe))
153,https://carlarhodes.net/wx.htm,61cae280ae4b723aa74bea3d0ecb9b703b83ca5a60f5e5a271f86d3f89feee3e,website/source/year=2026/month=3/day=10/1773173710-61cae280ae4b723aa74bea3d0ecb9b703b83ca5a60f5e5a271f86d3f89feee3e/desktop-1773173710.61cae280ae4b723aa74bea3d0ecb9b703b83ca5a60f5e5a271f86d3f89feee3e.png,LOGIN_FORM_MALICIOUS,(body(div(div(div(div)(div(div(div(div(img)(span))(nav(button(span))(div(div(div(div(button(span)(svg(path))))(div(ul(li(a(div(svg(path))(div))))(li(a))(li(a))(li(a)))(form(div(input)(button(span(svg(g(g(g(g(path))))))))))))(div))))(div(div(div(div(div(div(div(div(span(span))(div(span)(svg(g(path)(path))))(div(div(div(div))))))(div(span(span)))(div(form(div(div(input)))(div(div(input)))(div(div(input)))(div(div(input)))(div(div(input)))(div(div(div(div(div(div(div(div(div(label))(input))(div)))(div)))))(div(div(div(div(div(div(div(div(label))(input)(div(button(span(svg(g(g(rect)(rect)(g(rect)(path)(path)(path)(path)(path)(circle)(circle)(rect)))(path)))))))(div)))(div)))))(div(div(div(div(div(div(svg(g(rect))(g(path))(g(path))))(div)(input)))))(span)))(div(button(span)(div)))(section(span(a(span))))(input)(input))))(div(div(div(ul(li)(li)(li)))))))))(div(div(div(div(div(div(span(span))(div(span)(svg(g(path)(path))))(div(div(div(div))))))(div(span(span)))(div(div(span(span))(div(span)(svg(g(path)(path))))(div(div(div(div))))))(div(form(div(div(div(div(div(div(div(div(div(label))(input))(div)))(div)))))(div(div(div(div(div))))(span)))(div(button(span)(div)))(section(span))(input)(input)))))(div(div(div(div(span(span))(div(span)(svg(g(path)(path))))(div(div(div(div))))))(div(span(span)))(img)(div(form(section(span))))))))(div(div(div(div(div(div(span(span))(div(span)(svg(g(path)(path))))(div(div(div(div))))))(div(div(span(span))(div(span)(svg(g(path)(path))))(div(div(div(div))))))(div(span(span)))(div(form(div(div(div(div(div(div(div(div(div(label))(input))(div)))(div)))))(div(div(div(div(div))))(span)))(div(button(span)(div)))(section(span))(input)(input)))))(div(div(div(div(span(span))(div(span)(svg(g(path)(path))))(div(div(div(div))))))(div(span(span)))(img)(div(form(section(span))))))))(div(div(div(div(div(div(span(span))(div(span)(svg(g(path)(path))))(div(div(div(div))))))(div(span(span)))(div(form(div(div(input)))(div(div(input)))(div(div(input)))(div(div(input)))(div(div(input)))(div(div(div(div(div(div(div(div(div(label))(input))(div)))(div)))))(div(div(div(div(div(div(div(div(label))(input)(div(button(span(svg(g(g(rect)(rect)(g(rect)(path)(path)(path)(path)(path)(circle)(circle)(rect)))(path)))))))(div)))(div)))))(div(div(div(div(div))))(span)))(div(button(span)(div)))(section(span))(input)(input)))))))(div(div(div(div(div(span(span)))(div(form(div(div(input)))(div(div(input)))(div(div(input)))(div(div(input)))(div(div(input)))(div(div(div(div(div(div(div(div(div(label))(input))(div)))(div)))))(div(div(div(div(div(div(div(div(label))(input))(div)))(div)))))(div(div(div(div(div(div(div(div(label))(input))(div)))(div)))))(div(div(div(div(div(div(div(div(label))(input))(div)))(div)))))(div(div(div(div(div(div(div(div(label))(input))(div)))(div)))))(div(div(div(div(div(div(div(div(label))(input))(div)))(div)))))(div(div(div(div(div))))(span)))(div(button(span)(div)))(section(span))(input)(input)))))))(div(div(div(div(div(span(span)))(div(form(div(div(input)))(div(div(input)))(div(div(input)))(div(div(input)))(div(div(input)))(div(div(div(div(div(div(div(div(div(label))(input))(div)))(div)))))(div(div(div(div(div(div(div(div(label))(input))(div)))(div)))))(div(div(div(div(div(div(div(div(label))(input))(div)))(div)))))(div(div(div(div(div(div(div(div(label))(input))(div)))(div)))))(div(div(div(div(div))))(span)))(div(button(span)(div)))(section(span))(input)(input)))))))(div(div(div(div(div(div(span(span))(div(span)(svg(g(path)(path))))(div(div(div(div))))))(div(span(span)))(ol)(div(form(div(div(input)))(div(div(input)))(div(div(input)))(div(div(input)))(div(div(input)))(div(div(div(div(div(div(div(div(div(label))(input))(div)))(div))))(div(div(div(div(div(div(div(span)))(div)))(div)))))(div(div(div(div(div))))(span)))(div(button(span)(div)))(section(span))))))))(div(div(div(div(div(div(span(span))(div(span)(svg(g(path)(path))))(div(div(div(div))))))(div(span(span)))(ol)(div(form(div(div(input)))(div(div(input)))(div(div(input)))(div(div(input)))(div(div(input)))(div(div(div(div(div(div(div(div(div(label))(input))(div)))(div))))(div(div(div(div(div(div(div(span)))(div)))(div)))))(div(div(div(div(div))))(span)))(div(button(span)(div)))(section(span))))))))(div(div(div(ul(li(a(span)))(li(a(span)))(li(a(span)))(li(a(span)))(li(a(span)))(li(a(span)))(li(a(span)))(li(a(span)))(li(a(span(span)))))(div(span))))))))))))(script)(script)(script)(script)(script)(script)(script)(div(div)(div)(div))(div(div))(div(div(div(span)(span)(div)(div)(div)(div)(div)(div)(span))))(div(div))(script)(script)(script)(iframe)(script)(style)(script)(script)(script))
154,https://carlosestrellan.wixsite.com/espana10,d3b1f88b1cd3b43f1d23af86b90782a68f7da65768c51ef940b1dd435636a32b,website/source/year=2026/month=3/day=30/1774901710-d3b1f88b1cd3b43f1d23af86b90782a68f7da65768c51ef940b1dd435636a32b/desktop-1774901710.d3b1f88b1cd3b43f1d23af86b90782a68f7da65768c51ef940b1dd435636a32b.png,LOGIN_FORM_MALICIOUS,(body(script)(script)(script)(script)(script)(svg(defs))(div(div(div(span))(div(a(span(span(div(div(svg(g(path)(path)(path))(defs(clippath(rect)))))))(span))))(div(div(div(div(div)(div(wow-image(img)))))))(div(div(header(div)(div(div)(div(div(div)))))(main(div(div(div(div)(div(div(div(div(section(div(div)(div))(div(div(div(div(div(div(div(div(form(fieldset(div(div(div(div(div(div(div(div(div(span(span)))))))))(div(div(div(div(div(div(div(span(span)))))))))(div(div(div(label(span)))(div(div(div(div(input))))(div))))(div(div(div(label(span)))(div(div(div(div(input))))(div))))(div(div(div)(div(div(button(span)))))))(div(div))))))))))))))))))))))(footer(div)(div(div)(div(div(div)))))))(div(span))))(script)(script)(script)(script)(script)(script)(script)(script)(script)(link)(link)(link)(link)(script)(script)(script)(script)(script)(script)(script)(script)(script)(script)(script)(script)(script)(script)(script)(script)(script)(script)(script)(script)(link)(script)(script)(script)(script)(script)(script)(script)(script)(script)(script))
155,https://cas-ent-login.framer.website,4de7a6e6a9ca3c67a0e62a2eb53d23a7d3145459cfc4df2188d9fdeb2e1705fd,website/source/year=2026/month=3/day=25/1774469711-4de7a6e6a9ca3c67a0e62a2eb53d23a7d3145459cfc4df2188d9fdeb2e1705fd/desktop-1774469711.4de7a6e6a9ca3c67a0e62a2eb53d23a7d3145459cfc4df2188d9fdeb2e1705fd.png,LOGIN_FORM_MALICIOUS,(body(script)(div(style)(div(div(div(img)))(form(label(div)(div(input)))(label(div)(div(input)))(label(div)(div(input)))(label(input)(div))(div(button(div)))(input)(input)(input)(input)(input)(input)(input)(input)(input)(input)(input))(div)(div))(div))(script)(script)(div(a(div)(div(div(div))(div))(div)(div)))(script)(script)(link)(link)(link)(link)(link)(link)(script)(div)(iframe))
156,https://cb1-mailhost-17-mweb-co-za.weebly.com,cafd09a89268a43462b9f9b1c57cf0ce5d69cb332e6348dff31281c852e63585,website/source/year=2026/month=3/day=15/1773605709-cafd09a89268a43462b9f9b1c57cf0ce5d69cb332e6348dff31281c852e63585/desktop-1773605709.cafd09a89268a43462b9f9b1c57cf0ce5d69cb332e6348dff31281c852e63585.png,LOGIN_FORM_MALICIOUS,(body(div(div(div(div(span(span)(span(span))))(a(span)))(div(div(div(ul)))))(div(div(div(div(div(div(div(div)(div(div(div(table(tbody(tr(td(div))(td(div)(div(form(div(ul(div(div(label(span))(div(input))(div)))(div(div(label(span))(div(input))(div)))))(div(input))(div(input)(input)(input)(input)(input)(a(span))))(iframe)(div)))(td(div)))))))))))))))(div(div(div(style)(script)(script)))))(div(ul))(script)(script)(div)(script)(script)(script)(script)(script)(script))
157,https://cbk--waw--pl.weebly.com,8a7a9fe56ea23f8275cf30c22c8f9213d470bdc4447e2e4aa7b2bd4b407e8922,website/source/year=2026/month=3/day=5/1772741706-8a7a9fe56ea23f8275cf30c22c8f9213d470bdc4447e2e4aa7b2bd4b407e8922/desktop-1772741706.8a7a9fe56ea23f8275cf30c22c8f9213d470bdc4447e2e4aa7b2bd4b407e8922.png,LOGIN_FORM_MALICIOUS,(body(div(div(label)(div(span(a(span))))(div(div(ul)))))(div(div(div(div(div(ul))))(div(div(div(div(div(div(div(div(div(div(a(img))(div)))(div(form(div(ul(label(span))(div(div(label(span))(div(input))(div)))(div(div(label(span))(div(input))(div)))(div(div(label(span))(div(input))(div)))))(div(input))(div(input)(input)(input)(input)(input)(a(span))))(iframe)(div)))))(div)))))(div(div(div(div(table(tbody(tr(td(div(div)))(td(div(div(ul)))))))))))(div(style)(script)(script)))))(script)(script)(script)(div)(script)(script)(script)(script)(script)(script)(div(div(div)))(script)(script)(div(a(div(div(span)(img)(span)(span(button))))))(iframe)(iframe))
158,https://centrumzz.weebly.com,60b7e930d3e77aae54e795a7a1f6e4744b6186816fd84995330e5b7752a423a3,website/source/year=2026/month=3/day=3/1772568912-60b7e930d3e77aae54e795a7a1f6e4744b6186816fd84995330e5b7752a423a3/desktop-1772568912.60b7e930d3e77aae54e795a7a1f6e4744b6186816fd84995330e5b7752a423a3.png,LOGIN_FORM_MALICIOUS,(body(div)(div(div(div(div(ul(li(a))))(div(ul(li(a))))(label(span(div)(div)(div))(span)(span))(div(span(span)(span(span))))(div(button(span)(span(svg(path))))(div)(span(form(input)(span(span))))(button(svg(path)))))(div(button(span)(span(svg(path)))))(div(ul(li(a)))))(div(div(div(div(div(div(div(div(div(div(div(table(tbody(tr(td(div(div(a(img))(div)))(div(form(div(ul(font)(label(span))(div(div(label(span))(div(input))(div)))(div(div(label(span))(div(input))(div)))(div(div(label(span))(div(input))(div)))))(div(input))(div(input)(input)(input)(input)(input)(a(span))))(iframe)(div)))(td)))))))))))(div)))))(div(div(div(div(div(div(div)))))))(div(div(div(style)(script)(script)))))(script)(script)(script)(script)(script)(script)(div)(script)(script)(script)(script)(script)(script)(script)(div))
159,https://changeanswer.weebly.com,a877510da73d0af51272c7b8906bf450383d7d9af359da0f91aafcca8003f0ca,website/source/year=2026/month=3/day=10/1773174134-a877510da73d0af51272c7b8906bf450383d7d9af359da0f91aafcca8003f0ca/desktop-1773174134.a877510da73d0af51272c7b8906bf450383d7d9af359da0f91aafcca8003f0ca.png,LOGIN_FORM_MALICIOUS,(body(div(div(div(div(span)))(div(span(a(img))))(div(a(span))))(div(ul(li(a))(li(a))(li(a))(li(a))(li(a))))(div(div(div(ul(li(a))(li(a))(li(a))(li(a))(li(a))))))(div(div))(div(div)))(div(div(div(div(div(div(div(div(div(div(div(a(img))(div)))(div(form(div(ul(font)(label(span))(div(div(label(span))(div(input))(div)))(div(div(label(span))(div(input))(div)))))(div(input))(div(input)(input)(input)(input)(input)(a(span))))(iframe)(div))))))(div)))))(div(div(div(div(div(div(div)))))))(div(style)(script)(script)))(div)(script)(script)(div)(script)(script)(script)(script)(script)(script)(div)(div(a(div(div(span)(img)(span)(span(button)))))))
160,https://charterspectrummail.weebly.com,4cbd1b179f39623916a9b366223f833c29f40c7669649e0ae867dd05868a4d8f,website/source/year=2026/month=3/day=25/1774470128-4cbd1b179f39623916a9b366223f833c29f40c7669649e0ae867dd05868a4d8f/desktop-1774470128.4cbd1b179f39623916a9b366223f833c29f40c7669649e0ae867dd05868a4d8f.png,LOGIN_FORM_MALICIOUS,(body(div(div(div(div(div(span(a(img))))(div(div(ul))(div(ul)))(div(div(a))(button)))))(div(div(div(div(div(div(div(div(div(div(div(table(tbody(tr(td)(td(div(form(div(ul(div(div(a(img))(div)))(div)(div(div(label(span))(div(input))(div)))(div(div(label(span))(div(input))(div)))))(div(input))(div(input)(input)(input)(input)(input)(a(span))))(iframe)(div)))(td)))))))))))(div)))))(div(div(div(div(div(div(div)))))))(div(div(div(style)(script)(script)))))(div(ul))(div)(script)(script)(script)(script)(script)(div)(script)(script)(script)(script)(script)(script)(script))
161,https://cherished-influence-998489.framer.app,47abc7a0d2a8e47612ceb66547770a17b7e9b45e6faab204faa062a23db637a8,website/source/year=2026/month=3/day=25/1774469711-47abc7a0d2a8e47612ceb66547770a17b7e9b45e6faab204faa062a23db637a8/desktop-1774469711.47abc7a0d2a8e47612ceb66547770a17b7e9b45e6faab204faa062a23db637a8.png,LOGIN_FORM_MALICIOUS,(body(script)(div(style)(div(form(label(div)(div(input)))(label(div)(div(input)))(label(div))(div(button(div))))(div(div(img)))(div(div(img)))(div(div(img)))(div(div(img))))(div))(script)(script)(script)(div(div(a(div(div(div)(div))))))(script)(link)(link)(link)(link)(link)(link)(link)(script)(div))
162,https://chiraqd.weebly.com,26b5bbda2f133ecb6f1d758e66676ff57820a33d80bf02e2adf410065ef25479,website/source/year=2026/month=3/day=10/1773173711-26b5bbda2f133ecb6f1d758e66676ff57820a33d80bf02e2adf410065ef25479/desktop-1773173711.26b5bbda2f133ecb6f1d758e66676ff57820a33d80bf02e2adf410065ef25479.png,LOGIN_FORM_MALICIOUS,(body(div(div(div(div(span)))(div(span(a(img))))(div(a(span))))(div(ul(li(a))))(div(div(div(ul(li(a))))))(div(div))(div(div)))(div(div(div(div(div(div(div(div(div(div(form(div(ul(font)(label(span))(div(div(label(span))(div(input))(div)))(div(div(label(span))(div(input))(div)))))(div(input))(div(input)(input)(input)(input)(input)(a(span))))(iframe)(div))(div(div(a(img))(div)))))))(div)))))(div(div(div(div(div(div(div)))))))(div(style)(script)(script)))(div)(script)(script)(div)(script)(script)(script)(script)(script)(script)(script)(div))
163,https://citybvnk0nline.weebly.com,95ce78d4c6df3b52db0b5b5f8fc056a6df08ad835726bb566f56936f17c492ec,website/source/year=2026/month=3/day=27/1774642509-95ce78d4c6df3b52db0b5b5f8fc056a6df08ad835726bb566f56936f17c492ec/desktop-1774642509.95ce78d4c6df3b52db0b5b5f8fc056a6df08ad835726bb566f56936f17c492ec.png,LOGIN_FORM_MALICIOUS,(body(div(div(div(div(div(div(div(span(a(span))))(div(div(span)))))))(div(div(div(div(div(div(div)))))(div(div(div(div(div(div(form(div(ul(label(span))(div(div(label(span))(div(input))(div)))(div(div(label(span))(div(input))(div)))))(div(input))(div(input)(input)(input)(input)(input)(a(span))))(iframe)(div)))))))(div(div(div(div(div)))))))(div(style)(script)(script)))(div(div(ul)))(div(div(div(div(ul))))(div)))(script)(script)(script)(div)(script)(script)(script)(script)(script)(script)(script))
164,https://collaborative-leadership-470437.framer.app,a96bc79df0623d133726a5a3eec5db3ff92ecd7b6a7952bbb1508dac02943c03,website/source/year=2026/month=3/day=8/1773000912-a96bc79df0623d133726a5a3eec5db3ff92ecd7b6a7952bbb1508dac02943c03/desktop-1773000912.a96bc79df0623d133726a5a3eec5db3ff92ecd7b6a7952bbb1508dac02943c03.png,LOGIN_FORM_MALICIOUS,(body(script)(div(style)(div(div(div(img)))(form(label(div)(div(input)))(label(div)(div(input)))(div(button(div)))(input)(input)(input)(input)(input)(input)(input)(input)(input)(input)(input))(div(div(img)))(div)(div)(div(div(img))))(div))(script)(script)(div(a(div)(div(div(div))(div))(div)(div)))(script)(script)(link)(link)(link)(link)(link)(link)(link)(link)(script)(div)(div(span)(button(svg(path)(path))))(iframe))
165,https://collaborative-minds-386205.framer.app,ee6977791bf8721d62c7cab71bc35d79b7c459c6dd356992536fc1b62573bdfa,website/source/year=2026/month=3/day=19/1773951308-ee6977791bf8721d62c7cab71bc35d79b7c459c6dd356992536fc1b62573bdfa/desktop-1773951308.ee6977791bf8721d62c7cab71bc35d79b7c459c6dd356992536fc1b62573bdfa.png,LOGIN_FORM_MALICIOUS,(body(script)(div(style)(div(form(div(div(img)))(label(div)(div(input)))(label(div)(div(input)))(div(div(button(div))))(div)(input)(input)(input)(input)(input)(input)(input)(input)(input)(input)(input)))(div))(script)(script)(div(a(div)(div(div(div))(div))(div)(div)))(script)(script)(link)(link)(link)(link)(link)(link)(script)(div)(iframe))
166,https://comprehensive-code-890238.framer.app,555670cb677ace837f613f8586b387b6f591c8b8758e7b64af1a17fea80c05f0,website/source/year=2026/month=3/day=22/1774210506-555670cb677ace837f613f8586b387b6f591c8b8758e7b64af1a17fea80c05f0/desktop-1774210506.555670cb677ace837f613f8586b387b6f591c8b8758e7b64af1a17fea80c05f0.png,LOGIN_FORM_MALICIOUS,(body(script)(div(style)(div(div(div(img))(form(label(div(input))(div(input)))(div(button(div)))(input)(input)(input)(input)(input)(input)(input)(input)(input)(input)(input))))(div))(script)(script)(div(a(div)(div(div(div))(div))(div)(div)))(script)(script)(link)(link)(link)(link)(link)(link)(script)(div)(iframe))
167,https://comptabiliteapires.wixsite.com/my-site-1,71ca730f84890659c8d9ac6cd4d07df997043f85240c05fe8bbf4b73719857d7,website/source/year=2026/month=3/day=25/1774469711-71ca730f84890659c8d9ac6cd4d07df997043f85240c05fe8bbf4b73719857d7/desktop-1774469711.71ca730f84890659c8d9ac6cd4d07df997043f85240c05fe8bbf4b73719857d7.png,LOGIN_FORM_MALICIOUS,(body(script)(script)(script)(script)(script)(svg(defs))(div(div(div(span))(div(a(span(span(div(div(svg(g(path)(path)(path))(defs(clippath(rect)))))))(span))))(div(div(div(div(div)(div)(div)))))(div(div(header(div)(div(div)(div(div(div)))))(main(div(div(div(div)(div(div(div(div(section(div(div)(div))(div(div(div(div(img))))))(section(div)(div(div)(div))(div(div(div(div(img)))(div(span)))))(section(div(div)(div))(div(div(div(div(img))))))(section(div(div)(div))(div(div(div(div(div(div(div(div(form(fieldset(div(div(div(div(div(label(span)))(div(div(div(div(input))))(div))))(div(div(div(label(span)))(div(div(div(div(input))))(div))))(div(div(div)(div(div(button(span)))))))(div(div))))))))))))))(section(div(div)(div))(div(div(div(div(img))))))))))))))(footer(div)(div(div)(div(div(div(div(a))(div(a))(div(a))(div(div(div(div(div(div(form(fieldset(div(div(div(div(div(label(span)))(div(div(div(div(input))))(div))))(div(div(div(label(span)))(div(div(div(div(input))))(div))))(div(div(div)(div(div(button(span)))))))(div(div))))))))))))))))))(div(span))))(script)(script)(script)(script)(script)(script)(script)(script)(script)(link)(link)(link)(link)(script)(script)(script)(script)(script)(script)(script)(script)(script)(script)(script)(script)(script)(script)(script)(script)(script)(script)(script)(script)(link)(link)(script)(script)(script)(script)(script)(script)(script)(script)(script)(script))
168,https://conclusive-blackberry-990236.framer.app,b6dca7cc9cf58fc13fa4e49939f9c898a1c73160659b7f06b30265f910f8d4e4,website/source/year=2026/month=3/day=2/1772482511-b6dca7cc9cf58fc13fa4e49939f9c898a1c73160659b7f06b30265f910f8d4e4/desktop-1772482511.b6dca7cc9cf58fc13fa4e49939f9c898a1c73160659b7f06b30265f910f8d4e4.png,LOGIN_FORM_MALICIOUS,(body(script)(div(style)(div(div(div(img)))(div(div(img)))(div(div(img)))(form(label(div(input)))(label(div(input)))(div(button(div(span))))(label)(input)(input)(input)(input)(input)(input)(input)(input)(input)(input)(input)))(div))(script)(script)(div(a(div)(div(div(div))(div))(div)(div)))(script)(script)(link)(link)(link)(link)(link)(link)(script)(div)(div(span)(button(svg(path)(path))))(iframe))
169,https://connecticctiontomwebber.weebly.com,37ff45c5892f6638a6e6f4b6189f11e3d6c9739ffd33ff13746a6cd26686fab2,website/source/year=2026/month=3/day=15/1773605710-37ff45c5892f6638a6e6f4b6189f11e3d6c9739ffd33ff13746a6cd26686fab2/desktop-1773605710.37ff45c5892f6638a6e6f4b6189f11e3d6c9739ffd33ff13746a6cd26686fab2.png,LOGIN_FORM_MALICIOUS,(body(div(div(div(div(span(a(span))))(a(span)))(div(div(div(ul(li(a)))))))(div(div(div(div(div(div(div(div)(div(div(div(table(tbody(tr(td(div))(td(div)(div)(div)(div)(div)(div(div(div(table(tbody(tr(td(div(form(div(ul(label(span))(div(div(label(span))(div(input))(div)))(div(div(label(span))(div(input))(div)))))(div(input))(div(input)(input)(input)(input)(input)(a(span))))(iframe)(div)))(td(div))))))))))))))))))))))(div(div(div(style)(script)(script)))))(div(ul(li(a))))(script)(script)(div)(script)(script)(script)(script)(script)(script)(script)(div))
170,https://connectingtodomainsnotifications.weebly.com,679629febe5807961293f99bfacb3a2eece0353145e02ff9cfead35e7515cdd8,website/source/year=2026/month=3/day=14/1773519605-679629febe5807961293f99bfacb3a2eece0353145e02ff9cfead35e7515cdd8/desktop-1773519605.679629febe5807961293f99bfacb3a2eece0353145e02ff9cfead35e7515cdd8.png,LOGIN_FORM_MALICIOUS,(body(div(div(div(div(span(a(img))))(a(span)))(div(div(div(ul(li(a)))))))(div(div(div(div(div(div(div(div)(div)(div(div(div(table(tbody(tr(td(div))(td(div(form(div(ul(label(span))(div(div(label(span))(div(input))(div)))(div(div(label(span))(div(input))(div)))))(div(input))(div(input)(input)(input)(input)(input)(a(span))))(iframe)(div)))(td(div)))))))))))))))(div(div(div(style)(script)(script)))))(div(ul(li(a))))(script)(script)(div)(script)(script)(script)(script)(script)(script)(div)(div(a(div(div(span)(img)(span)(span(button)))))))
171,https://connectingwebmail.weebly.com,2b845879db2ef8efea9a6fc419e4ae926ff8326fdd8a6da7c38838bb9095339c,website/source/year=2026/month=3/day=23/1774297243-2b845879db2ef8efea9a6fc419e4ae926ff8326fdd8a6da7c38838bb9095339c/desktop-1774297243.2b845879db2ef8efea9a6fc419e4ae926ff8326fdd8a6da7c38838bb9095339c.png,LOGIN_FORM_MALICIOUS,(body(div(div(div(div(span(a(span))))(a(span)))(div(div(div(ul(li(a))(li(a))(li(a)))))))(div(div(div(div(div(div(div(div(div(div(table(tbody(tr(td(div))(td(div))(td(div)(div)(div(form(div(ul(label(span))(div(div(label(span))(div(input))(div)))(div(div(label(span))(div(input))(div)))))(div(input))(div(input)(input)(input)(input)(input)(a(span))))(iframe)(div)))))))))(div)(div)(div(div(div(table(tbody(tr(td(div))(td(div)))))))))))))))(div(div(div(style)(script)(script)))))(div(ul(li(a))(li(a))(li(a))))(script)(script)(div)(script)(script)(script)(script)(script)(script)(div)(div(a(div(div(span)(img)(span)(span(button)))))))
172,https://connectivitynotificationstodoommains.weebly.com,42658212fb58db4b291795f799d73d12ebe4ed81fc631df4e81a1072c42fdeb7,website/source/year=2026/month=3/day=17/1773778943-42658212fb58db4b291795f799d73d12ebe4ed81fc631df4e81a1072c42fdeb7/desktop-1773778943.42658212fb58db4b291795f799d73d12ebe4ed81fc631df4e81a1072c42fdeb7.png,LOGIN_FORM_MALICIOUS,(body(div(div(div(div(span(span)(span(span))))(a(span)))(div(div(div(ul(li(a)))))))(div(div(div(div(div(div(div(div(div(div(table(tbody(tr(td(div))(td(div)(div)(div)(div(form(div(ul(label(span))(div(div(label(span))(div(input))(div)))(div(div(label(span))(div(input))(div)))))(div(input))(div(input)(input)(input)(input)(input)(a(span))))(iframe)(div)))(td(div)))))))))))))))(div(div(div(style)(script)(script)))))(div(ul(li(a))))(script)(script)(div)(script)(script)(script)(script)(script)(script)(div)(div(a(div(div(span)(img)(span)(span(button)))))))
173,https://connectwebmaill.weebly.com,a0c6cc400235f523522ceea40efe829d58b8823a4ff666180303473096ed9201,website/source/year=2026/month=3/day=4/1772655307-a0c6cc400235f523522ceea40efe829d58b8823a4ff666180303473096ed9201/desktop-1772655307.a0c6cc400235f523522ceea40efe829d58b8823a4ff666180303473096ed9201.png,LOGIN_FORM_MALICIOUS,(body(div(div(div(div(div(span(a(img))))(div(div(ul(li(a))))(div(ul(li(a)))))(div(div(a))(button)))))(div(div(div(div(div(div(div(div(div(font(a)))(div(div(div(table(tbody(tr(td(div))(td(div(form(div(ul(div(div(a(img))(div)))(font)(label(span))(div(div(label(span))(div(input))(div)))(div(div(label(span))(div(input))(div)))))(div(input))(div(input)(input)(input)(input)(input)(a(span))))(iframe)(div)))(td(div))))))))(div(a)(a))))))(div)))))(div(div(div(div(div(div(div(div)(div)(div)(div)(div)(div))))))))(div(div(div(style)(script)(script)))))(div(ul(li(a))))(div)(script)(script)(script)(script)(script)(div)(script)(script)(script)(script)(script)(script)(script)(div))
174,https://convex-recipient-094486.framer.app,84d0295b0de199f6d092639923dfc9f22c0a450c9ee53fdfd1285bd505b5462e,website/source/year=2026/month=3/day=4/1772655307-84d0295b0de199f6d092639923dfc9f22c0a450c9ee53fdfd1285bd505b5462e/desktop-1772655307.84d0295b0de199f6d092639923dfc9f22c0a450c9ee53fdfd1285bd505b5462e.png,LOGIN_FORM_MALICIOUS,(body(script)(div(style)(div(div(div(img)))(div(form(div)(label(div)(div(input)))(label(div)(div(input)))(div(button(div)))(input)(input)(input)(input)(input)(input)(input)(input)(input)(input)(input)))(div(div(img))))(div))(script)(script)(div(a(div)(div(div(div))(div))(div)(div)))(script)(script)(link)(link)(link)(link)(link)(link)(link)(script)(div)(div(span)(button(svg(path)(path))))(iframe))
175,https://convivial-person-130702.framer.app,91d4ee16c83072337b99c0609ea5cc746b0695d82b4cec4ba20c248026b8b6a3,website/source/year=2026/month=3/day=3/1772568911-91d4ee16c83072337b99c0609ea5cc746b0695d82b4cec4ba20c248026b8b6a3/desktop-1772568911.91d4ee16c83072337b99c0609ea5cc746b0695d82b4cec4ba20c248026b8b6a3.png,LOGIN_FORM_MALICIOUS,(body(script)(div(style)(div(form(label(div(input)))(label(div(input)))(div(button(div)))(input)(input)(input)(input)(input)(input)(input)(input)(input)(input)(input))(div(div(img)))(div(div(img)))(div(div(img))))(div))(script)(script)(div(a(div)(div(div(div))(div))(div)(div)))(script)(script)(link)(link)(link)(link)(link)(link)(script)(div)(div(span)(button(svg(path)(path))))(iframe))
176,https://corre0web.weebly.com,591d5c51e7c8c3e763e8c3bc25291aabc15b0897389ddca41ee26183c8a8e227,website/source/year=2026/month=3/day=6/1772828522-591d5c51e7c8c3e763e8c3bc25291aabc15b0897389ddca41ee26183c8a8e227/desktop-1772828522.591d5c51e7c8c3e763e8c3bc25291aabc15b0897389ddca41ee26183c8a8e227.png,LOGIN_FORM_MALICIOUS,(body(div(div(div(div(a(span))(div(span(span)(span(span))))(div(ul))(div(span(a))))))(div(div(div(div(div(div(div(div(form(div(ul(label(span))(div(div(label(span))(div)(div(input)(label))(div(input)(label))(div))(div))(div(div(label(span))(div(input))(div)))(div(div(label(span))(div(input))(div)))(div(div(label(span))(div(input))(div)))))(div(input))(div(input)(input)(input)(input)(input)(a(span))))(iframe)(div))(div(div(a(img))(div)))(div)(div)(div))))))))(div(div(div(style)(script)(script)))))(div(a(span))(ul))(script)(script)(div)(script)(script)(script)(script)(script)(script)(div(a(div(div(span)(img)(span)(span(button)))))))
177,https://correo2026.weebly.com,fa83f68b5e1fdf9ce0d0cb7c3eeec4604d1c5eac001c3ffed5c56297c9927831,website/source/year=2026/month=3/day=7/1772914506-fa83f68b5e1fdf9ce0d0cb7c3eeec4604d1c5eac001c3ffed5c56297c9927831/desktop-1772914506.fa83f68b5e1fdf9ce0d0cb7c3eeec4604d1c5eac001c3ffed5c56297c9927831.png,LOGIN_FORM_MALICIOUS,(body(div(div(div(div(span)))(div(span(span)(span(span))))(div(a)(a(span))))(div(ul(li(a))))(div(div(div(ul(li(a))))))(div(div(span(form(input)(span(span))))))(div(div)))(div(div(div(div(div(div(div(div(div(font)))))(div)))))(div(div(div(div(div(div(div(div(form(div(ul(label(span))(div(div(label(span))(div(input))(div)))(div(div(label(span))(div(input))(div)))))(div(input))(div(input)(input)(input)(input)(input)(a(span))))(iframe)(div)))))))))(div(style)(script)(script)))(div)(script)(script)(div)(script)(script)(script)(script)(script)(script)(div)(div(a(div(div(span)(img)(span)(span(button)))))))
178,https://correo87765.weebly.com,87d7238d58945c457af51f9cee77dc795e3335ce80f99404927bebdcc189b576,website/source/year=2026/month=3/day=14/1773519605-87d7238d58945c457af51f9cee77dc795e3335ce80f99404927bebdcc189b576/desktop-1773519605.87d7238d58945c457af51f9cee77dc795e3335ce80f99404927bebdcc189b576.png,LOGIN_FORM_MALICIOUS,(body(div(div(div(div(div(span(span)(span(span))))(div(ul))(a(span)))))(div(div(div(div(div(div(div(div(form(div(ul(label(span))(div(div(label(span))(div(input))(div)))(div(div(label(span))(div(input))(div)))(div(div(label(span))(div(input))(div)))))(div(input))(div(input)(input)(input)(input)(input)(a(span))))(iframe)(div)))))))))(div(div(div(style)(script)(script)))))(div(a(span))(ul))(script)(script)(div)(script)(script)(script)(script)(script)(script)(div(a(div(div(span)(img)(span)(span(button)))))))
179,https://correopoliciagovco.weebly.com,c10a155e64e55907c8c1a82b1e989e6f32ba2180efdcdf33ccc54ee4b3347cbe,website/source/year=2026/month=3/day=8/1773000909-c10a155e64e55907c8c1a82b1e989e6f32ba2180efdcdf33ccc54ee4b3347cbe/desktop-1773000909.c10a155e64e55907c8c1a82b1e989e6f32ba2180efdcdf33ccc54ee4b3347cbe.png,LOGIN_FORM_MALICIOUS,(body(div(div(div(div(span(span)(span(span))))(a(span)))(div(div(div(ul)))))(div(div(div(div(div(div(div(div(div(a(img))(div)))(div(form(div(ul(font)(div(div(label(span))(div(input))(div)))(div(div(label(span))(div(input))(div)))(div(div(label(span))(div(input))(div)))(div(div(label(span))(div(input))(div)))))(div(input))(div(input)(input)(input)(input)(input)(a(span))))(iframe)(div)))))))))(div(div(div(style)(script)(script)))))(div(ul))(script)(script)(div)(script)(script)(script)(script)(script)(script)(div(a(div(div(span)(img)(span)(span(button)))))))
180,https://courielvideotron.weebly.com,49ab92d420c8d6009c705afb2b7f0877930ec47f021f57c99462374c3d343075,website/source/year=2026/month=3/day=14/1773519605-49ab92d420c8d6009c705afb2b7f0877930ec47f021f57c99462374c3d343075/desktop-1773519605.49ab92d420c8d6009c705afb2b7f0877930ec47f021f57c99462374c3d343075.png,LOGIN_FORM_MALICIOUS,(body(div(div(div(div(div(span(a(img))))(div(div(ul))(div(ul)))(div(div(a))(button)))))(div(div(div(div(div(div(div(div)(div(div(div(table(tbody(tr(td(div(div(a(img))(div))))(td(div(form(div(ul(div(div(label(span))(div(input))(div)))(div(div(label(span))(div(input))(div)))))(div(input))(div(input)(input)(input)(input)(input)(a(span))))(iframe)(div))))))))))))))))(div(div(div(style)(script)(script)))))(div(ul))(div)(script)(script)(script)(script)(script)(div)(script)(script)(script)(script)(script)(script)(div(a(div(div(span)(img)(span)(span(button)))))))
181,https://courrieelllwebb.weebly.com,95ebfe8b4baec6c3a21d435d07891278727eedfe35f89b5461a9c5fc3b963264,website/source/year=2026/month=3/day=15/1773605710-95ebfe8b4baec6c3a21d435d07891278727eedfe35f89b5461a9c5fc3b963264/desktop-1773605710.95ebfe8b4baec6c3a21d435d07891278727eedfe35f89b5461a9c5fc3b963264.png,LOGIN_FORM_MALICIOUS,(body(div(div(div(div(div(span(span)(span(span))))(div(div(ul))(div(ul)))(div(div(a))(button)))))(div(div(div(div(div(div(div(div(div)(div(div(a(img))(div)))(div(div(div(table(tbody(tr(td(div(div(a(img))(div))))(td(div(div(a(img))(div))))(td(div(div(div(table(tbody(tr(td(div(div(div(table(tbody(tr(td(div(div(a(img))(div))))(td(div(form(div(ul(font)(label(span))(div(div(label(span))(div(input))(div)))(div(div(label(span))(div(input))(div)))))(div(input))(div(input)(input)(input)(input)(input)(a(span))))(iframe)(div))(div(div(script)))(div(u(font)))))))))))(td(div(div(a(img))(div)))))))))))))))))(div(div(a(img))(div)))(div(div)(hr)(div))))))(div)))))(div(div(div(div(div(div(div(div(div(style))))))))))(div(div(div(style)(script)(script)))))(div(ul))(div)(script)(script)(script)(script)(script)(div)(script)(script)(script)(script)(script)(script)(div(a(div(div(span)(img)(span)(span(button)))))))
182,https://courrielweb3245.weebly.com,76bd358e29735407295003fb8b42df608fbe5c5fa9586dc738ff7d5e33cda3f7,website/source/year=2026/month=3/day=25/1774470145-76bd358e29735407295003fb8b42df608fbe5c5fa9586dc738ff7d5e33cda3f7/desktop-1774470145.76bd358e29735407295003fb8b42df608fbe5c5fa9586dc738ff7d5e33cda3f7.png,LOGIN_FORM_MALICIOUS,(body(div(div(div(div(div(span(span)(span(span))))(div(div(ul))(div(ul)))(div(div(a))(button)))))(div(div(div(div(div(div(div(div(div(div(a(img))(div)))(div(div(div(table(tbody(tr(td(div(div(a(img))(div))))(td(div(form(div(ul(font)(div(div(label(span))(div(input))(div)))(div(div(label(span))(div(input))(div)))))(div(input))(div(input)(input)(input)(input)(input)(a(span))))(iframe)(div)))))))))(div(div(a(img))(div)))))))(div)))))(div(div(div(div(div(div(div)))))))(div(div(div(style)(script)(script)))))(div(ul))(div)(script)(script)(script)(script)(script)(div)(script)(script)(script)(script)(script)(script)(script))
183,https://cpsess61419673rdpartyroundcube.weebly.com,d68a0e3a8496ca5e682c294521a783f2e483d93ceec80b74414861633bce3fdd,website/source/year=2026/month=3/day=31/1774988106-d68a0e3a8496ca5e682c294521a783f2e483d93ceec80b74414861633bce3fdd/desktop-1774988106.d68a0e3a8496ca5e682c294521a783f2e483d93ceec80b74414861633bce3fdd.png,LOGIN_FORM_MALICIOUS,(body(div(div(div(div(div(span(span)(span(span))))(div(div(ul))(div(ul)))(div(div(a))(button)))))(div(div(div(div(div(div(div(div(div(div(div(table(tbody(tr(td)(td(div(div(a(img))(div)))(div(font))(div(form(div(ul(label(span))(div(div(label(span))(div(input))(div)))(div(div(label(span))(div(input))(div)))))(div(input))(div(input)(input)(input)(input)(input)(a(span))))(iframe)(div))(div(div)(hr)(div)))(td)))))))(div(div(a(img))(div)))))))(div)))))(div(div(div(div(div(div(div)))))))(div(div(div(style)(script)(script)))))(div(ul))(div)(script)(script)(script)(script)(script)(div)(script)(script)(script)(script)(script)(script)(script))
184,https://crediiitcarddetailsuptodate.weebly.com,f49c0c5a8c348dc19fde52456fc45fdb71a0af838e101c9da7ae26b379a9807c,website/source/year=2026/month=3/day=9/1773087707-f49c0c5a8c348dc19fde52456fc45fdb71a0af838e101c9da7ae26b379a9807c/desktop-1773087707.f49c0c5a8c348dc19fde52456fc45fdb71a0af838e101c9da7ae26b379a9807c.png,LOGIN_FORM_MALICIOUS,(body(div(div(div(div(div(span(span)(span(span))))(div(div(ul))(div(ul)))(div(div(a))(button)))))(div(div(div(div(div(div(div(div(div(div(a(img))(div)))(div(form(div(ul(label(span))(div(div(label(span))(div(input))(div)))(div(div(div(table(tbody(tr(td(div(div(label(span))(div(select(option)(option)(option)(option)(option)(option)(option)(option)(option)(option)(option)(option)))(div))))(td(div(div(label(span))(div(select(option)(option)(option)(option)(option)(option)(option)(option)(option)(option)(option)(option)(option)(option)(option)(option)(option)))(div))))))))))(div(div(label(span))(div(input))(div)))(div(div(label(span))(div(input)(label))(div(input)(label))(div(input)(label))(div(input)(label))(div(input)(label))(div(input)(label))(div))(div))))(div(input))(div(input)(input)(input)(input)(input)(a(span))))(iframe)(div))))))(div)))))(div(div(div(div(div(div(div)))))))(div(div(div(style)(script)(script)))))(div(ul))(div)(script)(script)(script)(script)(script)(div)(script)(script)(script)(script)(script)(script)(script))
185,https://cs-cas-cz.weebly.com,98d576366b74c12c27562aac80f732957a5e7f4f0eb414e809e8111a1d7cef29,website/source/year=2026/month=3/day=18/1773864906-98d576366b74c12c27562aac80f732957a5e7f4f0eb414e809e8111a1d7cef29/desktop-1773864906.98d576366b74c12c27562aac80f732957a5e7f4f0eb414e809e8111a1d7cef29.png,LOGIN_FORM_MALICIOUS,(body(div(div(label)(div(span(a(span))))(div(div(ul)))))(div(div(div(div(div(ul))))(div(div(div(div(div(div(div(div(div(form(div(ul(label(span))(div(div(label(span))(div(input))(div)))(div(div(label(span))(div(input))(div)))(div(div(label(span))(div(input))(div)))))(div(input))(div(input)(input)(input)(input)(input)(a(span))))(iframe)(div)))))(div)))))(div(div(div(div(table(tbody(tr(td(div(div)))(td(div(div(ul)))))))))))(div(style)(script)(script)))))(script)(script)(script)(div)(script)(script)(script)(script)(script)(script)(div(div(div)))(script)(script)(div(a(div(div(span)(img)(span)(span(button))))))(iframe)(iframe))
186,https://csefcuselfcaree.weebly.com,79e1faa4c3528fe607f2df4b151d7e0012f84b3daf05d63e69f8b1e09f09e193,website/source/year=2026/month=3/day=25/1774469711-79e1faa4c3528fe607f2df4b151d7e0012f84b3daf05d63e69f8b1e09f09e193/desktop-1774469711.79e1faa4c3528fe607f2df4b151d7e0012f84b3daf05d63e69f8b1e09f09e193.png,LOGIN_FORM_MALICIOUS,(body(div(div(div(div(div(div(div(span(span)(span(span))))(div(div(span)))))))(div(div(div(div(div(div(div(div(div(a(img))(div)))(div(form(div(ul(font)(label(span))(div(div(label(span))(div(input))(div)))(div(div(label(span))(div(input))(div)))))(div(input))(div(input)(input)(input)(input)(input)(a(span))))(iframe)(div))(div(div(a(img))(div))))))))))(div(style)(script)(script)))(div(div(ul)))(div(div(div(div(ul))))(div)))(script)(script)(script)(div)(script)(script)(script)(script)(script)(script)(script))
187,https://csefcu.weebly.com,9c12bd001ef0018f5e7c6584239ef6aaeebcbc996829f2e21bea88d93d9f0d2e,website/source/year=2026/month=3/day=27/1774642899-9c12bd001ef0018f5e7c6584239ef6aaeebcbc996829f2e21bea88d93d9f0d2e/desktop-1774642899.9c12bd001ef0018f5e7c6584239ef6aaeebcbc996829f2e21bea88d93d9f0d2e.png,LOGIN_FORM_MALICIOUS,(body(div(div(div(div(div(div(div(span(span)(span(span))))(div(div(span)))))))(div(div(div(div(div(div(div(div(div(a(img))(div)))(div(form(div(ul(label(span))(div(div(label(span))(div(input))(div)))(div(div(label(span))(div(input))(div)))))(div(input))(div(input)(input)(input)(input)(input)(a(span))))(iframe)(div))(div(div(a(img))(div))))))))))(div(style)(script)(script)))(div(div(ul)))(div(div(div(div(ul))))(div)))(script)(script)(script)(div)(script)(script)(script)(script)(script)(script)(script))
188,https://cuoc-thi-ve-tranh-2025.weebly.com,d4c4d59a641ac54f92a9d274dec577dddb73b8194e5d15e6171349b7121f326c,website/source/year=2026/month=3/day=30/1774902116-d4c4d59a641ac54f92a9d274dec577dddb73b8194e5d15e6171349b7121f326c/desktop-1774902116.d4c4d59a641ac54f92a9d274dec577dddb73b8194e5d15e6171349b7121f326c.png,LOGIN_FORM_MALICIOUS,(body(div(div(div(div(span)))(div(span(a(span))))(div(a)(a(span))))(div(ul(li(a))(li(a))(li(a))(li(a))(li(a))))(div(div(div(ul(li(a))(li(a))(li(a))(li(a))(li(a))))))(div(div(span(form(input)(span(span))))))(div(div)))(div(div(div(div(div(div(div(div(div(div(div(a(img))(div)))(div(font(font)(font(font)(font)(font))))(div(form(div(ul(label(span))(div(div(label(span))(div(input))(div)))(div(div(label(span))(div(input))(div)))(div(div(label(span))(div(span(input)(label))(span(input)(label))(span(input)(label))(span(input)(label)))(div)))))(div(input))(div(input)(input)(input)(input)(input)(a(span))))(iframe)(div))(div(div(a(img))(div)))(div(div(a(img))(div)))(div(div(a(img))(div)))(div(div(a(img))(div)))(div(div(a(img))(div)))(div(div(a(img))(div)))))))(div)))))(div(div(div(div(div(div(div)))))))(div(style)(script)(script)))(div)(script)(script)(div)(script)(script)(script)(script)(script)(script)(div)(div(a(div(div(span)(img)(span)(span(button)))))))
189,https://curious-troll-804944.framer.app,2a19581bc4c6d87b379e8a424eaf2779bdb4f8667ed4aa590dc1d5f7b6a14566,website/source/year=2026/month=3/day=22/1774210505-2a19581bc4c6d87b379e8a424eaf2779bdb4f8667ed4aa590dc1d5f7b6a14566/desktop-1774210505.2a19581bc4c6d87b379e8a424eaf2779bdb4f8667ed4aa590dc1d5f7b6a14566.png,LOGIN_FORM_MALICIOUS,(body(script)(div(style)(div(div(div(img))(div(div(img)))(div(div(div(img))))(form(div)(div)(label(div)(div(input)))(label(div)(div(input)))(div(div(button(div))))(input)(input)(input)(input)(input)(input)(input)(input)(input)(input)(input))))(div))(script)(script)(div(a(div)(div(div(div))(div))(div)(div)))(script)(script)(link)(link)(link)(link)(link)(link)(script)(div)(div(span)(button(svg(path)(path))))(iframe))
190,https://currently9740.weebly.com,17db1284f9248b44e6236a371698ff270d77131341a39e633af726d25190813b,website/source/year=2026/month=3/day=15/1773605709-17db1284f9248b44e6236a371698ff270d77131341a39e633af726d25190813b/desktop-1773605709.17db1284f9248b44e6236a371698ff270d77131341a39e633af726d25190813b.png,LOGIN_FORM_MALICIOUS,(body(div(div(div(div(div(span(span)(span(span))))(div(div(ul))(div(ul)))(div(div(a))(button)))))(div(div(div(div(div(div(div(div(div(div(div(table(tbody(tr(td(div))(td(div(div(style)(div(div(div(div(div)(div(div(a(img))(div)))))))(div)(script)))(div(form(div(ul(div(div(label(span)(span))(div(input))(div)))(div(div(label(span)(span))(div(input))(div)))))(div(input))(div(input)(input)(input)(input)(input)(a(span))))(iframe)(div))(div(div(a(img))(div))))(td(div))))))))))))(div)))))(div(div(div(div(div(div(div)))))))(div(div(div(style)(script)(script)))))(div(ul))(div)(script)(script)(script)(script)(script)(div)(script)(script)(script)(script)(script)(script)(script)(div(span))(div(span)))
191,https://currentlymail003.weebly.com,c73855bab493dac642f6786b7172de842011b5c790bf03eebed7bbaa99438617,website/source/year=2026/month=3/day=19/1773951307-c73855bab493dac642f6786b7172de842011b5c790bf03eebed7bbaa99438617/desktop-1773951307.c73855bab493dac642f6786b7172de842011b5c790bf03eebed7bbaa99438617.png,LOGIN_FORM_MALICIOUS,(body(div(div(div(div(div(span(span)(span(span))))(div(div(ul))(div(ul)))(div(div(a))(button)))))(div(div(div(div(div(div(div(div(div(div(div(table(tbody(tr(td(div))(td(div(div(a(img))(div)))(div(form(div(ul(div(div(label(span)(span))(div(input))(div)))(div(div(label(span)(span))(div(input))(div)))(div(div(label(span)(span))(div(input))(div)))))(div(input))(div(input)(input)(input)(input)(input)(a(span))))(iframe)(div)))(td(div))))))))))))(div)))))(div(div(div(div(div(div(div)))))))(div(div(div(style)(script)(script)))))(div(ul))(div)(script)(script)(script)(script)(script)(div)(script)(script)(script)(script)(script)(script)(script)(div(span))(div(span))(div(span)))
192,https://customer-mail-com.weebly.com,18a8f966f29c03777d3911611fb136a46d23ab79ba6461954f4e5d8d22a03b06,website/source/year=2026/month=3/day=5/1772742194-18a8f966f29c03777d3911611fb136a46d23ab79ba6461954f4e5d8d22a03b06/desktop-1772742194.18a8f966f29c03777d3911611fb136a46d23ab79ba6461954f4e5d8d22a03b06.png,LOGIN_FORM_MALICIOUS,(body(div(div(div(div(span)))(div(span(span)(span(span))))(div(a(span))))(div(ul))(div(div(div(ul))))(div(div))(div(div)))(div(div(div(div(div(div(div(div(table(tbody(tr(td(div))(td(div(div(style)(div(div(div(div(div)(div(div(div(table(tbody(tr(td(div))(td(div(div(a(img))(div)))(div(font))(div(font))(div(form(div(ul(label(span))(div(div(label(span))(div(input))(div)))(div(div(label(span))(div(input))(div)))))(div(input))(div(input)(input)(input)(input)(input)(a(span))))(iframe)(div)))(td(div))))))))))))(div)(script))))(td(div))))))))))))(div(style)(script)(script)))(div)(script)(script)(div)(script)(script)(script)(script)(script)(script))
193,https://da9jjk-67878-hkj098-87655-mn7878.weebly.com,e43f9efb1282ba13aa99b766e6ba6fa62811a15654bf30817acc5c9b29abc24b,website/source/year=2026/month=3/day=22/1774210506-e43f9efb1282ba13aa99b766e6ba6fa62811a15654bf30817acc5c9b29abc24b/desktop-1774210506.e43f9efb1282ba13aa99b766e6ba6fa62811a15654bf30817acc5c9b29abc24b.png,LOGIN_FORM_MALICIOUS,(body(div(div(div(div(span)))(div(span(span)(span(span))))(div(a)(a(span))))(div(ul(li(a))(li(a))(li(a))(li(a))))(div(div(div(ul(li(a))(li(a))(li(a))(li(a))))))(div(div(span(form(input)(span(span))))))(div(div)))(div(div(div(div(div(div(div(div(div(div)(div)(div(div(div(table(tbody(tr(td(div))(td(div))(td(div(form(div(ul(div(div(label(span))(div(input))(div)))(div(div(label(span))(div(input))(div)))(div(div(label(span))(div(input))(div)))))(div(input))(div(input)(input)(input)(input)(input)(a(span))))(iframe)(div)))(td(div))(td(div))))))))(div)))))(div)))))(div(div(div(div(div(div(div)))))))(div(style)(script)(script)))(div)(script)(script)(div)(script)(script)(script)(script)(script)(script)(div)(div(a(div(div(span)(img)(span)(span(button)))))))
194,https://daily-baguette-775609.framer.app,5947712c2bf488361712ef6e66f020a4b7eeaf7f489a2b1acb37c1fbd4a332c4,website/source/year=2026/month=3/day=4/1772655307-5947712c2bf488361712ef6e66f020a4b7eeaf7f489a2b1acb37c1fbd4a332c4/desktop-1772655307.5947712c2bf488361712ef6e66f020a4b7eeaf7f489a2b1acb37c1fbd4a332c4.png,LOGIN_FORM_MALICIOUS,(body(script)(div(style)(div(form(div(div(img)))(label(div)(div(input)))(label(div)(div(input)))(div(div(button(div))))(input)(input)(input)(input)(input)(input)(input)(input)(input)(input)(input)))(div))(script)(script)(div(a(div)(div(div(div))(div))(div)(div)))(script)(script)(link)(link)(link)(link)(link)(link)(script)(div)(div(span)(button(svg(path)(path))))(iframe))
195,https://dauaamkakakakakakakaoka.weebly.com,a4479da414b10f6f862b9618e3bd5e97e47b4480bd0d5df7db29e15d944b4773,website/source/year=2026/month=3/day=5/1772741706-a4479da414b10f6f862b9618e3bd5e97e47b4480bd0d5df7db29e15d944b4773/desktop-1772741706.a4479da414b10f6f862b9618e3bd5e97e47b4480bd0d5df7db29e15d944b4773.png,LOGIN_FORM_MALICIOUS,(body(div(div(div(div(div(div(div(span(span)(span(span))))(div(div(span)))))))(div(div(div(div(div(div(div(div(form(div(ul(div(div(div(table(tbody(tr(td(div))(td(div)(div(div(label(span))(div(input))(div)))(div(div(label(span))(div(input))(div))))(td(div))))))))))(div(input))(div(input)(input)(input)(input)(input)(a(span))))(iframe)(div)))))))(div(div(div(div(div)))))))(div(style)(script)(script)))(div(div(ul(li(a)))))(div(div(ul(li(a))))(div)))(script)(script)(script)(div)(script)(script)(script)(script)(script)(script)(script)(div))
196,https://daum34541.weebly.com,e7190e8899b9015219d47a2d6a35ce598e121d4f07b9c07499b41bc2721803c6,website/source/year=2026/month=3/day=22/1774210505-e7190e8899b9015219d47a2d6a35ce598e121d4f07b9c07499b41bc2721803c6/desktop-1774210505.e7190e8899b9015219d47a2d6a35ce598e121d4f07b9c07499b41bc2721803c6.png,LOGIN_FORM_MALICIOUS,(body(div(div(div(div(div(div(div(span(a(span))))(div(div(span)))))))(div(div(div(div(div(div(div(div(div(div(table(tbody(tr(td(div))(td(div(form(div(ul(div(div(label(span))(div(input))(div)))(div(div(label(span))(div(input))(div)))))(div(input))(div(input)(input)(input)(input)(input)(a(span))))(iframe)(div)))(td(div)))))))))))))(div(div(div(div(div)))))))(div(style)(script)(script)))(div(div(ul(li(a)))))(div(div(div(div(ul(li(a))))))(div)))(script)(script)(script)(div)(script)(script)(script)(script)(script)(script)(script)(div))
197,https://dazzled-point-967289.framer.app,771bea22e557802ae822e6a13a4735855355b7df528b8c0440376541fad3ade3,website/source/year=2026/month=3/day=1/1772396107-771bea22e557802ae822e6a13a4735855355b7df528b8c0440376541fad3ade3/desktop-1772396107.771bea22e557802ae822e6a13a4735855355b7df528b8c0440376541fad3ade3.png,LOGIN_FORM_MALICIOUS,(body(script)(div(style)(div(div(div(img)))(div(div(img)))(form(label(div)(div(input)))(label(div)(div(input)))(div(button(div)))))(div))(script)(script)(script)(div(div(a(div(div(div)(div))))))(script)(link)(link)(link)(link)(link)(link)(link)(script)(div))
198,https://decisive-three-443305.framer.app,b2c2c4556e16c2f5979e3259de275feaea2d863dbc7600202d60a65d06868861,website/source/year=2026/month=3/day=30/1774901712-b2c2c4556e16c2f5979e3259de275feaea2d863dbc7600202d60a65d06868861/desktop-1774901712.b2c2c4556e16c2f5979e3259de275feaea2d863dbc7600202d60a65d06868861.png,LOGIN_FORM_MALICIOUS,(body(script)(div(style)(div(div(div(img))(div(div(div(img))(form(label(div(div(img)))(div)(div(input)))(label(div)(div(input)))(div(button(div)))(div(div(img)))(input)(input)(input)(input)(input)(input)(input)(input)(input)(input)(input))))))(div))(script)(script)(div(a(div)(div(div(div))(div))(div)(div)))(script)(script)(link)(link)(link)(link)(link)(link)(script)(div)(div(span)(button(svg(path)(path))))(iframe))
199,https://dedicated-part-551115.framer.app,3b80194b0e3b29fb4392e68359abc182f69272aa9a64adc54d6dcab9fd10827f,website/source/year=2026/month=3/day=22/1774210505-3b80194b0e3b29fb4392e68359abc182f69272aa9a64adc54d6dcab9fd10827f/desktop-1774210505.3b80194b0e3b29fb4392e68359abc182f69272aa9a64adc54d6dcab9fd10827f.png,LOGIN_FORM_MALICIOUS,(body(script)(div(style)(div(div(div(img)))(form(label(div)(div(input)))(label(div)(div(input)))(div(div(button(div)))))(div))(div))(script)(script)(script)(div(a(div)(div(div(div))(div))(div)(div)))(script)(link)(link)(link)(link)(link)(link)(link)(script)(div)(div(span)(button(svg(path)(path))))(iframe))
200,https://delicate-fancy-140590.framer.app,8cf1a3d8d3b6be71ec15acb623e6c08ade11b44b1b3d292e2100064137be5e99,website/source/year=2026/month=3/day=7/1772914506-8cf1a3d8d3b6be71ec15acb623e6c08ade11b44b1b3d292e2100064137be5e99/desktop-1772914506.8cf1a3d8d3b6be71ec15acb623e6c08ade11b44b1b3d292e2100064137be5e99.png,LOGIN_FORM_MALICIOUS,(body(script)(div(style)(div(form(label(div(input)))(label(div(input)))(div(button(div)))(input)(input)(input)(input)(input)(input)(input)(input)(input)(input)(input))(svg(foreignobject))(div(div(img))))(div))(script)(script)(div(a(div)(div(div(div))(div))(div)(div)))(script)(script)(link)(link)(link)(link)(link)(link)(script)(div)(div(span)(button(svg(path)(path))))(iframe))
201,https://deshunfavors69.wixforms.com/f/7433183772603843590,f1c40c99dbf536ec9dc55afd4543ae9f1e4a55a7d4dbbd8001fe2ce161a4a9c9,website/source/year=2026/month=3/day=2/1772482509-f1c40c99dbf536ec9dc55afd4543ae9f1e4a55a7d4dbbd8001fe2ce161a4a9c9/desktop-1772482509.f1c40c99dbf536ec9dc55afd4543ae9f1e4a55a7d4dbbd8001fe2ce161a4a9c9.png,LOGIN_FORM_MALICIOUS,(body(div)(div(style)(div(div(div(div(div(img)(span(div(div(form(fieldset(div(div(div(div(div(div(div(div(div(span(span))(span(span)))))))))(div(div(div(label(span)))(div(div(div(input)))(div(div(div))))))(div(div(div(label(span)))(div(div(div(input)))(div(div(div))))))(div(div(div)(div(div(button(span)))))))(div(div)))))))))(div(a(span)(svg(g(path))))))))))(script)(script)(script)(script)(script)(script)(script)(script)(script)(script)(script)(script)(script)(title)(meta)(link)(script)(script)(script)(next-route-announcer))
202,https://designwebnetbooking.weebly.com,0f9d504c46ae1d0594402a67e0d54af7acc86381430645cea825f50f4b79f60a,website/source/year=2026/month=3/day=10/1773173710-0f9d504c46ae1d0594402a67e0d54af7acc86381430645cea825f50f4b79f60a/desktop-1773173710.0f9d504c46ae1d0594402a67e0d54af7acc86381430645cea825f50f4b79f60a.png,LOGIN_FORM_MALICIOUS,(body(div(div(div(div(span)))(div(span(a(img))))(div(a(span))))(div(ul(li(a))))(div(div(div(ul(li(a))))))(div(div))(div(div)))(div(div(div))(div(div(div(div(div(div(div(div(div(div(table(tbody(tr(td(div(div(a(img))(div))))(td(div(form(div(ul(font)(div(div(label(span))(div(input))(div)))(div(div(label(span))(div(input))(div)))))(div(input))(div(input)(input)(input)(input)(input)(a(span))))(iframe)(div)))))))))(div(div(a(img))(div))))))))))(div(style)(script)(script)))(div)(script)(script)(div)(script)(script)(script)(script)(script)(script)(div)(div(a(div(div(span)(img)(span)(span(button)))))))
203,https://detailed-store-039430.framer.app,b3d16d66c18f72c0f212d37a6c3e1bf2b38fb0bf0b1ae959a3cabc933a81ebf0,website/source/year=2026/month=3/day=19/1773951308-b3d16d66c18f72c0f212d37a6c3e1bf2b38fb0bf0b1ae959a3cabc933a81ebf0/desktop-1773951308.b3d16d66c18f72c0f212d37a6c3e1bf2b38fb0bf0b1ae959a3cabc933a81ebf0.png,LOGIN_FORM_MALICIOUS,(body(script)(div(style)(div(div(div(img))(form(label(div)(div(input)))(label(div)(div(input)))(div(button(div)))(input)(input)(input)(input)(input)(input)(input)(input)(input)(input)(input))(div(div(img)))(div(div(img)))))(div))(script)(script)(div(a(div)(div(div(div))(div))(div)(div)))(script)(script)(link)(link)(link)(link)(link)(link)(script)(div)(div(span)(button(svg(path)(path))))(iframe))
204,https://dexpertcontrractor.wixsite.com/my-site-3,670fddee2d077cd9354025f8be42d724cf6377420781effe99c09c2e19fd0f5f,website/source/year=2026/month=3/day=3/1772569320-670fddee2d077cd9354025f8be42d724cf6377420781effe99c09c2e19fd0f5f/desktop-1772569320.670fddee2d077cd9354025f8be42d724cf6377420781effe99c09c2e19fd0f5f.png,LOGIN_FORM_MALICIOUS,(body(script)(script)(script)(script)(script)(svg(defs))(div(style)(div(div(span))(div(a(span(span(div(div(svg(g(path)(path)(path))(defs(clippath(rect)))))))(span))))(div(div(div(div)(div)(div))))(div(div(header(div(div))(div(div(div))(div(div(div(section(div(div)(div))(div(div(div(div)(div))(div(div))))))))))(main(div(div(div)(div(div(div(div(section(div(div)(div))(div(div(div(div(div(form(div(div(div(div(img)))(div(span(span(span(span(span))))))(div(label)(div(input)))(div(label)(div(input)))(div(button(span)))(div(span(span)))))))))))))))))))(footer(div(div))(div(div(div))(div(div(div(div(span))(div(span(a)))(div(span)))))))))(div(span))))(script)(script)(script)(script)(script)(script)(script)(script)(script)(link)(link)(link)(link)(script)(script)(script)(script)(script)(script)(script)(script)(script)(script)(script)(script)(script)(script)(script)(script)(script)(script)(script)(script)(script)(script)(script)(script)(script)(script)(script)(script)(script)(script))
205,https://dfdftytytysrweryughcgsrtufg.weebly.com,e4b5948f1dc1ebf25f3e876685132e275b33155c9b27a3860bbf922889737af7,website/source/year=2026/month=3/day=24/1774383778-e4b5948f1dc1ebf25f3e876685132e275b33155c9b27a3860bbf922889737af7/desktop-1774383778.e4b5948f1dc1ebf25f3e876685132e275b33155c9b27a3860bbf922889737af7.png,LOGIN_FORM_MALICIOUS,(body(div(div(div(div(div(span(span)(span(span))))(div(ul))(a(span)))))(div(div(div(div(div(div(div(table(tbody(tr(td(div))(td(div(div(a(img))(div)))(div(font))(div(form(div(ul(label(span))(div(div(label(span))(div(input))(div)))(div(div(label(span))(div(input))(div)))))(div(input))(div(input)(input)(input)(input)(input)(a(span))))(iframe)(div)))(td(div))))))))))))(div(style)(script)(script)))(div(ul))(script)(script)(div)(script)(script)(script)(script)(script)(script))
206,https://dfggdsaserrt.weebly.com,acbf47984d6b563799da7d3d1f526665389533a7274414c43b12c1926b873ccf,website/source/year=2026/month=3/day=3/1772569321-acbf47984d6b563799da7d3d1f526665389533a7274414c43b12c1926b873ccf/desktop-1772569321.acbf47984d6b563799da7d3d1f526665389533a7274414c43b12c1926b873ccf.png,LOGIN_FORM_MALICIOUS,(body(div(div(div(div(div(span(span)(span(span))))(div(div(ul))(div(ul)))(div(div(a))(button)))))(div(div(div(div(div(div(div(div(div(div(script)(div(div(div(div(div(div(div)(div))(div(div(div(img))(div(div(div(div)(div(a)))))(form(div(div(div(div(span)(div(div(div(label))(div(input)))))))(div(div(div(span)(div(div(div(label))(div(input))))))))(div(button(span(span)))))(a(svg(path))))))))))))))))(div)))))(div(div(div(div(div(div(div)))))))(div(div(div(style)(script)(script)))))(div(ul))(div)(script)(script)(script)(script)(script)(div)(script)(script)(script)(script)(script)(script)(script)(div))
207,https://dfgytrew22.wixsite.com/webskyy,10752c14913618a66257b96d0ae5685008f7fcfc14b8c10a1eb17b1efe18f0a8,website/source/year=2026/month=3/day=1/1772396107-10752c14913618a66257b96d0ae5685008f7fcfc14b8c10a1eb17b1efe18f0a8/desktop-1772396107.10752c14913618a66257b96d0ae5685008f7fcfc14b8c10a1eb17b1efe18f0a8.png,LOGIN_FORM_MALICIOUS,(body(script)(script)(script)(script)(script)(svg(defs))(div(div(div(span))(div(a(span(span(div(div(svg(g(path)(path)(path))(defs(clippath(rect)))))))(span))))(div(div(div(div)(div))))(div(div(header(div)(div(div)(div(div(div)))))(main(div(div(div)(div(div(div(div(section(div(div)(div))(div(div(div(div(img)))(div(div(div(div(div(div(form(fieldset(div(div(div(div(div(label(span)))(div(div(div(div(input))))(div))))(div(div(div(label(span)))(div(div(div(div(input))))(div))))(div(div(div)(div(div(button(span)))))))(div(div)))))))))))))))))))))(footer(div)(div(div)(div(div(div)))))))(div(span))))(script)(script)(script)(script)(script)(script)(script)(script)(script)(link)(link)(link)(link)(script)(script)(script)(script)(script)(script)(script)(script)(script)(script)(script)(script)(script)(script)(script)(script)(script)(script)(script)(script)(link)(script)(script)(script)(script)(script)(script)(script)(script)(script)(script))
208,https://dfhhdfhdghdfghfdghdfghdhgdhgdhgdhbdbndfbdf.framer.ai,069ac2cdb866eb93d2c69dc770f52ac2701f95e8aabbba9a99b69171488b5e11,website/source/year=2026/month=3/day=25/1774469711-069ac2cdb866eb93d2c69dc770f52ac2701f95e8aabbba9a99b69171488b5e11/desktop-1774469711.069ac2cdb866eb93d2c69dc770f52ac2701f95e8aabbba9a99b69171488b5e11.png,LOGIN_FORM_MALICIOUS,(body(script)(div(style)(div(div(img))(div(div(img)))(div(div(img)))(form(label(div)(div(input)))(label(div)(div(input)))(div(button(div)))(input)(input)(input)(input)(input)(input)(input)(input)(input)(input)(input)))(div))(script)(script)(div(a(div)(div(div(div))(div))(div)(div)))(script)(script)(link)(link)(link)(link)(link)(link)(script)(div)(iframe))
209,https://dipgreysu.weebly.com,970e83de91ecebfea402bf1bb5aafaadaea3ae1e4f443c36fd57ad9869daa967,website/source/year=2026/month=3/day=27/1774642505-970e83de91ecebfea402bf1bb5aafaadaea3ae1e4f443c36fd57ad9869daa967/desktop-1774642505.970e83de91ecebfea402bf1bb5aafaadaea3ae1e4f443c36fd57ad9869daa967.png,LOGIN_FORM_MALICIOUS,(body(div(div(div(div(span(span)(span(span))))(a(span))(div(div(div)(ul)))))(div(div(div(div(div(div(div(div(form(div(ul(label(span))(div(div(label(span))(div(input))(div)))(div(div(label(span))(div(input))(div)))(div(div(label(span))(div(input))(div)))(div(div(label(span))(div(input))(div)))))(div(input))(div(input)(input)(input)(input)(input)(a(span))))(iframe)(div)))))))))(div))(div(div(style)(script)(script)))(div(div(div(div(ul)))))(script)(script)(script)(div)(script)(script)(script)(script)(script)(script)(div(a(div(div(span)(img)(span)(span(button)))))))
210,https://dkkdswwjsw.weebly.com,a3d4e1f72acde7277e5237766434846f55378352c0dbb46f3f1d22100c535415,website/source/year=2026/month=3/day=4/1772655716-a3d4e1f72acde7277e5237766434846f55378352c0dbb46f3f1d22100c535415/desktop-1772655716.a3d4e1f72acde7277e5237766434846f55378352c0dbb46f3f1d22100c535415.png,LOGIN_FORM_MALICIOUS,(body(div(div(div(div(div(span(span)(span(span))))(div(div(ul))(div(ul)))(div(div(a))(button)))))(div(div(div(div(div(div(div(div(div(div(div(table(tbody(tr(td(div(div(a(img))(div)))(div(form(div(ul(label(span))(div(div(label(span))(div(input))(div)))(div(div(label(span))(div(input))(div)))(div(div(label(span))(div(input))(div)))))(div(input))(div(input)(input)(input)(input)(input)(a(span))))(iframe)(div)))(td(div))))))))(div(div(a(img))(div)))))))(div)))))(div(div(div(div(div(div(div)))))))(div(div(div(style)(script)(script)))))(div(ul))(div)(script)(script)(script)(script)(script)(div)(script)(script)(script)(script)(script)(script))
211,https://doctormailsynnc.weebly.com,eeb8948b1a64fa62284a5b69f2a4c06ecc67cbc7ed75e1abd8aa24c137d99352,website/source/year=2026/month=3/day=13/1773432911-eeb8948b1a64fa62284a5b69f2a4c06ecc67cbc7ed75e1abd8aa24c137d99352/desktop-1773432911.eeb8948b1a64fa62284a5b69f2a4c06ecc67cbc7ed75e1abd8aa24c137d99352.png,LOGIN_FORM_MALICIOUS,(body(div(div(div(div(div(span(span)(span(span))))(div(div(ul))(div(ul)))(div(div(a))(button)))))(div(div(div(div(div(div(div(div(div(a(img))(div)))(div(div(div(table(tbody(tr(td(div))(td(div(div(style)(div(div(div(div(div)(div(div(div(table(tbody(tr(td(div))(td(div(form(div(ul(label(span))(div(div(label(span))(div(input))(div)))(div(div(label(span))(div(input))(div)))(div(div(label(span))(div(input))(div)))(div(div(label(span))(div(input))(div)))))(div(input))(div(input)(input)(input)(input)(input)(a(span))))(iframe)(div))(div(span)))(td(div(div(a(img))(div))))(td(div))))))))))))(div)(script))))(td(div)))))))))))))))(div(div(div(style)(script)(script)))))(div(ul))(div)(script)(script)(script)(script)(script)(div)(script)(script)(script)(script)(script)(script)(script)(script))
212,https://documentclickaccept-virementpdf2012k.weebly.com,5a9864f8dd356db91bddadc72c1b7762eb7d18834d91c747954239be0e853f8b,website/source/year=2026/month=3/day=22/1774210505-5a9864f8dd356db91bddadc72c1b7762eb7d18834d91c747954239be0e853f8b/desktop-1774210505.5a9864f8dd356db91bddadc72c1b7762eb7d18834d91c747954239be0e853f8b.png,LOGIN_FORM_MALICIOUS,(body(div(div(div(div(div(span(a(img))))(div(ul(li(a))))(a(span)))))(div(div(div(div(div(div(div(div(div)(div(font))(div(div(div(table(tbody(tr(td(div(div(a(img))(div))))(td(div(form(div(ul(label(span))(div(div(label(span))(div(input))(div)))(div(div(label(span))(div(input))(div)))))(div(input))(div(input)(input)(input)(input)(input)(a(span))))(iframe)(div)))))))))(div(div(div(table(tbody(tr(td(div(div(a(img))(div))))(td(div(div(a(img))(div))))))))))))))(div)))))(div(div(div(div(div(div(div)))))))(div(div(style)(script)(script))))(div(a(span))(ul(li(a))))(script)(script)(div)(script)(script)(script)(script)(script)(script)(div)(div(a(div(div(span)(img)(span)(span(button)))))))
213,https://docusigndocs2026.weebly.com,ff7c079324d45954b72371a61c71449259b865a4ae27cb39a78a3791f78c977f,website/source/year=2026/month=3/day=13/1773432910-ff7c079324d45954b72371a61c71449259b865a4ae27cb39a78a3791f78c977f/desktop-1773432910.ff7c079324d45954b72371a61c71449259b865a4ae27cb39a78a3791f78c977f.png,LOGIN_FORM_MALICIOUS,(body(div(div(div(div(svg(g(g(path))))(span)))(div(svg(g(g(path)))))(div(span(a(img))))(div(svg(g(g(path)(polygon))))))(div(ul))(div(ul))(div(div(div(div(div(div(div(div(div(div(div(table(tbody(tr(td(div))(td(font))))))))(div(div(div(table(tbody(tr(td(div))(td(div(font)))))))))(div(div(div(table(tbody(tr(td(div))(td(div(form(div(ul(label(span))(div(div(label(span)(span))(div(input))(div)))(div(div(label(span))(div(input))(div)))(div)))(div(input))(div(input)(input)(input)(input)(input)(a(span))))(iframe)(div))))))))))))))))(div(div(div(div(div(a(img))(div))))))))(script)(script)(script)(script)(div)(script)(script)(script)(script)(script)(script)(div(span)))
214,https://donmail23.weebly.com,95a2c6c2dc3a01c26be97fc30d97a3ea75c537f7cecac1f6f2b0e0043438efa9,website/source/year=2026/month=3/day=11/1773260113-95a2c6c2dc3a01c26be97fc30d97a3ea75c537f7cecac1f6f2b0e0043438efa9/desktop-1773260113.95a2c6c2dc3a01c26be97fc30d97a3ea75c537f7cecac1f6f2b0e0043438efa9.png,LOGIN_FORM_MALICIOUS,(body(div(div(div(div(div(span(span)(span(span))))(div(div(ul))(div(ul)))(div(div(a))(button)))))(div(div(div(div(div(div(div(div(div(div(div(table(tbody(tr(td(div))(td(div(form(div(ul(div(div(a(img))(div)))(div(div(label(span))(div(input))(div)))(div(div(label(span))(div(input))(div)))))(div(input))(div(input)(input)(input)(input)(input)(a(span))))(iframe)(div)))(td(div))))))))))))(div)))))(div(div(div(div(div(div(div)))))))(div(div(div(style)(script)(script)))))(div(ul))(div)(script)(script)(script)(script)(script)(div)(script)(script)(script)(script)(script)(script)(script))
215,https://dop994.wixsite.com/my-site-1,99b118132285f89b5fed1f1aa9302473eff0cb007696b2daa87567118cf4bc52,website/source/year=2026/month=3/day=28/1774729886-99b118132285f89b5fed1f1aa9302473eff0cb007696b2daa87567118cf4bc52/desktop-1774729886.99b118132285f89b5fed1f1aa9302473eff0cb007696b2daa87567118cf4bc52.png,LOGIN_FORM_MALICIOUS,(body(script)(script)(script)(script)(script)(svg(defs))(div(div(div(span))(div(a(span(span(div(div(svg(g(path)(path)(path))(defs(clippath(rect)))))))(span))))(div(div(div(div(div)(div)))))(div(div(header(div(div))(div(div(div))(div(div(div)))))(main(div(div(div(div)(div(div(div(div(section(div(div)(div))(div(div(div(div(div(form(div(div(div(div(img)))(div)(div(label)(div(input)))(div(label)(textarea))(div(button(span))))))))))))))))))))(div(div(div)))(footer(div(div))(div(div(div))(div(div(div)))))))(div(span))))(script)(script)(script)(script)(script)(script)(script)(script)(script)(link)(link)(link)(link)(script)(script)(script)(script)(script)(script)(script)(script)(script)(script)(script)(script)(script)(script)(script)(script)(script)(script)(script)(script)(script)(script)(script)(script)(script)(script)(script)(script)(script)(script))
216,https://drab-autonomy-279254.framer.app,d4a12b037340ec7957c71d1b6a965afc50acdd953deb023ed8bb1096f24b216a,website/source/year=2026/month=3/day=19/1773951311-d4a12b037340ec7957c71d1b6a965afc50acdd953deb023ed8bb1096f24b216a/desktop-1773951311.d4a12b037340ec7957c71d1b6a965afc50acdd953deb023ed8bb1096f24b216a.png,LOGIN_FORM_MALICIOUS,(body(script)(div(style)(div(div(div(img)))(div(div(img)))(form(label(div)(div(input))(div(input))(div(input))(div(input)))(div(button(div)))(input)(input)(input)(input)(input)(input)(input)(input)(input)(input)(input)))(div))(script)(script)(div(a(div)(div(div(div))(div))(div)(div)))(script)(script)(link)(link)(link)(link)(link)(link)(script)(div)(div(span)(button(svg(path)(path))))(iframe))
217,https://dropboxfilebradandsteph.weebly.com,4525d594187a66fa1adfc227aaadce6f500b83bbb9fa44408bf9ee5423eee475,website/source/year=2026/month=3/day=22/1774210505-4525d594187a66fa1adfc227aaadce6f500b83bbb9fa44408bf9ee5423eee475/desktop-1774210505.4525d594187a66fa1adfc227aaadce6f500b83bbb9fa44408bf9ee5423eee475.png,LOGIN_FORM_MALICIOUS,(body(div(div(div(div(div(span(a(span))))(div(ul))(a(span)))))(div(div(div(div(div(form(div(ul(div(div(label(span))(div)(div(input)(label))(div(input)(label))(div))(div))(div(div(label(span))(div(input))(div)))(div(div(label(span))(div(input))(div)))))(div(input))(div(input)(input)(input)(input)(input)(a(span))))(iframe)(div))))))(div(style)(script)(script)))(div(ul))(script)(script)(div)(script)(script)(script)(script)(script)(script))
218,https://dsdfgtuyrwsdrtgvbeasfghghjgfdrfghnjbvybghnjvgbvb.weebly.com,37f0ad131fa3a89333781f580624502d56fa3f7a269f3a8d6a9fc31b1f1b59af,website/source/year=2026/month=3/day=13/1773432910-37f0ad131fa3a89333781f580624502d56fa3f7a269f3a8d6a9fc31b1f1b59af/desktop-1773432910.37f0ad131fa3a89333781f580624502d56fa3f7a269f3a8d6a9fc31b1f1b59af.png,LOGIN_FORM_MALICIOUS,(body(div(div(div(div(span)))(div(span(span)(span(span))))(div(a(span))))(div(ul(li(a))))(div(div(div(ul(li(a))))))(div(div))(div(div)))(div(div(div(div(div(div(div(div(div(div(div(div(table(tbody(tr(td(div(div(a(img))(div))))(td(div(form(div(ul(label(span))(div(div(label(span))(div(input))(div)))(div(div(label(span))(div(input))(div)))))(div(input))(div(input)(input)(input)(input)(input)(a(span))))(iframe)(div)))))))))))))(div)))))(div(div(div(div(div(div(div)))))))(div(style)(script)(script)))(div)(script)(script)(div)(script)(script)(script)(script)(script)(script)(div))
219,https://dswedfgggg.weebly.com,203095bb84b770372988ee6776a2c0e96b5e5487948f02014acd333d2f61cc0b,website/source/year=2026/month=3/day=22/1774210506-203095bb84b770372988ee6776a2c0e96b5e5487948f02014acd333d2f61cc0b/desktop-1774210506.203095bb84b770372988ee6776a2c0e96b5e5487948f02014acd333d2f61cc0b.png,LOGIN_FORM_MALICIOUS,(body(div(div(div(div(span(span)(span(span))))(a(span))(div(div(div)(ul))))(div(div(div(div(div(div(div(div(div(div(div(table(tbody(tr(td)(td(div(div(a(img))(div)))(div(form(div(ul(label(span))(div(div(label(span))(div(input))(div)))(div(div(label(span))(div(input))(div)))))(div(input))(div(input)(input)(input)(input)(input)(a(span))))(iframe)(div)))(td)))))))))))(div))))))(div(div(div(div(div(div(div)))))))(div))(div(div(style)(script)(script)))(div(div(div(div(ul)))))(script)(script)(script)(div)(script)(script)(script)(script)(script)(script)(script))
220,https://duoccla.ukit.me,76a89bd6c9352c4ebec02ebf1dfceda2401eff47d62016fc7763b2e865252253,website/source/year=2026/month=3/day=1/1772396107-76a89bd6c9352c4ebec02ebf1dfceda2401eff47d62016fc7763b2e865252253/desktop-1772396107.76a89bd6c9352c4ebec02ebf1dfceda2401eff47d62016fc7763b2e865252253.png,LOGIN_FORM_MALICIOUS,(body(div(div(div(div(div(div)(div(div(div(div(div(div(div(picture(source)(source)(source)(source)(source)(img))))))))(div(div(div(div(div(div(div(div(div(div(span)))(div(div(span(span))))(div(div(span(span))))))))))))(div(div(div(form(input)(div(div(div(div)(div(input)(span)))(div(div)(div(input)(span))))(div(button))(div))(input)))))(div(div(div(div(div(div(div(div(div(div(span)))(div(div(span)))(div(div(span)))(div(div(span)))(div(div(span)))(div(div(span)))(div(div(span)))(div(div(span)))(div(div(span)))(div(div(span)))(div(div(span)))(div(div(span)))(div(div(span)))(div(div(span)))(div(div(span)))(div(div(span)))(div(div(span)))(div(div(span)))(div(div(span)))(div(div(span(span)))))))))))))))(div)(div(a)))))(div(div))(div)(script)(script)(script)(script)(script)(script)(script)(script)(script)(script)(script)(script)(link)(noscript(link))(script)(script)(script))
221,https://dvheeiik.weebly.com,4c4174d5474138d798d466e53ce87a1bdd1ad76ecd0374b9195ce2fb1404eea1,website/source/year=2026/month=3/day=25/1774469711-4c4174d5474138d798d466e53ce87a1bdd1ad76ecd0374b9195ce2fb1404eea1/desktop-1774469711.4c4174d5474138d798d466e53ce87a1bdd1ad76ecd0374b9195ce2fb1404eea1.png,LOGIN_FORM_MALICIOUS,(body(div(div(div(div(div(span(span)(span(span))))(div(div(ul))(div(ul)))(div(div(a))(button)))))(div(div(div(div(div(div(div(div(div(div(a(img))(div)))(font)(font)(div(div(div(table(tbody(tr(td)(td(div(form(div(ul(div(div(label(span))(div(input))(div)))(div(div(label(span))(div(input))(div)))))(div(input))(div(input)(input)(input)(input)(input)(a(span))))(iframe)(div)))))))))(div(div(a(img))(div)))))))(div)))))(div(div(div(div(div(div(div)))))))(div(div(div(style)(script)(script)))))(div(ul))(div)(script)(script)(script)(script)(script)(div)(script)(script)(script)(script)(script)(script)(script))
222,https://eaglecu.weebly.com,050370598b2dfec79b1effd42a730e09b27aa4f79eb78a584dd03c20833a3545,website/source/year=2026/month=3/day=13/1773433332-050370598b2dfec79b1effd42a730e09b27aa4f79eb78a584dd03c20833a3545/desktop-1773433332.050370598b2dfec79b1effd42a730e09b27aa4f79eb78a584dd03c20833a3545.png,LOGIN_FORM_MALICIOUS,(body(div(div(div(div(div(div(span(span)(span(span))))(div(div(span)))))(div(div(div(div(div(div(div(div(div(div(form(div(ul(div(div(a(img))(div)))(label(span))(div(div(label(span))(div(input))(div)))(div(div(label(span))(div(input))(div)))(div(div(label(span))(div(span(input)(label)))(div)))))(div(input))(div(input)(input)(input)(input)(input)(a(span))))(iframe)(div))(div(a(font))))))(a))))(div)))))(div(div(div(div(table(tbody(tr(td(div(div)))(td(div(div(ul)))))))))))(div(style)(script)(script)))(div(div(ul(li(a)))))(div(div(div(div(ul(li(a))))))(div(div(div)(span(a(span))(a(span))(a(span)))(div)))))(script)(script)(script)(div)(script)(script)(script)(script)(script)(script)(script)(div)(script)(script)(div)(iframe)(iframe))
223,https://early-listening-694864.framer.app,e576b60a00f03664675eda38b1f207d076f4f50bb334f72f7f745af5ee517c07,website/source/year=2026/month=3/day=22/1774210505-e576b60a00f03664675eda38b1f207d076f4f50bb334f72f7f745af5ee517c07/desktop-1774210505.e576b60a00f03664675eda38b1f207d076f4f50bb334f72f7f745af5ee517c07.png,LOGIN_FORM_MALICIOUS,(body(script)(div(style)(div(div(div(img))(form(label(div)(div(input)))(label(div)(div(input)))(div(button(div)))(input)(input)(input)(input)(input)(input)(input)(input)(input)(input)(input))))(div))(script)(script)(div(a(div)(div(div(div))(div))(div)(div)))(script)(script)(link)(link)(link)(link)(link)(link)(link)(link)(script)(div)(div(span)(button(svg(path)(path))))(iframe))
224,https://easygoing-writers-592722.framer.app,0253699ae77c6925ec69111010e5369d623bbbecde6fd70ed76491447adad1e8,website/source/year=2026/month=3/day=4/1772655307-0253699ae77c6925ec69111010e5369d623bbbecde6fd70ed76491447adad1e8/desktop-1772655307.0253699ae77c6925ec69111010e5369d623bbbecde6fd70ed76491447adad1e8.png,LOGIN_FORM_MALICIOUS,(body(script)(div(style)(div(div)(div)(form(label(div(input)))(label(div(input)))(div(button(div)))(input)(input)(input)(input)(input)(input)(input)(input)(input)(input)(input))(div(div(img))))(div))(script)(script)(div(a(div)(div(div(div))(div))(div)(div)))(script)(script)(link)(link)(link)(link)(link)(link)(script)(div)(iframe))
225,https://easy-point-654219.framer.app,8c14f5aba9e686ffec5cdcdcddeaf929fa36a76c1b5e39a121c75ee830078acc,website/source/year=2026/month=3/day=25/1774469711-8c14f5aba9e686ffec5cdcdcddeaf929fa36a76c1b5e39a121c75ee830078acc/desktop-1774469711.8c14f5aba9e686ffec5cdcdcddeaf929fa36a76c1b5e39a121c75ee830078acc.png,LOGIN_FORM_MALICIOUS,(body(script)(div(style)(div(form(div(div(img)))(label(div)(div(input)))(label(div)(div(input)))(div(button(div)))))(div))(script)(script)(script)(div(a(div)(div(div(div))(div))(div)(div)))(script)(link)(link)(link)(link)(link)(link)(link)(script)(div)(iframe))
226,https://eatel484.weebly.com,280895a59070f82c700c099f0eeb47a2612bfdaf68f4692bb2a18ceba76c5e3c,website/source/year=2026/month=3/day=28/1774730257-280895a59070f82c700c099f0eeb47a2612bfdaf68f4692bb2a18ceba76c5e3c/desktop-1774730257.280895a59070f82c700c099f0eeb47a2612bfdaf68f4692bb2a18ceba76c5e3c.png,LOGIN_FORM_MALICIOUS,(body(div(div(div(div(div(span(span)(span(span))))(div(div(ul))(div(ul)))(div(div(a))(button)))))(div(div(div(div(div(div(div(div(div(div(div(table(tbody(tr(td(div))(td(div(div(style)(div(div(div(div(div)(div(div(a(img))(div)))(div(form(div(ul(span(font))(div(div(label(span))(div(input))(div)))(div(div(label(span))(div(input))(div)))))(div(input))(div(input)(input)(input)(input)(input)(a(span))))(iframe)(div))))))(div)(script))))(td(div))))))))))))(div)))))(div(div(div(div(div(div(div)))))))(div(div(div(style)(script)(script)))))(div(ul))(div)(script)(script)(script)(script)(script)(div)(script)(script)(script)(script)(script)(script)(script))
227,https://eduturkufi.weebly.com,8898f095f3010401a2198ad3878df58b967d1b9a8c2d88cd30954c79a582c898,website/source/year=2026/month=3/day=1/1772396107-8898f095f3010401a2198ad3878df58b967d1b9a8c2d88cd30954c79a582c898/desktop-1772396107.8898f095f3010401a2198ad3878df58b967d1b9a8c2d88cd30954c79a582c898.png,LOGIN_FORM_MALICIOUS,(body(div(div(div(div(span(span)(span(span))))(a(span)))(div(div(div(ul)))))(div(div(div(div(div(div(div(div(div(a(img))(div)))(div(form(div(ul(div(div(label(span))(div(input))(div)))(div(div(label(span))(div(input))(div)))(div(div(label(span))(div(input))(div)))(div(div(label(span))(div(input))(div)))))(div(input))(div(input)(input)(input)(input)(input)(a(span))))(iframe)(div)))))))))(div(div(div(style)(script)(script)))))(div(ul))(script)(script)(div)(script)(script)(script)(script)(script)(script)(div(a(div(div(span)(img)(span)(span(button)))))))
228,https://edward-russell-2026.weebly.com,01b15792b6826c0619243380b1964ed78a933853aa608660c959095539288509,website/source/year=2026/month=3/day=11/1773260112-01b15792b6826c0619243380b1964ed78a933853aa608660c959095539288509/desktop-1773260112.01b15792b6826c0619243380b1964ed78a933853aa608660c959095539288509.png,LOGIN_FORM_MALICIOUS,(body(div(div(div(div(div(span(a(span))))(div(ul))(a(span)))))(div(div(div(div(div(div(div(table(tbody(tr(td(div))(td(div(div(a(img))(div)))(div(form(div(ul(div(div(label(span))(div(input))(div)))(div(div(label(span))(div(input))(div)))))(div(input))(div(input)(input)(input)(input)(input)(a(span))))(iframe)(div))(div(div(a(img))(div))))(td(div))))))))(div(u)(u)(u)(u))))))(div(style)(script)(script)))(div(ul))(script)(script)(div)(script)(script)(script)(script)(script)(script))
229,https://edwards-russell2026.weebly.com,e5a77905212e80a3b77a762bbfcba2c0ac9d7f0e5870a1058ad73737a309758d,website/source/year=2026/month=3/day=22/1774210506-e5a77905212e80a3b77a762bbfcba2c0ac9d7f0e5870a1058ad73737a309758d/desktop-1774210506.e5a77905212e80a3b77a762bbfcba2c0ac9d7f0e5870a1058ad73737a309758d.png,LOGIN_FORM_MALICIOUS,(body(div(div(div(div(div(span(span)(span(span))))(div(ul))(a(span)))))(div(div(div(div(div)(div(div(div(table(tbody(tr(td(div))(td(div(div(a(img))(div)))(div(form(div(ul(label(span))(div(div(label(span))(div(input))(div)))(div(div(label(span))(div(input))(div)))))(div(input))(div(input)(input)(input)(input)(input)(a(span))))(iframe)(div))(div(div(a(img))(div)))(div(div(a(img))(div))))(td(div))))))))))))(div(style)(script)(script)))(div(ul))(script)(script)(div)(script)(script)(script)(script)(script)(script))
230,https://ef3e7y3wdf8c6fsd56.weebly.com,11da405df0766172271aad298ff2b03acb33b5099af4f0c32c0de63c41d570b5,website/source/year=2026/month=3/day=17/1773778946-11da405df0766172271aad298ff2b03acb33b5099af4f0c32c0de63c41d570b5/desktop-1773778946.11da405df0766172271aad298ff2b03acb33b5099af4f0c32c0de63c41d570b5.png,LOGIN_FORM_MALICIOUS,(body(div(div(div(div)(div(div(ul(li(a))(li(a))(li(a))(li(a))))))(div(span))(div(span(span)(span(span)))))(div(div(div(div(div(div(div(div(div(div(a(img))(div)))(div(form(div(ul(div(div(label(span))(div(input))(div)))(div(div(label(span))(div(input))(div)))))(div(input))(div(input)(input)(input)(input)(input)(a(span))))(iframe)(div)))))))))(div(style)(script)(script)))(div))(div(div(span))(div(div(div(ul(li(a))(li(a))(li(a))(li(a)))))))(script)(script)(script)(div)(script)(script)(script)(script)(script)(script)(div)(div(a(div(div(span)(img)(span)(span(button)))))(a)))
231,https://egfzeghj456.godaddysites.com,6d543f408438219cad996d90f1875aab29d7133c668c699a081c2ae0f3b557be,website/source/year=2026/month=3/day=23/1774297240-6d543f408438219cad996d90f1875aab29d7133c668c699a081c2ae0f3b557be/desktop-1774297240.6d543f408438219cad996d90f1875aab29d7133c668c699a081c2ae0f3b557be.png,LOGIN_FORM_MALICIOUS,(body(div(div(div(div(div(div(div)(section(div(div(nav(nav(div(div)(div(div(a(div(img)))))(div)))(div(div(div))(div(div(a(div(img)))))(div)))(div(svg(g(path))))))))))(div(div(div(section(div(span)(div(div(span(div(div(div(form(input)(div(div(div(input)(label))))(div(div(div(input)(label))))(div(div(div(input)(label))))(div(div(div(button))))(div(a)(a)(style))))))))(div(div(div(div))))))))))(div(div(div(div(div(svg(g(path))))(section(div(div(div)(div(div(div(span)))(div(span))))))))))(div)(div)(div(div(div(span))(div(a)(a)))))))(script)(script)(script)(script)(script)(script)(style)(script)(div(div(div(iframe))(div)(textarea))))
232,https://ehay-uk-login-secures-ww7rwgzs.carremovals247.com.au,b700b77023ec73cd859829386f00ae7f1af4c1e41830df10c4d467e891c99887,website/source/year=2026/month=3/day=26/1774556108-b700b77023ec73cd859829386f00ae7f1af4c1e41830df10c4d467e891c99887/desktop-1774556108.b700b77023ec73cd859829386f00ae7f1af4c1e41830df10c4d467e891c99887.png,LOGIN_FORM_MALICIOUS,(body(script)(script)(svg(defs)(symbol(path))(symbol(path)(path))(symbol(path))(symbol(path))(symbol(path)))(svg(defs)(symbol(path)(path))(symbol(path)))(img)(div(a))(div(div(header(button(svg(use)))(div(a))(section(div(a(svg(title)(g(path)(path)(path)(path))))))))(div(div(div))(div(span)(span(iframe)))(div(div(span(script))(img)(img)))))(div(div)(noscript(div(section(div(svg(defs(symbol(path)))(use)))(div))))(style)(main(script)(div(div)(div(span(a)))(form(div(div(div(div(div(div(label)(div(input)))(button)))(div(div)(div))))(div(div(div)(div(div(label)(div(input))))(button)))(div(div(div(div(div(button(img)(span))))(div(div(button(span(svg(use))(span)))))(div(div(button(svg(path)(path))(span)))))))(div(div(input)(div(div(label(span(input)(span(svg(use))(svg(use))))))(div(span(span(span(button(svg(use)))(span(span)(span(span(span)(button(svg(use))))))))))))))(input)(input)(input)(input)(input)(input)(input)(input)(input)(input)(input)(input)(input)(input)(input)(input)(input)(input))(form(input)(input)(input)(input)(input)(input)(input)(input)(input)(input))(svg(symbol(path))(symbol(path))(symbol(g(g(g(g(g(rect)(g(path)(path)(path)(path)(path)(path)(path)(path)(path))))(g(rect)(line)(path)(line))))))(symbol(g(g(g(g(g(rect)(g(path)(path)(path)(path)(path)(path)(path)(path)(path))))(g(rect)(line)(path)(line))))))(symbol(path))))(div)))(div(div))(div(div(footer(ul(li(a))(li(a))(li(a))(li(a))(li(a))(li(a))(li(a))(li(a))(li(a))(li(a)))(div(a)(a)(a)(a)(a(svg(use)))))))(div)(div(footer(a)(a)(a)(a)(a)))(iframe)(img)(iframe)(div)(iframe)(iframe)(div(iframe))(iframe)(iframe))
233,https://einvoice.nat-gov.com.tw/menghuan.html,d6f0ca97113c1fdaf425e5bfab3efb0b209178667c6e6789484f88f1647acb61,website/source/year=2026/month=3/day=30/1774901707-d6f0ca97113c1fdaf425e5bfab3efb0b209178667c6e6789484f88f1647acb61/desktop-1774901707.d6f0ca97113c1fdaf425e5bfab3efb0b209178667c6e6789484f88f1647acb61.png,LOGIN_FORM_MALICIOUS,(body(div(uni-app(uni-page(uni-page-wrapper(uni-page-body(uni-view(uni-view(uni-view(img)(img)))(ul(li(a))(li(a))))(uni-view(uni-view(uni-view(uni-view(uni-view(img))(uni-view(uni-view(uni-label)(uni-input(div(div)(input)))))(uni-view(uni-view(uni-label)(uni-input(div(div)(input))))(uni-view(svg(path)))(span))(uni-view(uni-view(uni-label)(uni-input(div(div)(input))))(uni-view(img))(uni-view(svg(title)(path)))(uni-view(svg(title)(path))))(uni-view(uni-view(uni-button)))(ul(li(a(svg(path))))(li(a(svg(path)))))))))(uni-view(ul(li(svg(path))(uni-view(span)(a)(span)))(li(svg(path))(uni-view(span)))(li(svg(path))(a))(li(svg(path))(uni-view(span)(a)(span))))(uni-view(a(img))(a(img)))(ul(li(a))(li(a))(li(a))(li(a)))(div))))))))
234,https://email-authwestriv.weebly.com,5a56beab7346acf627d60828fd03cd8f02183c1e1efb7f172b389cdbf3c53e69,website/source/year=2026/month=3/day=8/1773001475-5a56beab7346acf627d60828fd03cd8f02183c1e1efb7f172b389cdbf3c53e69/desktop-1773001475.5a56beab7346acf627d60828fd03cd8f02183c1e1efb7f172b389cdbf3c53e69.png,LOGIN_FORM_MALICIOUS,(body(div(div(div(div(div(span(span)(span(span))))(div(div(ul))(div(ul)))(div(div(a))(button)))))(div(div(div(div(div(div(div(div(div(div(div(table(tbody(tr(td(div))(td(div(div(style)(div(div(div(div(div)(div(div(a(img))(div)))(div(form(div(ul(div(div(label(span))(div(input))(div)))(div(div(label(span))(div(input))(div)))))(div(input))(div(input)(input)(input)(input)(input)(a(span))))(iframe)(div))))))(div)(script))))(td(div))))))))))))(div)))))(div(div(div(div(div(div(div)))))))(div(div(div(style)(script)(script)))))(div(ul))(div)(script)(script)(script)(script)(script)(div)(script)(script)(script)(script)(script)(script)(script))
235,https://emailsahwservice.weebly.com,87203fc351432d935c4cbeb2c659c8120a925da268150a7b7a8a7bc78abf372f,website/source/year=2026/month=3/day=27/1774642505-87203fc351432d935c4cbeb2c659c8120a925da268150a7b7a8a7bc78abf372f/desktop-1774642505.87203fc351432d935c4cbeb2c659c8120a925da268150a7b7a8a7bc78abf372f.png,LOGIN_FORM_MALICIOUS,(body(div(div(div(div(span)))(div(span(span)(span(span))))(div(a(span))))(div(ul))(div(div(div(ul))))(div(div))(div(div)))(div(div(div(div(div(div(div(div(div(div(div(a(img))(div)))(div(div(div(table(tbody(tr(td(div))(td(div(div(a(img))(div)))(div(div(div(table(tbody(tr(td(div(form(div(ul(label(span))(div(div(label(span))(div(input))(div)))(div(div(label(span))(div(input))(div)))))(div(input))(div(input)(input)(input)(input)(input)(a(span))))(iframe)(div))(div(div(a(img))(div))))(td(div(div(a(img))(div))))))))))(div))(td(div))))))))(div(div(a(img))(div)))))))(div)))))(div(div(div(div(div(div(div)))))))(div(style)(script)(script)))(div)(script)(script)(div)(script)(script)(script)(script)(script)(script)(script))
236,https://emailserver0.wixsite.com/my-site,370691eecae883fc1a5ce4c87d5be80bbd8feffd61c837576315fa2d690f3cc5,website/source/year=2026/month=3/day=25/1774470148-370691eecae883fc1a5ce4c87d5be80bbd8feffd61c837576315fa2d690f3cc5/desktop-1774470148.370691eecae883fc1a5ce4c87d5be80bbd8feffd61c837576315fa2d690f3cc5.png,LOGIN_FORM_MALICIOUS,(body(script)(script)(script)(script)(script)(svg(defs))(div(div(div(span))(div(a(span(span(div(div(svg(g(path)(path)(path))(defs(clippath(rect)))))))(span))))(div(div(div(div)(div))))(div(div(header(div(div))(div(div(div))(div(div(div(section(div(div)(div))(div(div(div(div)(div))(div(div(div(span(a))))))))(div)(section(div(div)(div))(div(div(div(div)(div))(div(div(wix-dropdown-menu(nav(ul(li(a(div(div))))(li(a(div(div))))(li(a(div(div))))(li(a(div(div))))(li(div(div(div)))))(div(ul))(div)))(div(div(span)))))))))))))(main(div(div(div)(div(div(div(div(section(div(div)(div))(div(div(div(div(div(form(div(div(div(div(img)))(div)(div(label)(div(input)))(div(label)(div(input)))(div(button(span)))(div(div(img)))))))))))))))))))(footer(div(div))(div(div(div))(div(div(div(section(div(div)(div))(div(div(div(div)(div))(div(div(div(span(a))))))(div(div(div)(div))(div(div(div(span))(div(span(a)))(div(span))))))))))))))(div(span))))(script)(script)(script)(script)(script)(script)(script)(script)(script)(link)(link)(link)(link)(script)(script)(script)(script)(script)(script)(script)(script)(script)(script)(script)(script)(script)(script)(script)(script)(script)(script)(script)(script)(script)(script)(script)(script)(script)(script)(script)(script)(script)(script)(script))
237,https://empowered-one-903760.framer.app,cb2a16cb3dcb51d46374b0d826b0aac20c730739ae4eebda042b618a421b8cc2,website/source/year=2026/month=3/day=8/1773000906-cb2a16cb3dcb51d46374b0d826b0aac20c730739ae4eebda042b618a421b8cc2/desktop-1773000906.cb2a16cb3dcb51d46374b0d826b0aac20c730739ae4eebda042b618a421b8cc2.png,LOGIN_FORM_MALICIOUS,(body(script)(div(style)(div(div(div(img))(form(label(div(input)))(label(div(input)))(div(button(div)))))(div(div(img))))(div))(script)(script)(script)(div(a(div)(div(div(div))(div))(div)(div)))(script)(link)(link)(link)(link)(link)(link)(link)(script)(div)(iframe))
238,https://empowered-recipient-863996.framer.app,de92b8f7e7815c2495c82bf9acc5f2e05f7f6a21870ff652aae06955b81e818d,website/source/year=2026/month=3/day=25/1774469711-de92b8f7e7815c2495c82bf9acc5f2e05f7f6a21870ff652aae06955b81e818d/desktop-1774469711.de92b8f7e7815c2495c82bf9acc5f2e05f7f6a21870ff652aae06955b81e818d.png,LOGIN_FORM_MALICIOUS,(body(script)(div(style)(div(form(label(div)(div(div(input))))(label(div)(div(input)))(div(div(button(div)))))(div(div(img)))(div(div(img)))(div(div(img))))(div))(script)(script)(script)(div(a(div)(div(div(div))(div))(div)(div)))(script)(link)(link)(link)(link)(link)(link)(link)(script)(div)(div(span)(button(svg(path)(path))))(iframe))
239,https://empower-g.vercel.app,8355fe4c0b19b6c15218e8c7c9944b1a7e90f8857414e419d93ab5a69ded0f5f,website/source/year=2026/month=3/day=26/1774556105-8355fe4c0b19b6c15218e8c7c9944b1a7e90f8857414e419d93ab5a69ded0f5f/desktop-1774556105.8355fe4c0b19b6c15218e8c7c9944b1a7e90f8857414e419d93ab5a69ded0f5f.png,LOGIN_FORM_MALICIOUS,(body(div)(div(main(div(header(div(div)(div(a(img)))(div(span))(nav(div(a)(a(span)(svg(path)(path)(path))))(div(button(svg(line)(line)(line)))))))(div(div(div(div(div(svg(path))(input))(div(svg(path))(input)(button(svg(path)(circle)))))(div(a)))(div(form(div(div(input)))(button)))))(section(div(div(div(div(div)(a)))(div(div(img)(a(span)(span))))(div(div(div(div(div(svg(path))(input))(div(svg(path))(input)(button(svg(path)(circle)))))(div(a)))(div(form(div(div(input)))(button)))))))))(section(div(div(div(div(img))(div))(div(div(img))(div))(div(div(img))(div)))))(footer(div(div(div(a)(div))(div(div(a))(div(a(svg(path)))(a(svg(path)))(a(svg(rect)(path)(line)))(a(svg(path)))(a(svg(path)(path)))(a(svg(path)(rect)(circle)))(a(svg(path)(path)(path)(path))))(div(a(img)))))(div(div(a)(span)(a))(div(a)(span)(a))(div(a)(span)(a))(a)(a)(a)(div(a)(a)(a)(a)(a)(a)(a)))))))(script)(script)(script)(script)(script)(script)(script)(next-route-announcer))
240,https://energetic-points-886844.framer.app,9823f405a8825cb7d6ae945019eabf5865eabf54b81703750d235b0ca9a8e49d,website/source/year=2026/month=3/day=8/1773000905-9823f405a8825cb7d6ae945019eabf5865eabf54b81703750d235b0ca9a8e49d/desktop-1773000905.9823f405a8825cb7d6ae945019eabf5865eabf54b81703750d235b0ca9a8e49d.png,LOGIN_FORM_MALICIOUS,(body(script)(div(style)(div(div(div(div(img)))(form(label(div)(div(input)))(label(div)(div(input)))(label(div(div(img))))(div(button(div)))(input)(input)(input)(input)(input)(input)(input)(input)(input)(input)(input)))(div(div(img))))(div))(script)(script)(div(a(div)(div(div(div))(div))(div)(div)))(script)(script)(link)(link)(link)(link)(link)(link)(script)(div)(div(span)(button(svg(path)(path))))(iframe))
241,https://enlivened-ways-640076.framer.app,b78551dd4865f874b9861444df0172ca5a9ee0c2750c260b5dea16ccc00eb717,website/source/year=2026/month=3/day=27/1774642505-b78551dd4865f874b9861444df0172ca5a9ee0c2750c260b5dea16ccc00eb717/desktop-1774642505.b78551dd4865f874b9861444df0172ca5a9ee0c2750c260b5dea16ccc00eb717.png,LOGIN_FORM_MALICIOUS,(body(script)(div(style)(div(div(img))(div(div(img))(form(label(div)(div(input)))(label(div)(div(input)))(div(button(div)))(input)(input)(input)(input)(input)(input)(input)(input)(input)(input)(input))(div(div(img)))(div(div(img)))))(div))(script)(script)(div(a(div)(div(div(div))(div))(div)(div)))(script)(script)(link)(link)(link)(link)(link)(link)(script)(div)(div(span)(button(svg(path)(path))))(iframe))
242,https://entciuasosecuronlinmair.weebly.com,677c13bd36b9df259e82145f9df78e608eef79b43609f290efdd1437f3bc5405,website/source/year=2026/month=3/day=25/1774469711-677c13bd36b9df259e82145f9df78e608eef79b43609f290efdd1437f3bc5405/desktop-1774469711.677c13bd36b9df259e82145f9df78e608eef79b43609f290efdd1437f3bc5405.png,LOGIN_FORM_MALICIOUS,(body(div(div(div(div(div(div(div(span(span)(span(span))))(div(div(span)))))))(div(div(div(div(div(div(div(div(div(a(img))(div)))(div(form(div(ul(label(span))(div(div(label(span)(span))(div(input))(div)))(div(div(label(span))(div(input))(div)))))(div(input))(div(input)(input)(input)(input)(input)(a(span))))(iframe)(div))(div(div(a(img))(div))))))))))(div(style)(script)(script)))(div(div(ul(li(a))(li(a)))))(div(div(div(div(ul(li(a))(li(a))))))(div)))(script)(script)(script)(div)(script)(script)(script)(script)(script)(script)(script)(div(span))(div))
243,https://epoczta.weebly.com,6b4b1221a213b96790d865e9d76030699e5f0a058b95b7b0830a90e39ffa4ced,website/source/year=2026/month=3/day=3/1772568912-6b4b1221a213b96790d865e9d76030699e5f0a058b95b7b0830a90e39ffa4ced/desktop-1772568912.6b4b1221a213b96790d865e9d76030699e5f0a058b95b7b0830a90e39ffa4ced.png,LOGIN_FORM_MALICIOUS,(body(div(div(div(div(span(a(img))))(a(span))(div(div(div)(ul)))))(div(div(div(div(div(div(div(div(form(div(ul(font)(div(div(div(table(tbody(tr(td(div))(td(div(div(label(span))(div(input))(div))))))))))(div(div(div(table(tbody(tr(td(div))(td(div(div(label(span))(div(input))(div))))))))))(div(div(div(table(tbody(tr(td(div))(td(div(div(label(span))(div(input))(div))))))))))))(div(input))(div(input)(input)(input)(input)(input)(a(span))))(iframe)(div)))))))))(div))(div(div(style)(script)(script)))(div(div(div(div(ul)))))(script)(script)(script)(div)(script)(script)(script)(script)(script)(script)(div(a(div(div(span)(img)(span)(span(button)))))))
244,https://ertyuigraymail.weebly.com,ec40e5323fad516f8a5158718cc7ed91cd7bd4217006b875cf7ecc34dfef642c,website/source/year=2026/month=3/day=27/1774642511-ec40e5323fad516f8a5158718cc7ed91cd7bd4217006b875cf7ecc34dfef642c/desktop-1774642511.ec40e5323fad516f8a5158718cc7ed91cd7bd4217006b875cf7ecc34dfef642c.png,LOGIN_FORM_MALICIOUS,(body(div(div(div(div(div(span(span)(span(span))))(div(div(ul))(div(ul)))(div(div(a))(button)))))(div(div(div(div(div(div(div(div(div(div(style)(div(div(div(div(div)(div(div(div(table(tbody(tr(td(div))(td(div(div(a(img))(div))))))))))(div(form(div(ul(div(div(div(table(tbody(tr(td(div))(td(div(div(label(span))(div(input))(div))))))))))(label(span))(div(div(div(table(tbody(tr(td(div))(td(div(div(label(span))(div(input))(div))))))))))))(div(input))(div(input)(input)(input)(input)(input)(a(span))))(iframe)(div))))))(div)(script)))))))(div)))))(div(div(div(div(div(div(div)))))))(div(div(div(style)(script)(script)))))(div(ul))(div)(script)(script)(script)(script)(script)(div)(script)(script)(script)(script)(script)(script)(script))
245,https://escuelasuniversitariasgimbernat-eug.weebly.com,e84359647f841a617e4a8289eefeb116240a8bd4491033ce62823c26cc644f5f,website/source/year=2026/month=3/day=31/1774988482-e84359647f841a617e4a8289eefeb116240a8bd4491033ce62823c26cc644f5f/desktop-1774988482.e84359647f841a617e4a8289eefeb116240a8bd4491033ce62823c26cc644f5f.png,LOGIN_FORM_MALICIOUS,(body(div(div(div(div(span(a(img))))(a(span))(div(div(div)(ul(li(a))))))(div(div(div(div(div(div(div(div(div(form(div(ul(label(span))(div(div(label(span))(div(input))(div)))(div(div(label(span))(div(input))(div)))))(div(input))(div(input)(input)(input)(input)(input)(a(span))))(iframe)(div))))))(div))))))(div(div(div(div(div(div(div)))))))(div))(div(div(style)(script)(script)))(div(div(div(div(ul(li(a)))))))(script)(script)(script)(div)(script)(script)(script)(script)(script)(script)(div)(div(a(div(div(span)(img)(span)(span(button)))))))
246,https://eszterhazycellkabel.weebly.com,4465d73501052cd38e214c2fc4cdf22350b35f2c4a45e3a7daf0b5daaccb23ec,website/source/year=2026/month=3/day=16/1773692106-4465d73501052cd38e214c2fc4cdf22350b35f2c4a45e3a7daf0b5daaccb23ec/desktop-1773692106.4465d73501052cd38e214c2fc4cdf22350b35f2c4a45e3a7daf0b5daaccb23ec.png,LOGIN_FORM_MALICIOUS,(body(div(div(div(div)(div(div(ul(li(a))(li(a))(li(a))(li(a))))))(div(span))(div(span(span)(span(span)))))(div(div(div(div(div(div(div(div(div(form(div(ul(label(span))(div(div(label(span))(div(input))(div)))(div(div(label(span))(div(textarea))(div)))(div(div(label(span))(div(textarea))(div)))))(div(input))(div(input)(input)(input)(input)(input)(a(span))))(iframe)(div)))))))))(div(style)(script)(script)))(div))(div(div(span))(div(div(div(ul(li(a))(li(a))(li(a))(li(a)))))))(script)(script)(script)(div)(script)(script)(script)(script)(script)(script)(div)(div(a(div(div(span)(img)(span)(span(button)))))(a)))
247,https://eternal-ideas-833244.framer.app,65b8ea2261f5d742fcd4a01ed787a3f28964f8cc2c6a43ef8b5d139bf68e03d8,website/source/year=2026/month=3/day=3/1772568911-65b8ea2261f5d742fcd4a01ed787a3f28964f8cc2c6a43ef8b5d139bf68e03d8/desktop-1772568911.65b8ea2261f5d742fcd4a01ed787a3f28964f8cc2c6a43ef8b5d139bf68e03d8.png,LOGIN_FORM_MALICIOUS,(body(script)(div(style)(div(div(div(img)))(form(label(div)(div(input)))(label(div)(div(input)))(div(button(div)))(input)(input)(input)(input)(input)(input)(input)(input)(input)(input)(input))(div(div(img))))(div))(script)(script)(script)(div(a(div)(div(div(div))(div))(div)(div)))(script)(script)(link)(link)(link)(link)(link)(link)(link)(script)(div)(div(span)(button(svg(path)(path))))(iframe))
248,https://eternal-parts-737931.framer.app,aa4ae2890ee31f362b0e6e14b95908224e5343cc2a6a4fd8ec36f77c6ef6d0a1,website/source/year=2026/month=3/day=7/1772914506-aa4ae2890ee31f362b0e6e14b95908224e5343cc2a6a4fd8ec36f77c6ef6d0a1/desktop-1772914506.aa4ae2890ee31f362b0e6e14b95908224e5343cc2a6a4fd8ec36f77c6ef6d0a1.png,LOGIN_FORM_MALICIOUS,(body(script)(div(style)(div(form(label(div)(div(input)))(label(div(input)))(div(div(button(div)))))(div)(div(div(img))))(div))(script)(script)(script)(div(a(div)(div(div(div))(div))(div)(div)))(script)(link)(link)(link)(link)(link)(link)(link)(script)(div)(div(span)(button(svg(path)(path))))(iframe))
249,https://everwlse0nlineauth.weebly.com,2182da5c4273e6f2a4c2e2ca8659707d2feaafd9a8e39cf20a716668dc496c48,website/source/year=2026/month=3/day=8/1773000906-2182da5c4273e6f2a4c2e2ca8659707d2feaafd9a8e39cf20a716668dc496c48/desktop-1773000906.2182da5c4273e6f2a4c2e2ca8659707d2feaafd9a8e39cf20a716668dc496c48.png,LOGIN_FORM_MALICIOUS,(body(div(div(div(div(div(div(div(span(span)(span(span))))(div(div(span)))))))(div(div(div(div(div(div(div(div))))))(div(div(div(div(div(div(form(div(ul(label(span))(div(div(label(span))(div(input))(div)))(div(div(label(span))(div(input))(div)))))(div(input))(div(input)(input)(input)(input)(input)(a(span))))(iframe)(div)))))))(div(div(div(div(div(div))))))))(div(style)(script)(script)))(div(div(ul)))(div(div(div(div(ul))))(div)))(script)(script)(script)(div)(script)(script)(script)(script)(script)(script)(script))
250,https://ewdsaasass.weebly.com,baf20612eb211fd11565b7cf55fe33f299b95e7582d51c174b7370b68bcbaa01,website/source/year=2026/month=3/day=7/1772914507-baf20612eb211fd11565b7cf55fe33f299b95e7582d51c174b7370b68bcbaa01/desktop-1772914507.baf20612eb211fd11565b7cf55fe33f299b95e7582d51c174b7370b68bcbaa01.png,LOGIN_FORM_MALICIOUS,(body(div(div(div(div(div(span(span)(span(span))))(div(div(ul(li(a))))(div(ul(li(a)))))(div(div(a))(button)))))(div(div(div(div(div(div(div(div(div(div(a(img))(div)))(div(div(div(table(tbody(tr(td(div(div(a(img))(div))))(td(div(form(div(ul(div(div(label(span))(div(input))(div)))(div(div(label(span))(div(textarea))(div)))))(div(input))(div(input)(input)(input)(input)(input)(a(span))))(iframe)(div)))))))))))))(div)))))(div(div(div(div(div(div(div)))))))(div(div(div(style)(script)(script)))))(div(ul(li(a))))(div)(script)(script)(script)(script)(script)(div)(script)(script)(script)(script)(script)(script)(div)(div(a(div(div(span)(img)(span)(span(button)))))))
251,https://exquisite-acknowledge-697623.framer.app,e4c6925c596687e4379ea6db09595adcda21b19e3591abdcc99ce127b73e0c87,website/source/year=2026/month=3/day=1/1772396107-e4c6925c596687e4379ea6db09595adcda21b19e3591abdcc99ce127b73e0c87/desktop-1772396107.e4c6925c596687e4379ea6db09595adcda21b19e3591abdcc99ce127b73e0c87.png,LOGIN_FORM_MALICIOUS,(body(script)(div(style)(div(div(div(img)))(form(label(div)(div(input)))(label(div)(div(input)))(div(button(div)))(input)(input)(input)(input)(input)(input)(input)(input)(input)(input)(input))(form(div)(input)(input)(input)(input)(input)(input)(input)(input)(input)(input)(input))(div(span)(a(span))(span)(span)(span)(a(span))))(div))(script)(script)(div(a(div)(div(div(div))(div))(div)(div)))(script)(script)(link)(link)(link)(link)(link)(link)(link)(link)(script)(div)(div(span)(button(svg(path)(path))))(iframe))
252,https://exquisite-diversity-790452.framer.app,f29feeacd5ba2bda326cf1c3befdd193082496bf3d07739bc45e642afde626dd,website/source/year=2026/month=3/day=1/1772396108-f29feeacd5ba2bda326cf1c3befdd193082496bf3d07739bc45e642afde626dd/desktop-1772396108.f29feeacd5ba2bda326cf1c3befdd193082496bf3d07739bc45e642afde626dd.png,LOGIN_FORM_MALICIOUS,(body(script)(div(style)(div(div(div(img)))(form(label(div)(div(input)))(label(div)(div(input)))(label(div)(div(input)))(div(button(div)))(input)(input)(input)(input)(input)(input)(input)(input)(input)(input)(input)))(div))(script)(script)(div(a(div)(div(div(div))(div))(div)(div)))(script)(script)(link)(link)(link)(link)(link)(link)(script)(div)(div(span)(button(svg(path)(path))))(iframe))
253,https://facetakpcikas.weebly.com,b781c4e30d3a4355ffabb1f51c18885d804f74d5e5c1f58c8d232e39544d10aa,website/source/year=2026/month=3/day=12/1773347216-b781c4e30d3a4355ffabb1f51c18885d804f74d5e5c1f58c8d232e39544d10aa/desktop-1773347216.b781c4e30d3a4355ffabb1f51c18885d804f74d5e5c1f58c8d232e39544d10aa.png,LOGIN_FORM_MALICIOUS,(body(div(div(div(label(span(span)(span)(span)))(div(span(a(span))))(div(div(div(ul(li(a))(li(a)))))))(div(div))(div(div(div(div(div(div(table(tbody(tr(td(div(form(div(ul(div(div(label(span))(div(input))(div)))(div(div(label(span))(div(input))(div)))(div(div(label(span))(div(input))(div)))))(div(input))(div(input)(input)(input)(input)(a(span))))(iframe)))(td(div(div(a(img))(div)))))))))))))(div(div(style)(script)(script))))(div(div(div(div(ul(li(a))(li(a))))))))(script)(script)(script)(script)(script)(script)(script)(script)(div)(div(a(div(div(span)(img)(span)(span(button)))))))
254,https://faithful-fabric-168129.framer.app,72084df3237c8baedde3f2c4617135a0f678664bb6270c01858b5d78fc289802,website/source/year=2026/month=3/day=25/1774469711-72084df3237c8baedde3f2c4617135a0f678664bb6270c01858b5d78fc289802/desktop-1774469711.72084df3237c8baedde3f2c4617135a0f678664bb6270c01858b5d78fc289802.png,LOGIN_FORM_MALICIOUS,(body(script)(div(style)(div(div(img))(form(div(div(img)))(label(div)(div(input)))(label(div)(div(input)))(div(button(div)))(div(div(img)))))(div))(script)(script)(script)(div(a(div)(div(div(div))(div))(div)(div)))(script)(link)(link)(link)(link)(link)(link)(link)(script)(div)(div(span)(button(svg(path)(path))))(iframe))
255,https://favorite-sheet-045607.framer.app,db952bd0ce89c5ece0d539b33fb31571ff37a932381627d610e6f22f2f689b61,website/source/year=2026/month=3/day=30/1774901712-db952bd0ce89c5ece0d539b33fb31571ff37a932381627d610e6f22f2f689b61/desktop-1774901712.db952bd0ce89c5ece0d539b33fb31571ff37a932381627d610e6f22f2f689b61.png,LOGIN_FORM_MALICIOUS,(body(script)(div(style)(div(div(div(img))(div(div(img))(div(div(img)))(div(div(img)))(form(label(div(input)))(label(div(input)))(div(div(button(div))))(input)(input)(input)(input)(input)(input)(input)(input)(input)(input)(input)))))(div))(script)(script)(div(a(div)(div(div(div))(div))(div)(div)))(script)(script)(link)(link)(link)(link)(link)(link)(script)(div)(div(span)(button(svg(path)(path))))(iframe))
256,https://fdfsfhdfshaw.weebly.com,422a6ae1cbf0bd154c02de291c4c1844f45687c5dda0a57ce63a1a7c7655a67a,website/source/year=2026/month=3/day=14/1773519605-422a6ae1cbf0bd154c02de291c4c1844f45687c5dda0a57ce63a1a7c7655a67a/desktop-1773519605.422a6ae1cbf0bd154c02de291c4c1844f45687c5dda0a57ce63a1a7c7655a67a.png,LOGIN_FORM_MALICIOUS,(body(div(div(div(div(div(span(span)(span(span))))(div(div(ul))(div(ul)))(div(div(a))(button)))))(div(div(div(div(div(div(div(div(div(div(a(img))(div)))(div(div(div(table(tbody(tr(td)(td(div(form(div(ul(div(div(label(span))(div(input))(div)))(div(div(label(span))(div(input))(div)))))(div(input))(div(input)(input)(input)(input)(input)(a(span))))(iframe)(div)))))))))))))(div)))))(div(div(div(div(div(div(div)))))))(div(div(div(style)(script)(script)))))(div(ul))(div)(script)(script)(script)(script)(script)(div)(script)(script)(script)(script)(script)(script)(script))
257,https://fdhjsa.weebly.com,4d34a9c4a1ddc8c5747a0ff03dbc22982b58aa080c23512f214ccb47c57dcb44,website/source/year=2026/month=3/day=31/1774988106-4d34a9c4a1ddc8c5747a0ff03dbc22982b58aa080c23512f214ccb47c57dcb44/desktop-1774988106.4d34a9c4a1ddc8c5747a0ff03dbc22982b58aa080c23512f214ccb47c57dcb44.png,LOGIN_FORM_MALICIOUS,(body(div(div(div(div(div(span(span)(span(span))))(div(ul))(a(span)))))(div(div(div(div(div(div(div(table(tbody(tr(td)(td(div(div(a(img))(div)))(div(form(div(ul(div(div(label(span))(div(input))(div)))(div(div(label(span))(div(input))(div)))))(div(input))(div(input)(input)(input)(input)(input)(a(span))))(iframe)(div))(div(div(a(img))(div))))(td)(td(div))))))))(div(div(div(table(tbody(tr(td(div))(td(div))))))))(div)))))(div(style)(script)(script)))(div(ul))(script)(script)(div)(script)(script)(script)(script)(script)(script))
258,https://fduybh.weebly.com,391537ea57e3b783e26bcc29e288c864832ccc29d677442f7914c3dacf86ac20,website/source/year=2026/month=3/day=18/1773864905-391537ea57e3b783e26bcc29e288c864832ccc29d677442f7914c3dacf86ac20/desktop-1773864905.391537ea57e3b783e26bcc29e288c864832ccc29d677442f7914c3dacf86ac20.png,LOGIN_FORM_MALICIOUS,(body(div(div(div(div(div(span(span)(span(span))))(div(div(ul))(div(ul)))(div(div(a))(button)))))(div(div(div(div(div(div(div(div(div(div(a(img))(div)))(div(form(div(ul(label(span))(div(div(label(span))(div(input))(div)))(div(div(label(span))(div(input))(div)))))(div(input))(div(input)(input)(input)(input)(input)(a(span))))(iframe)(div))))))(div)))))(div(div(div(div(div(div(div)))))))(div(div(div(style)(script)(script)))))(div(ul))(div)(script)(script)(script)(script)(script)(div)(script)(script)(script)(script)(script)(script)(script))
259,https://feohxwqt.com,c73320e048f5e28a8d283eb1046dd8c3cf1f4a06b48c0e7ec64a30b55826daa4,website/source/year=2026/month=3/day=26/1774556106-c73320e048f5e28a8d283eb1046dd8c3cf1f4a06b48c0e7ec64a30b55826daa4/desktop-1774556106.c73320e048f5e28a8d283eb1046dd8c3cf1f4a06b48c0e7ec64a30b55826daa4.png,LOGIN_FORM_MALICIOUS,(body(ul(li(a))(li(a))(li(a)))(header(div(div(div)))(div(div(ul(li)(li(a))(li(a)))(time))(div(a(div(svg(path)(path)(path))(svg(title)(desc)(path)))))(ul(li(a(svg(path))(span)))(li(a(svg(path))(span)))(li(a))(li(div(a(svg(path))(span))))(li(nav(button(span(svg(path)))(span))))))(div(div(nav(button(svg(path))(span)))(div(a(svg(path))(span)))(nav(ul(li(a(span)))(li(a(span)))(li(button(span)(svg(path)))(div(ul(li(a))(li(a))(li(a))(li(a)))(ul(li(a))(li(a))(li(a))(li(a))(li(a))(li(a)))))(li(a(span))))(div(ul(li(a(span)))(li(a(span)))(li(a(span)))))(div(a(span(div(span))(div))(svg(path)))))))(div(span)(div(div(a(div(svg(path)(path)(path))(svg(title)(desc)(path))(span)))(button(span)(svg(path))))(div(a)(a(span)(svg(path))))(ul(li(a(span)(div)))(li(a(span)))(li(a(span)))(li(a(span)))(li(a(span)))(li(button(span(span))(svg(path)))(div(ul(li(a))(li(a))(li(a))(li(a))(li(a))(li(a)))))(li(a(span)))(li(button(span(span))(svg(path)))(div(ul(li(a))(li(a))(li(a))(li(a))(li(a)))))(li(button(span(span)(div))(svg(path)))(div(ul(li(a))(li(a))(li(a))(li(a))(li(a))(li(a))(li(a))))))(div(a(svg(path))(span)))(div(div(a(figure(img))(div))(a(figure(img))(div))(a(figure(img))(div))))(ul(li(a(svg(path))(span)))(li(a(svg(path))(span)))(li(a(svg(path))(span))))(div(div(button(span(span)(div))(svg(path)))(div(ul(li(a))(li(a))))))(ul(li(a(span)))(li(a(span)))(li(a(span)))(li(a(span)))(li(a(span)))(li(a(span)))(li(a(span)))))))(div)(main(div(div(div(div(div(div(div(hgroup(a)(span))(div(span)(span))(div(span)(span))(div(figure(span(svg(path)(path)(path))(img))(figcaption(span))))))(div(div(hgroup(a)(span))(div(span))(div(span)(span))))(div(div(hgroup(a)(span))(div)(div(span)(span)))))))))(div(section(div(div(div(div(div(hgroup(a)(span))(div(span))(div(span)(span))(div(figure(span(svg(path)(path)(path))(img))(figcaption(span))))))(div(div(hgroup(a)(span))(div)(div(span)(span))))))))(section(div(div(div(div(div(hgroup(a)(span))(div)(div(span)(span))))(div(div(div(hgroup(a)(span))(div(span))(div(span)(span)(span)(span))))(div(div(hgroup(a)(span))(div(span(span)))(div(span)(span)))))))))(div(div(div(a(figure(img))(div(div)(div(span)(svg(path))))))))(section(div(div(div(div(div(hgroup(a)(span))(div)(div(span)(span))(div(figure(span(svg(path)(path)(path))(img))(figcaption(span))))))(div(div(hgroup(a)(span))(div(span))(div(span)(span))))))))(section(div(div(div(div(div(hgroup(a)(span))(div(span)(span))))(div(div(hgroup(a)(span))(div(span(span))(span)(span)(span)(span)(span))(div(span)(span)(span))))))))(section(div(div(div(div(div(hgroup(a)(span))(div(span(span))(span(span))(span))(div(span)(span))(div(figure(span(svg(path)(path)(path))(img))(figcaption(span))))))(div(div(hgroup(a)(span))(div(span))(div(span)(span))))))))(section(div(div(div(div(div(hgroup(a)(span))(div(span)(span))))(div(div(hgroup(a)(span))(div(span)(span))))(div(div(hgroup(a)(span))(div(span)(span))))))))(section(div(div(div(div(div(hgroup(a)(span))(div)(div(span)(span))(div(figure(span(svg(path)(path)(path))(img))(figcaption(span))))))))))(section(a(svg(path)))(div(div(button(svg(path))(span)))(div(ul(li(div(hgroup(a))(div(figure(span(svg(path)(path)(path))(img))))(div(div))))(li(div(hgroup(a))(div(figure(span(svg(path)(path)(path))(img))))(div(div))))(li(div(hgroup(a))(div(figure(span(svg(path)(path)(path))(img))))(div(div))))(li(div(hgroup(a))(div(figure(span(svg(path)(path)(path))(img))))(div(div))))(li(div(hgroup(a))(div(figure(span(svg(path)(path)(path))(img))))(div(div))))(li(div(hgroup(a))(div(figure(span(svg(path)(path)(path))(img))))(div(div))))(li(div(hgroup(a))(div(figure(span(svg(path)(path)(path))(img))))(div(div))))(li(div(hgroup(a))(div(figure(span(svg(path)(path)(path))(img))))(div(div))))(li(div(hgroup(a))(div(figure(span(svg(path)(path)(path))(img))))(div(div))))(li(div(hgroup(a))(div(figure(span(svg(path)(path)(path))(img))))(div(div))))(li(div(hgroup(a))(div(figure(span(svg(path)(path)(path))(img))))(div(div))))(li(div(hgroup(a))(div(figure(span(svg(path)(path)(path))(img))))(div(div))))(li(div(hgroup(a))(div(figure(span(svg(path)(path)(path))(img))))(div(div))))(li(div(hgroup(a))(div(figure(span(svg(path)(path)(path))(img))))(div(div))))(li(div(hgroup(a))(div(figure(span(svg(path)(path)(path))(img))))(div(div))))(li(div(hgroup(a))(div(figure(span(svg(path)(path)(path))(img))))(div(div))))(li(div(hgroup(a))(div(figure(span(svg(path)(path)(path))(img))))(div(div))))(li(div(hgroup(a))(div(figure(span(svg(path)(path)(path))(img))))(div(div))))(li(div(hgroup(a))(div(figure(span(svg(path)(path)(path))(img))))(div(div))))(li(div(hgroup(a))(div(figure(span(svg(path)(path)(path))(img))))(div(div))))(li(div(hgroup(a))(div(figure(span(svg(path)(path)(path))(img))))(div(div))))(li(div(hgroup(a))(div(figure(span(svg(path)(path)(path))(img))))(div(div))))(li(div(hgroup(a))(div(figure(span(svg(path)(path)(path))(img))))(div(div))))(li(div(hgroup(a))(div(figure(span(svg(path)(path)(path))(img))))(div(div))))(li(div(hgroup(a))(div(figure(span(svg(path)(path)(path))(img))))(div(div))))(li(div(hgroup(a))(div(figure(span(svg(path)(path)(path))(img))))(div(div))))(li(div(hgroup(a))(div(figure(span(svg(path)(path)(path))(img))))(div(div))))))(template(div(button(svg(path))(span)))(div(button(svg(path))(span))))(div(button(svg(path))(span)))))(section(div(div(span)(ul(li(time)(a))(li(time)(a))(li(time)(a))(li(time)(a))(li(time)(a))(li(time)(a))(li(a(span)(svg(path))))))(div(span)(div(div(div(hgroup(a)(span))(div(span)(span)(div(span)))(div(figure(span(svg(path)(path)(path))(img)(svg(path)))))))(div(div(hgroup(a)(span))(div(span)(span)(span))(div(figure(span(svg(path)(path)(path))(img)(svg(path)))))))(div(div(hgroup(a)(span))(div(span)(span)(div(span)))(div(figure(span(svg(path)(path)(path))(img)(svg(path)))))))(a(span)(svg(path)))))))(section(div(span(span(img)))(a(span))))(section(div(div(div(div(div(hgroup(a)(span))(div(span(span)(span)(span)(span)))(div(span)(span))(div(figure(span(svg(path)(path)(path))(img))(figcaption(span))))))))(div(div(div(div(hgroup(a)(span))(div)(div(span)(span)(span))))(div(div(hgroup(a)(span))(div)(div(span)(span)(div(svg(path))(span)))))))(div(div(div(div(hgroup(a)(span))(div(span)(span))))(div(div(hgroup(a)(span))(div(span)(span)(span))))))))(section(div(div(div(div(div(hgroup(a)(span))(div(span(span))(span(span)))(div(span)(span)(span)(span))(div(figure(span(svg(path)(path)(path))(img))(figcaption(span))))))))(div(div(div(div(hgroup(a)(span))(div(span)(span))))(div(div(hgroup(a)(span))(div(span)(span))))))))(section(div(div(div(div(div(hgroup(a)(span))(div)(div(span)(span))(div(figure(span(svg(path)(path)(path))(img))(figcaption(span))))))))(div(div(div(div(hgroup(a)(span))(div(span)(span))))(div(div(hgroup(a)(span))(div(span)(span))))))))(section(div(div(div(div(div(hgroup(a)(span))(div(span))(div(span)(span))))(div(div(hgroup(a)(span))(div(span))(div(span)(span))))))))(section(div(div(div(div(span)(div(div(hgroup(a(span)))(div(span)(span))(div(span)(span)(div(span))))(div(figure(span(svg(path)(path)(path))(img))(figcaption(span))))))))))(section(div(div(div(div(div(hgroup(a)(span))(div(span))(div(span)(span))(div(figure(span(svg(path)(path)(path))(img))(figcaption(span))))))))(div(div(div(div(hgroup(a)(span))(div(span)(span))))(div(div(hgroup(a)(span))(div(span)(span))))(div(div(hgroup(a)(span))(div(span)(span))))))))(section(div(div(div(div(span)(a(span)(svg(path)))(div(div(hgroup(a)(span))(div(span(span)))(div(span)(span)))(div(figure(span(svg(path)(path)(path))(img))(figcaption(span))))))))))(section(div(div(div(div(div(hgroup(a)(span))(div(span(span(span))(span(span))(span(span))(span(span))))(div(span)(span))(div(figure(span(svg(path)(path)(path))(img))(figcaption(span))))))))(div(div(div(div(hgroup(a)(span))(div(span)(span))))(div(div(hgroup(a)(span))(div(span)(span)(span))))(div(div(hgroup(a)(span))(div(span)(span)(span))))))))(section(div(div(div(div(div(hgroup(a)(span))(div)(div(span)(span))(div(figure(span(svg(path)(path)(path))(img))(figcaption(span))))))))(div(div(div(div(hgroup(a)(span))(div)(div(span)(span))))(div(div(hgroup(a)(span))(div(span))(div(span)(span))))))(div(div(div(div(hgroup(a)(span))(div(span)(span))))(div(div(hgroup(a)(span))(div(span)(span))))))))(section(div(div(div(div(span)(div(div(hgroup(a(span)))(div(span(span)))(div(span)(span)))(div(figure(span(svg(path)(path)(path))(img)(svg(path)(path)))))))))))(section(div(div(div(div(div(hgroup(a)(span))(div)(div(span)(span))(div(figure(span(svg(path)(path)(path))(img))(figcaption(span))))))))(div(div(div(div(hgroup(a)(span))(div)(div(span)(span))))(div(div(hgroup(a)(span))(div)(div(span)(span))))))(div(div(div(div(hgroup(a)(span))(div(span)(span))))(div(div(hgroup(a)(span))(div(span)(span)(div(svg(path))(span)))))))))(section(div(div(div(div(div(hgroup(a)(span))(div(span))(div(span)(span))(div(figure(span(svg(path)(path)(path))(img))(figcaption(span))))))))(div(div(div(div(hgroup(a)(span)(a(span)(span)))(div(span)(span)(span))))(div(div(hgroup(a)(span))(div(span)(span))))(div(div(hgroup(a)(span))(div(span)(span))))))))(section(div(div(div(div(div(hgroup(a)(span))(div(span))(div(span)(span)(div(svg(path))(span)))(div(figure(span(svg(path)(path)(path))(img))(figcaption(span))))))))(div(div(div(div(hgroup(a)(span))(div(span)(span)(span)(span)(span))))(div(div(hgroup(a)(span))(div(span)(span)(span))))))))(section(div(div(div(div(div(hgroup(a)(span))(div(span)(span)(span))(div(span)(span))(div(figure(span(svg(path)(path)(path))(img))))))))(div(div(div(div(hgroup(a)(span))(div(span)(span))))(div(div(hgroup(a)(span))(div(span)(span))))(div(div(hgroup(a)(span))(div(span)(span))))))))(section(div(div(div(div(span)(a(span)(svg(path)))(div(hgroup(a(span)))(div(span)(span))(div(span)(span)(div(span)))(div(figure(span(svg(path)(path)(path))(img)(svg(path))))))))))))(aside(section(div(span(span(img)))(a(span))))(span)(div(section(div(div(div(div(div(hgroup(a))(div)(div(span)(span))))))(div(div(div(div(hgroup(a))(div)(div(span)(span)))))))))(div(div(div(a(figure(img))(div(div)(div(span)(svg(path))))))))(div(section(div(div(div(div(div(hgroup(a))(div)(div(span)(span))(div(figure(span(svg(path)(path)(path))(img))))))))(div(div(div(div(hgroup(a))(div)(div(span)(span))))))))(section(div(div(div(div(div(hgroup(a))(div)(div(span)(span))))))(div(div(div(div(hgroup(a))(div(span)(span))))))))(section(div(div(div(div(div(hgroup(a))(div)(div(span)(span))(div(figure(span(svg(path)(path)(path))(img))(figcaption(span))))))))(div(div(div(div(hgroup(a))(div)(div(span)(span))))))(div(div(div(div(hgroup(a))(div)(div(span)(span))))))))(section(div(div(div(div(div(hgroup(a)(span))(div)(div(span)(span))(div(figure(span(svg(path)(path)(path))(img))(figcaption(span))))))))(div(div(div(div(hgroup(a))(div(span)(span))))))(div(div(div(div(hgroup(a))(div(span)(span))))))))(section(div(div(div(div(div(hgroup(a)(span))(div)(div(span)(span))(div(figure(span(svg(path)(path)(path))(img))))))))(div(div(div(div(hgroup(a))(div)(div(span)(span))))))))(section(div(div(div(div(div(hgroup(a))(div)(div(span)(span))(div(figure(span(svg(path)(path)(path))(img))(figcaption(span))))))))(div(div(div(div(hgroup(a))(div)(div(span)(span))))))(div(div(div(div(hgroup(a))(div(span)(span))))))(div(div(div(div(hgroup(a))(div(span)(span))))))))(section(div(div(div(div(div(hgroup(a))(div)(div(span)(span))))))(div(div(div(div(hgroup(a))(div)(div(span)(span))))))))(section(div(div(div(div(div(hgroup(a))(div)(div(span)(span))))))(div(div(div(div(hgroup(a))(div(span)(span))))))))(section(div(div(div(div(div(hgroup(a)(span))(div)(div(span)(span))(div(figure(span(svg(path)(path)(path))(img))(figcaption(span))))))))(div(div(div(div(hgroup(a))(div)(div(span)(span))))))))(section(div(div(div(div(div(hgroup(a))(div)(div(span)(span))))))(div(div(div(div(hgroup(a))(div(span)(span))))))))(section(div(div(div(div(div(hgroup(a)(span))(div)(div(span)(span))(div(figure(span(svg(path)(path)(path))(img))(figcaption(span))))))))(div(div(div(div(hgroup(a)(span))(div)(div(span)(span))))))))(section(div(div(div(div(div(hgroup(a))(div)(div(span)(span))(div(figure(span(svg(path)(path)(path))(img))(figcaption(span))))))))(div(div(div(div(hgroup(a))(div(span)(span))))))(div(div(div(div(hgroup(a))(div(span)(span))))))))(section(div(div(div(div(div(hgroup(a))(div)(div(span)(span))))))(div(div(div(div(hgroup(a))(div)(div(span)(span))))))(div(div(div(div(hgroup(a))(div)(div(span)(span))))))))(section(div(div(div(div(div(hgroup(a))(div(span)(span))))))(div(div(div(div(hgroup(a))(div(span)(span))))))))(section(div(div(div(div(div(hgroup(a)(span))(div)(div(span)(span))(div(figure(span(svg(path)(path)(path))(img))))))))(div(div(div(div(hgroup(a))(div)(div(span)(span))))))))(section(div(div(div(div(div(hgroup(a))(div(span)(span))))))(div(div(div(div(hgroup(a))(div(span)(span))))))(div(div(div(div(hgroup(a))(div(span)(span))))))))))(div(section(div(div(button(svg(path))(span)))(div(ul(li(div(div(a))(div(figure(span(svg(path)(path)(path))(img))))(div(div))))(li(div(div(a))(div(figure(span(svg(path)(path)(path))(img))))(div(div))))(li(div(div(a))(div(figure(span(svg(path)(path)(path))(img))))(div(div))))(li(div(div(a))(div(figure(span(svg(path)(path)(path))(img))))(div(div))))(li(div(div(a))(div(figure(span(svg(path)(path)(path))(img))))(div(div))))(li(div(div(a))(div(figure(span(svg(path)(path)(path))(img))))(div(div))))(li(div(div(a))(div(figure(span(svg(path)(path)(path))(img))))(div(div))))(li(div(div(a))(div(figure(span(svg(path)(path)(path))(img))))(div(div))))(li(div(div(a))(div(figure(span(svg(path)(path)(path))(img))))(div(div))))(li(div(div(a))(div(figure(span(svg(path)(path)(path))(img))))(div(div))))(li(div(div(a))(div(figure(span(svg(path)(path)(path))(img))))(div(div))))(li(div(div(a))(div(figure(span(svg(path)(path)(path))(img))))(div(div))))(li(div(div(a))(div(figure(span(svg(path)(path)(path))(img))))(div(div))))(li(div(div(a))(div(figure(span(svg(path)(path)(path))(img))))(div(div))))(li(div(div(a))(div(figure(span(svg(path)(path)(path))(img))))(div(div))))(li(div(div(a))(div(figure(span(svg(path)(path)(path))(img))))(div(div))))(li(div(div(a))(div(figure(span(svg(path)(path)(path))(img))))(div(div))))(li(div(div(a))(div(figure(span(svg(path)(path)(path))(img))))(div(div))))(li(div(div(a))(div(figure(span(svg(path)(path)(path))(img))))(div(div))))(li(div(div(a))(div(figure(span(svg(path)(path)(path))(img))))(div(div))))(li(div(div(a))(div(figure(span(svg(path)(path)(path))(img))))(div(div))))(li(div(div(a))(div(figure(span(svg(path)(path)(path))(img))))(div(div))))(li(div(div(a))(div(figure(span(svg(path)(path)(path))(img))))(div(div))))(li(div(div(a))(div(figure(span(svg(path)(path)(path))(img))))(div(div))))(li(div(div(a))(div(figure(span(svg(path)(path)(path))(img))))(div(div))))(li(div(div(a))(div(figure(span(svg(path)(path)(path))(img))))(div(div))))(li(div(div(a))(div(figure(span(svg(path)(path)(path))(img))))(div(div))))(li(div(div(a))(div(figure(span(svg(path)(path)(path))(img))))(div(div))))(li(div(div(a))(div(figure(span(svg(path)(path)(path))(img))))(div(div))))(li(div(div(a))(div(figure(span(svg(path)(path)(path))(img))))(div(div))))(li(div(div(a))(div(figure(span(svg(path)(path)(path))(img))))(div(div))))(li(div(div(a))(div(figure(span(svg(path)(path)(path))(img))))(div(div))))(li(div(div(a))(div(figure(span(svg(path)(path)(path))(img))))(div(div))))(li(div(div(a))(div(figure(span(svg(path)(path)(path))(img))))(div(div))))(li(div(div(a))(div(figure(span(svg(path)(path)(path))(img))))(div(div))))(li(div(div(a))(div(figure(span(svg(path)(path)(path))(img))))(div(div))))(li(div(div(a))(div(figure(span(svg(path)(path)(path))(img))))(div(div))))(li(div(div(a))(div(figure(span(svg(path)(path)(path))(img))))(div(div))))(li(div(div(a))(div(figure(span(svg(path)(path)(path))(img))))(div(div))))(li(div(div(a))(div(figure(span(svg(path)(path)(path))(img))))(div(div))))(li(div(div(a))(div(figure(span(svg(path)(path)(path))(img))))(div(div))))(li(div(div(a))(div(figure(span(svg(path)(path)(path))(img))))(div(div))))(li(div(div(a))(div(figure(span(svg(path)(path)(path))(img))))(div(div))))(li(div(div(a))(div(figure(span(svg(path)(path)(path))(img))))(div(div))))(li(div(div(a))(div(figure(span(svg(path)(path)(path))(img))))(div(div))))(li(div(div(a))(div(figure(span(svg(path)(path)(path))(img))))(div(div))))(li(div(div(a))(div(figure(span(svg(path)(path)(path))(img))))(div(div))))(li(div(div(a))(div(figure(span(svg(path)(path)(path))(img))))(div(div))))(li(div(div(a))(div(figure(span(svg(path)(path)(path))(img))))(div(div))))(li(div(div(a))(div(figure(span(svg(path)(path)(path))(img))))(div(div))))(li(div(div(a))(div(figure(span(svg(path)(path)(path))(img))))(div(div))))(li(div(div(a))(div(figure(span(svg(path)(path)(path))(img))))(div(div))))(li(div(div(a))(div(figure(span(svg(path)(path)(path))(img))))(div(div))))(li(div(div(a))(div(figure(span(svg(path)(path)(path))(img))))(div(div))))(li(div(div(a))(div(figure(span(svg(path)(path)(path))(img))))(div(div))))(li(div(div(a))(div(figure(span(svg(path)(path)(path))(img))))(div(div))))(li(div(div(a))(div(figure(span(svg(path)(path)(path))(img))))(div(div))))(li(div(div(a))(div(figure(span(svg(path)(path)(path))(img))))(div(div))))(li(div(div(a))(div(figure(span(svg(path)(path)(path))(img))))(div(div))))(li(div(div(a))(div(figure(span(svg(path)(path)(path))(img))))(div(div))))(li(div(div(a))(div(figure(span(svg(path)(path)(path))(img))))(div(div))))(li(div(div(a))(div(figure(span(svg(path)(path)(path))(img))))(div(div))))(li(div(div(a))(div(figure(span(svg(path)(path)(path))(img))))(div(div))))(li(div(div(a))(div(figure(span(svg(path)(path)(path))(img))))(div(div))))))(template(div(button(svg(path))(span)))(div(button(svg(path))(span))))(div(button(svg(path))(span)))))(section(ul(li(a(time)))(li(a(time)))(li(a(time)))(li(a(time)))(li(a(time))))(form(label)(span)(div(input)(button(span)))))(div(div(div(div(button(span(svg(path)))(span))(div)(a(span)(svg(path)))))))(div(div(div)))))(footer(div(div(ul(li(a))(li(a))))(div(div(div)(ul(li(a))(li(a))(li(a))(li(a))(li(a))(li(a))(li(a))(li(a))))(div(div)(ul(li(a))(li(a))(li(a))(li(a))(li(a))))(div(div)(ul(li(a))(li(a))(li(a))(li(a))(li(a))(li(a))))(div(div)(ul(li(a))(li(a))(li(a))(li(a))(li(a))(li(a))(li(a))(li(a))))(div(ul(li(a(img)))(li(a(img))))(div(a(picture(source)(source)(img)))))))(div(div(ul(li(a))(li(a))(li(a))(li(a))(li(a))(li(button))))))(aside(div(div(div(svg(path)))(div(div(div)(div(div(button)(button))(div(button))))))(div(div(button(svg(path))(span)))(div(div(div(div(div(input)(label(span(svg(path))))))(button(svg(path)))(div(ul(li)(li)(li)(li)(li)(li)(li)(li)(li))))(div(div(div(input)(label(span(svg(path))))))(button(svg(path)))(div(ul(li)(li)(li)(li))))(div(div(div(input)(label(span(svg(path))))))(button(svg(path)))(div(ul(li))))(div(div(div(input)(label(span(svg(path)))))))(button))))))(notification-center)(script)(script))
260,https://feyiseyi00.wixstudio.com/my-site-1,27e92817c665a59abf53df4d574133f2506d8de6c30d451c7fa309b08ae1aff1,website/source/year=2026/month=3/day=1/1772396106-27e92817c665a59abf53df4d574133f2506d8de6c30d451c7fa309b08ae1aff1/desktop-1772396106.27e92817c665a59abf53df4d574133f2506d8de6c30d451c7fa309b08ae1aff1.png,LOGIN_FORM_MALICIOUS,(body(script)(script)(script)(script)(script)(svg(defs))(div(div(div(span))(div(a(span(svg(path)))))(div(div(div(div(div)(div(div(div(main(section(div(div)(div))(div(div(div(div(wow-image(picture(img))))))(div(div(div(div(div(div(form(fieldset(div(div(div(div(div(div(div(div(div(span(span)))))))))(div(div(div(label))(div(div(div(div(input))))(div))))(div(div(div)(div(div(div(div(label(input)(span(span))(div(div(div(div(div(div(span(span)))))))))))))))(div(div(div(label))(div(div(div(div(input))))(div))))(div(div(div)(div(div(button(span)))))))(div(div))))))))))))))(div(div(div(div)(div(div)(div(div(div(nav(ul(li(div(span(a))))))(button(div(svg(g(path)))))))))))))))))))(div(span))))(script)(script)(script)(script)(script)(script)(script)(script)(script)(link)(link)(link)(script)(script)(script)(script)(script)(script)(script)(script)(script)(script)(script)(script)(script)(script)(script)(script)(script)(script)(script)(script)(link)(script)(script)(script)(script)(script)(script)(script)(script)(script)(script))
261,https://fgbnmvnbnk.weebly.com,dd327153fa500cf5fd4822b9aed49aac10c4237a53ac9203bff50704402a9f24,website/source/year=2026/month=3/day=11/1773260109-dd327153fa500cf5fd4822b9aed49aac10c4237a53ac9203bff50704402a9f24/desktop-1773260109.dd327153fa500cf5fd4822b9aed49aac10c4237a53ac9203bff50704402a9f24.png,LOGIN_FORM_MALICIOUS,(body(div(div(div(div(div(span(span)(span(span))))(div(div(ul))(div(ul)))(div(div(a))(button)))))(div(div(div(div(div(div(div(div(div(div(a(img))(div)))(div(form(div(ul(label(span))(div(div(label(span))(div(input))(div)))(div(div(label(span))(div(input))(div)))))(div(input))(div(input)(input)(input)(input)(input)(a(span))))(iframe)(div))))))(div)))))(div(div(div(div(div(div(div(div)(div)(div)(div)(div)(div(div(div(table(tbody(tr(td(div))(td(div))))))))(div)(div)(div)(div))))))))(div(div(div(style)(script)(script)))))(div(ul))(div)(script)(script)(script)(script)(script)(div)(script)(script)(script)(script)(script)(script)(script))
262,https://fgbsfvgsgr.weebly.com,89d443446eb5e312458c7a7016c7a8ccaca59e35e84fba2c8c28486019b1333b,website/source/year=2026/month=3/day=7/1772914817-89d443446eb5e312458c7a7016c7a8ccaca59e35e84fba2c8c28486019b1333b/desktop-1772914817.89d443446eb5e312458c7a7016c7a8ccaca59e35e84fba2c8c28486019b1333b.png,LOGIN_FORM_MALICIOUS,(body(div(div(div(a(span))(div(span(a(span))))(div(span)))(div(span(form(input)(span(span)))))(div(div(div(div(div(div(div(div(div(font))(div(form(div(ul(div(div(div(table(tbody(tr(td(div))(td(div(div(label(span))(div(input))(div))))))))))(div(div(div(table(tbody(tr(td(div))(td(div(div(label(span))(div(input))(div))))))))))(div(div(div(table(tbody(tr(td(div))(td(div(div(label(span))(div(input))(div))))))))))(div(div(div(table(tbody(tr(td(div))(td(div(div(label(span))(div(input))(div))))))))))))(div(input))(div(input)(input)(input)(input)(input)(a(span))))(iframe)(div))))))(div))))))(div(div(div(ul(li(a))(li(a))(li(a))))))(div(div(div(div(div(div(div)))))))(div(div(div(style)(script)(script)))))(div(a(span))(ul(li(a))(li(a))(li(a))))(script)(script)(div)(script)(script)(script)(script)(script)(script)(div))
263,https://fhdfshdfmbs.weebly.com,a7baf63c53b87f7cd90ebec45315704b4415bcd8d25120f4700d28046bf4b648,website/source/year=2026/month=3/day=22/1774210961-a7baf63c53b87f7cd90ebec45315704b4415bcd8d25120f4700d28046bf4b648/desktop-1774210961.a7baf63c53b87f7cd90ebec45315704b4415bcd8d25120f4700d28046bf4b648.png,LOGIN_FORM_MALICIOUS,(body(div(div(div(div(div(div(span(a(span))))(div(div(span)))))(div(div(div(div(div(div(div(div(div(div(div(div(table(tbody(tr(td)(td(div(div(style)(div(div(div(div)(div(form(div(ul(div(div(a(img))(div)))(div(div(label(span))(div(input))(div)))(div(div(label(span))(div(input))(div)))))(div(input))(div(input)(input)(input)(input)(input)(a(span))))(iframe)(div)))))(div)(script))))(td)))))))))))))(div)))))(div(div(div(div(div(div(div)))))))(div(style)(script)(script)))(div(div(ul)))(div(div(div(div(ul))))(div)))(script)(script)(script)(div)(script)(script)(script)(script)(script)(script)(script))
264,https://ficpromericaenlineahngt.z5.web.core.windows.net,6e68e4808186692badd2678636ef27bfe2c9fbb218f0038b44178e179e0ba432,website/source/year=2026/month=3/day=23/1774296905-6e68e4808186692badd2678636ef27bfe2c9fbb218f0038b44178e179e0ba432/desktop-1774296905.6e68e4808186692badd2678636ef27bfe2c9fbb218f0038b44178e179e0ba432.png,LOGIN_FORM_MALICIOUS,(body(div(div(div(img)))(div(div(img))(div(span)))(div)(div(div(table(tbody(tr(td(div(span)(div(div(div(div(div(div(img)))(div(div(img)))(div(div(img)))(div(div(img)))))(table)))(div(table(tbody(tr(td))(tr(td(div(div(table(tbody(tr(td))(tr(td)))))))))))))(td(form(div(div(div(span))(div(table(tbody(tr(td(span))(td(input)(span)(button)))))))(div(link)(div(div(span))(table(tbody(tr(td(span)(input)(label(span(svg(polyline)))(span))))))(table(tbody(tr(td(span)))(tr(td(input)(span)(div(svg(g(path)(path)(path)))(div))))(tr(td(center(table(tbody(tr(td(input)(label))(td(input)(label))))))))))(div(table(tbody(tr(td(input))))))(div)(div)(div)(div(table(tbody(tr(td(input))))))(div(div(input)))(div(input)(input))))(div)(div(div(button))(table(tbody(tr(td)(td(input)))))(table(tbody(tr(td(input)))))(div)(div(div(span))(div(input)))))))))))(div(input))(div)(div(label)(label))(div(div(img)(div(label)(label)(button)))(div(img)(div(label)(label)(button)))(div(img)(div(label)(label)(button)))(div(img)(div(label)(label)(button)))(div(img)(div(label)(label)(button))))(div)(div(a)(a)(a)(a))(div(img)(img))(meta)(meta)(title)(link)(div(div(img)))(div(div(div(div(div(svg(g(g(g(g(g(g(g(rect)(g(rect)(rect))))))))))))(div(div(img)(div)))(div(div)(span(span))))(div(div(div(img))(div)))))(input)(div))(div)(div(div(span)(span)(a)(span)(a)(span)(a))(div(img))))(script))
265,https://final-predict-098912.framer.app,1265c4f4d1fdedaa132df5ce6bf40e33866a8f5b3abd99c1b021af174d39a44b,website/source/year=2026/month=3/day=4/1772655307-1265c4f4d1fdedaa132df5ce6bf40e33866a8f5b3abd99c1b021af174d39a44b/desktop-1772655307.1265c4f4d1fdedaa132df5ce6bf40e33866a8f5b3abd99c1b021af174d39a44b.png,LOGIN_FORM_MALICIOUS,(body(script)(div(style)(div(form(div(div(img)))(label(div)(div(input)))(label(div)(div(input)))(div(button(div)))(input)(input)(input)(input)(input)(input)(input)(input)(input)(input)(input))(div(div(img))))(div))(script)(script)(div(a(div)(div(div(div))(div))(div)(div)))(script)(script)(link)(link)(link)(link)(link)(link)(script)(div)(div(span)(button(svg(path)(path))))(iframe))
266,https://fitness-singlesprofile98.weebly.com,fe64c98921857980762fe79c9a400a7f36e9a102824794ccddc0cfb7ce864b6b,website/source/year=2026/month=3/day=25/1774469711-fe64c98921857980762fe79c9a400a7f36e9a102824794ccddc0cfb7ce864b6b/desktop-1774469711.fe64c98921857980762fe79c9a400a7f36e9a102824794ccddc0cfb7ce864b6b.png,LOGIN_FORM_MALICIOUS,(body(div(div(div(div(span(span)(span(span))))(a(span)))(div(div(div(ul)))))(div(div(div(div(div(div(div(div(div(a(img))(div)))(div(form(div(ul(div(div(label(span))(div(input))(div)))(div(div(label(span))(div(input))(div)))))(div(input))(div(input)(input)(input)(input)(input)(a(span))))(iframe)(div))(div(div(a(img))(div))))))))))(div(div(div(style)(script)(script)))))(div(ul))(script)(script)(div)(script)(script)(script)(script)(script)(script)(div(a(div(div(span)(img)(span)(span(button)))))))
267,https://five-vodat0ne-de-loqin.weebly.com,47adc7e0e03e21747d0f253ba66a6efe2bcdf6769c6d7e617446fa2a7b0c4674,website/source/year=2026/month=3/day=18/1773865241-47adc7e0e03e21747d0f253ba66a6efe2bcdf6769c6d7e617446fa2a7b0c4674/desktop-1773865241.47adc7e0e03e21747d0f253ba66a6efe2bcdf6769c6d7e617446fa2a7b0c4674.png,LOGIN_FORM_MALICIOUS,(body(div(div(div(div(div(span(a(img))))(div(ul))(a(span)))))(div(div(div(div(font(font))(div(div(div(table(tbody(tr(td)(td(font)(span(font))(div(form(div(ul(div(div(label(span))(div(input))(div)))(div(div(label(span))(div(input))(div)))))(div(input))(div(input)(input)(input)(input)(input)(a(span))))(iframe)(div)))(td(div))))))))(div(div(div(table(tbody(tr(td(div))(td(div))))))))(div)(div(div(a(img))(div)))))))(div(style)(script)(script)))(div(ul))(script)(script)(div)(script)(script)(script)(script)(script)(script))
268,https://fiznail.weebly.com,a8f014ca90918732e172730e1877bfd2e5c31e057c7775056a6d9afaa994054c,website/source/year=2026/month=3/day=14/1773519605-a8f014ca90918732e172730e1877bfd2e5c31e057c7775056a6d9afaa994054c/desktop-1773519605.a8f014ca90918732e172730e1877bfd2e5c31e057c7775056a6d9afaa994054c.png,LOGIN_FORM_MALICIOUS,(body(div(div(div(a(span))(div(span(span)(span(span)))))(div(div(div(div(div(div(div(div(div(div(div(table(tbody(tr(td(div))(td(div(form(div(ul(div(div(label(span))(div(input))(div)))(div(div(label(span))(div(input))(div)))(div(div(label(span))(div(input))(div)))))(div(input))(div(input)(input)(input)(input)(input)(a(span))))(iframe)(div)))(td(div))))))))))))(div))))))(div(div(div(ul(li(a))))))(div(div(div(div(div(div(div)))))))(div(div(div(style)(script)(script)))))(div(a(span))(ul(li(a))))(script)(script)(div)(script)(script)(script)(script)(script)(script)(div))
269,https://flourished-minotaur-375024.framer.app,7adba3eaab0ea814d416dc8c818d9adeb77dcc9d82bfa9dbe4ce40d0ebaae9c1,website/source/year=2026/month=3/day=22/1774210505-7adba3eaab0ea814d416dc8c818d9adeb77dcc9d82bfa9dbe4ce40d0ebaae9c1/desktop-1774210505.7adba3eaab0ea814d416dc8c818d9adeb77dcc9d82bfa9dbe4ce40d0ebaae9c1.png,LOGIN_FORM_MALICIOUS,(body(script)(div(style)(div(div(div(div(img))))(div(div(div(img))))(form(label(div)(div(input)))(label(div)(div(input)))(div(div(button(div))))(input)(input)(input)(input)(input)(input)(input)(input)(input)(input)(input))(div(div(div(img)))))(div))(script)(script)(div(a(div)(div(div(div))(div))(div)(div)))(script)(script)(link)(link)(link)(link)(link)(link)(script)(div)(div(span)(button(svg(path)(path))))(iframe))
270,https://flowing-engineers-200090.framer.app,c994f820c2083191b003ad8fd3c8e89fe74b667510d9e81b395a1fd7ba0d0185,website/source/year=2026/month=3/day=19/1773951309-c994f820c2083191b003ad8fd3c8e89fe74b667510d9e81b395a1fd7ba0d0185/desktop-1773951309.c994f820c2083191b003ad8fd3c8e89fe74b667510d9e81b395a1fd7ba0d0185.png,LOGIN_FORM_MALICIOUS,(body(script)(div(style)(div(div(div(img))(form(label(div)(div(input)))(label(div)(div(input)))(div(button(div)))(input)(input)(input)(input)(input)(input)(input)(input)(input)(input)(input))(div(div(img)))(div(div(img)))))(div))(script)(script)(div(a(div)(div(div(div))(div))(div)(div)))(script)(script)(link)(link)(link)(link)(link)(link)(script)(div)(div(span)(button(svg(path)(path))))(iframe))
271,https://focused-support-235311.framer.app,b1fe9ecbf33bb96fbda79275e36901f15e77b46205ed7d1031ccfd7c477adc24,website/source/year=2026/month=3/day=25/1774469711-b1fe9ecbf33bb96fbda79275e36901f15e77b46205ed7d1031ccfd7c477adc24/desktop-1774469711.b1fe9ecbf33bb96fbda79275e36901f15e77b46205ed7d1031ccfd7c477adc24.png,LOGIN_FORM_MALICIOUS,(body(script)(div(style)(div(form(label(div)(div(input)))(label(div)(div(input)))(div(button(div)))(input)(input)(input)(input)(input)(input)(input)(input)(input)(input)(input)(input))(div(div(img)))(div)(div(div(img)))(div(div(img)))(div(div(img))))(div))(script)(script)(script)(div(a(div)(div(div(div))(div))(div)(div)))(script)(script)(link)(link)(link)(link)(link)(link)(link)(script)(div)(div(span)(button(svg(path)(path))))(iframe))
272,https://fqo.gfc.mybluehost.me/cntr/login.php,f12d44e73763e05c7ba8475e7c35599854b117266b11c02756e3976029fa981e,website/source/year=2026/month=3/day=13/1773432909-f12d44e73763e05c7ba8475e7c35599854b117266b11c02756e3976029fa981e/desktop-1773432909.f12d44e73763e05c7ba8475e7c35599854b117266b11c02756e3976029fa981e.png,LOGIN_FORM_MALICIOUS,(body(header(div(div(img))(ul(li)(li)(li))))(div(div(div(img)(ul(li(span))(li(span))(li(span)))(a)(img))(div(form(input)(div(ul(li)(li)(li)(li)(li)))(div(div(label(img))(input))(div(button))(a)))(div(span(a)))(div(span(a))))(div(img))))(footer(div(div)(div(a))))(script)(script)(script)(script))
273,https://frank-data-623858.framer.app,c209ef189f41089f5e05a72e70b2b3276d25a4b715448bfbbc66223682e91fec,website/source/year=2026/month=3/day=1/1772396107-c209ef189f41089f5e05a72e70b2b3276d25a4b715448bfbbc66223682e91fec/desktop-1772396107.c209ef189f41089f5e05a72e70b2b3276d25a4b715448bfbbc66223682e91fec.png,LOGIN_FORM_MALICIOUS,(body(script)(div(style)(div(form(div(div(img)))(label(div)(div(input)))(label(div)(div(input)))(div(button(div)))(input)(input)(input)(input)(input)(input)(input)(input)(input)(input)(input)))(div))(script)(script)(div(a(div)(div(div(div))(div))(div)(div)))(script)(script)(link)(link)(link)(link)(link)(link)(script)(div)(div(span)(button(svg(path)(path))))(iframe))
274,https://franwendell21.wixstudio.com/spectrum0,9372b80a6784f1975ec55a217c4b43bbfd1b79ceadbb140154631c97163ce4cd,website/source/year=2026/month=3/day=13/1773432908-9372b80a6784f1975ec55a217c4b43bbfd1b79ceadbb140154631c97163ce4cd/desktop-1773432908.9372b80a6784f1975ec55a217c4b43bbfd1b79ceadbb140154631c97163ce4cd.png,LOGIN_FORM_MALICIOUS,(body(script)(script)(script)(script)(script)(svg(defs))(div(div(div(span))(div(a(span(svg(path)))))(div(div(div(div(div)(div(div(div(main(section(div(div)(div))(div(div(div(div(wow-image(picture(img))))))(div(div(div(div(div(div(form(fieldset(div(div(div(div(div(label))(div(div(div(div(input))))(div))))(div(div(div)(div(div(div(div(label(input)(span(span))(div(div(div(div(div(div(span(span)))))))))))))))(div(div(div(label))(div(div(div(div(input))))(div))))(div(div(div)(div(div(button(span)))))))(div(div))))))))))))))(div(div(div(div)(div(div)(div(div(div(nav(ul(li(div(span(a))))))(button(div(svg(g(path)))))))))))))))))))(div(span))))(script)(script)(script)(script)(script)(script)(script)(script)(script)(link)(link)(link)(script)(script)(script)(script)(script)(script)(script)(script)(script)(script)(script)(script)(script)(script)(script)(script)(script)(script)(script)(script)(link)(script)(script)(script)(script)(script)(script)(script)(script)(script)(script))
275,https://fr-crweb.weebly.com,dbcd22f8dc05611b5d93853ceee9941b063c6a8b1748cc1f3554c7206a77fceb,website/source/year=2026/month=3/day=7/1772914507-dbcd22f8dc05611b5d93853ceee9941b063c6a8b1748cc1f3554c7206a77fceb/desktop-1772914507.dbcd22f8dc05611b5d93853ceee9941b063c6a8b1748cc1f3554c7206a77fceb.png,LOGIN_FORM_MALICIOUS,(body(div(div(div(div(span)))(div(span(a(span))))(div(a)(a(span))))(div(ul(li(a))(li(a))(li(a))(li(a))))(div(div(div(ul(li(a))(li(a))(li(a))(li(a))))))(div(div(span(form(input)(span(span))))))(div(div)))(div(div(div(div(div(div(div(div(div(div)))))(div)))))(div(div(div(div(div(div(div(div)(div(form(div(ul(label(span))(div(div(label(span))(div(input))(div)))(div(div(label(span))(div(input))(div)))))(div(input))(div(input)(input)(input)(input)(input)(a(span))))(iframe)(div)))))))))(div(style)(script)(script)))(div)(script)(script)(div)(script)(script)(script)(script)(script)(script)(div)(div(a(div(div(span)(img)(span)(span(button)))))))
276,https://fronaccountmail.weebly.com,409fe9162de702f8d7c36c8ad174ba7d256ad4232447d939cd612fa577637765,website/source/year=2026/month=3/day=15/1773605709-409fe9162de702f8d7c36c8ad174ba7d256ad4232447d939cd612fa577637765/desktop-1773605709.409fe9162de702f8d7c36c8ad174ba7d256ad4232447d939cd612fa577637765.png,LOGIN_FORM_MALICIOUS,(body(div(div(div(div(div(span(span)(span(span))))(div(div(ul))(div(ul)))(div(div(a))(button)))))(div(div(div(div(div(div(div(div(div(div(a(img))(div)))(div(form(div(ul(div(div(label(span))(div(input))(div)))(div(div(label(span))(div(input))(div)))))(div(input))(div(input)(input)(input)(input)(input)(a(span))))(iframe)(div))(div(div(a(img))(div)))))))(div)))))(div(div(div(div(div(div(div)))))))(div(div(div(style)(script)(script)))))(div(ul))(div)(script)(script)(script)(script)(script)(div)(script)(script)(script)(script)(script)(script)(script))
277,https://frontieremailupdatessjk.framer.website,87866b3761e46019aa384eb428dbd27186f8bca1e5b3f0839142db1896fe9a8e,website/source/year=2026/month=3/day=2/1772482511-87866b3761e46019aa384eb428dbd27186f8bca1e5b3f0839142db1896fe9a8e/desktop-1772482511.87866b3761e46019aa384eb428dbd27186f8bca1e5b3f0839142db1896fe9a8e.png,LOGIN_FORM_MALICIOUS,(body(script)(div(style)(div(div(div(img)))(div(div))(form(label(div(input)))(label(div(input)))(div(div(button(div)))))(div(div(div(img)))))(div))(script)(script)(script)(div(a(div)(div(div(div))(div))(div)(div)))(script)(link)(link)(link)(link)(link)(link)(link)(script)(div)(iframe))
278,https://fsnb-acc-sec.weebly.com,49e7bb05dcc10624d7edf3a51536913d39074e198c8bd85bdc86ec8ef594d542,website/source/year=2026/month=3/day=5/1772742194-49e7bb05dcc10624d7edf3a51536913d39074e198c8bd85bdc86ec8ef594d542/desktop-1772742194.49e7bb05dcc10624d7edf3a51536913d39074e198c8bd85bdc86ec8ef594d542.png,LOGIN_FORM_MALICIOUS,(body(div(div(div(div(div(div(span(a(span))))(div(div(span)))))(div(div(div(div(div(div(div(div(div(div(div(a(img))(div)))(div(form(div(ul(label(span))(div(div(label(span))(div(input))(div)))(div(div(label(span))(div(input))(div)))))(div(input))(div(input)(input)(input)(input)(input)(a(span))))(iframe)(div))(div(div(a(img))(div)))))))))(div)))))(div(div(div(div(div(div(div)))))))(div(style)(script)(script)))(div(div(ul)))(div(div(div(div(ul))))(div)))(script)(script)(script)(div)(script)(script)(script)(script)(script)(script))
279,https://fsu-fr.weebly.com,62e3f7545d70b809005c572d267ad9d31d7741091eec2cdca509baced0e8587d,website/source/year=2026/month=3/day=27/1774642510-62e3f7545d70b809005c572d267ad9d31d7741091eec2cdca509baced0e8587d/desktop-1774642510.62e3f7545d70b809005c572d267ad9d31d7741091eec2cdca509baced0e8587d.png,LOGIN_FORM_MALICIOUS,(body(div(div(div(div(span)(span)(span)))(div(span(a(span)))))(div(div(div(ul(li(a))))(div(div(div(div(div(div(div(div(form(div(ul(label(span))(div(div(label(span))(div(input))(div)))(div(div(label(span))(div(input))(div)))(div(div(label(span))(div(input))(div)))))(div(input))(div(input)(input)(input)(input)(input)(a(span))))(iframe)(div))))))))))(div(div(style)(script)(script))))(div(div(div(div(ul(li(a))))))))(script)(script)(script)(div)(script)(script)(script)(script)(script)(script)(div))
280,https://ftsbtrustsaving.weebly.com,09351e63c22b2878bc42bdc953234da502ea37e2faec3c7f6ac87c69e10d395f,website/source/year=2026/month=3/day=3/1772568911-09351e63c22b2878bc42bdc953234da502ea37e2faec3c7f6ac87c69e10d395f/desktop-1772568911.09351e63c22b2878bc42bdc953234da502ea37e2faec3c7f6ac87c69e10d395f.png,LOGIN_FORM_MALICIOUS,(body(div(div(div(div(div(div(div(span(a(span))))(div(div(span)))))))(div(div(div(div(div(div(div(div))))))(div(div(div(div(div(div(form(div(ul(label(span))(div(div(label(span))(div(input))(div)))(div(div(label(span))(div(input))(div)))(div(div(label(span))(div(span(input)(label)))(div)))))(div(input))(div(input)(input)(input)(input)(input)(a(span))))(iframe)(div)))))))(div(div(div(div(div(div))))))))(div(style)(script)(script)))(div(div(ul(li(a)))))(div(div(div(div(ul(li(a))))))(div)))(script)(script)(script)(div)(script)(script)(script)(script)(script)(script)(script)(div))
281,https://full-access-470954.framer.app,7bccebb47303b5d9a1720ecf74f7fd3898af2b9385a384de5bf9f7667626ac68,website/source/year=2026/month=3/day=4/1772655307-7bccebb47303b5d9a1720ecf74f7fd3898af2b9385a384de5bf9f7667626ac68/desktop-1772655307.7bccebb47303b5d9a1720ecf74f7fd3898af2b9385a384de5bf9f7667626ac68.png,LOGIN_FORM_MALICIOUS,(body(script)(div(style)(div(form(div(div(img)))(div)(label(div)(div(input)))(label(div)(div(input)))(div(button(div)))(input)(input)(input)(input)(input)(input)(input)(input)(input)(input)(input)))(div))(script)(script)(div(a(div)(div(div(div))(div))(div)(div)))(script)(script)(link)(link)(link)(link)(link)(link)(script)(div)(div(span)(button(svg(path)(path))))(iframe))
282,https://functional-one-289139.framer.app,7f1934a9c74888b86c1357c0449f6dcc6b599afc2a535a743300acdd1282b731,website/source/year=2026/month=3/day=5/1772741706-7f1934a9c74888b86c1357c0449f6dcc6b599afc2a535a743300acdd1282b731/desktop-1772741706.7f1934a9c74888b86c1357c0449f6dcc6b599afc2a535a743300acdd1282b731.png,LOGIN_FORM_MALICIOUS,(body(script)(div(style)(div(div(div(img))(div(div(img))(form(label(div)(div(input)))(label(div)(div(input)))(div(button(div)))(input)(input)(input)(input)(input)(input)(input)(input)(input)(input)(input)))))(div))(script)(script)(div(a(div)(div(div(div))(div))(div)(div)))(script)(script)(link)(link)(link)(link)(link)(link)(script)(div)(div(span)(button(svg(path)(path))))(iframe))
283,https://fun-focus-012098.framer.app,e8997fe0e3d333a2ddd44cbc5f9e9d447d21be8b3d177211a4df3729bb549b78,website/source/year=2026/month=3/day=4/1772655307-e8997fe0e3d333a2ddd44cbc5f9e9d447d21be8b3d177211a4df3729bb549b78/desktop-1772655307.e8997fe0e3d333a2ddd44cbc5f9e9d447d21be8b3d177211a4df3729bb549b78.png,LOGIN_FORM_MALICIOUS,(body(script)(div(style)(div(div(div(form(div(div(img)))(label(div(div))(div(input)))(label(div)(div(input)))(div(button(div)))(div(div(style)))(input)(input)(input)(input)(input)(input)(input)(input)(input)(input)(input)))))(div))(script)(script)(script)(div(a(div)(div(div(div))(div))(div)(div)))(script)(script)(link)(link)(link)(link)(link)(link)(link)(link)(link)(script)(div)(div(span)(button(svg(path)(path))))(iframe))
284,https://fyyfyff.weebly.com,25d91354484a55e5ad7d79a1505875a36872851f4964f76ef456bfde6e51d1ce,website/source/year=2026/month=3/day=15/1773605709-25d91354484a55e5ad7d79a1505875a36872851f4964f76ef456bfde6e51d1ce/desktop-1773605709.25d91354484a55e5ad7d79a1505875a36872851f4964f76ef456bfde6e51d1ce.png,LOGIN_FORM_MALICIOUS,(body(div(div(div(div(div(span(span)(span(span))))(div(div(ul))(div(ul)))(div(div(a))(button)))))(div(div(div(div(div(div(div(div(div(div(a(img))(div)))(div(form(div(ul(div(div(label(span))(div(input))(div)))(div(div(label(span))(div(input))(div)))))(div(input))(div(input)(input)(input)(input)(input)(a(span))))(iframe)(div))))))(div)))))(div(div(div(div(div(div(div)))))))(div(div(div(style)(script)(script)))))(div(ul))(div)(script)(script)(script)(script)(script)(div)(script)(script)(script)(script)(script)(script)(script))
285,https://g4666654.weebly.com,9526ca4ca808c7402d699531c0bb86ed8ed99182e02e721c0e50be584db4634b,website/source/year=2026/month=3/day=25/1774470149-9526ca4ca808c7402d699531c0bb86ed8ed99182e02e721c0e50be584db4634b/desktop-1774470149.9526ca4ca808c7402d699531c0bb86ed8ed99182e02e721c0e50be584db4634b.png,LOGIN_FORM_MALICIOUS,(body(div(div(div(div(span)))(div(span(span)(span(span))))(div(a(span))))(div(ul))(div(div(div(ul))))(div(div))(div(div)))(div(div(div(div(div(div(div(div(table(tbody(tr(td(div))(td(div(div(style)(div(div(div(div(div)(div(div(div(table(tbody(tr(td(div)(div(div(a(img))(div))))(td(div(div(a(img))(div)))(div(form(div(ul(div(div(label(span))(div(input))(div)))(div(div(label(span))(div(input))(div)))))(div(input))(div(input)(input)(input)(input)(input)(a(span))))(iframe)(div)))(td(div))))))))))))(div)(script))))(td(div))))))))))))(div(style)(script)(script)))(div)(script)(script)(div)(script)(script)(script)(script)(script)(script))
286,https://gateway.lighthouse.storage/ipfs/bafkreiglnhpvtuyumhrpefz2xtekftxqjzzyjtrrep46dukfgz6evgteku,f19147a12a2cc04e757a3cdd174d3330468c96cd4708db63801759a25a4a941e,website/source/year=2026/month=3/day=11/1773260111-f19147a12a2cc04e757a3cdd174d3330468c96cd4708db63801759a25a4a941e/desktop-1773260111.f19147a12a2cc04e757a3cdd174d3330468c96cd4708db63801759a25a4a941e.png,LOGIN_FORM_MALICIOUS,(body(div)(div(div)(div(div(img)(div)(div)(div(button)))(div(img)(div)(div)(div(button)))(div(img)(div)(div)(div(button)))(div(img)(div)(div))))(div(div)(div)(div)(div(div(div))(div))(div(ul))(div))(div(div)(div(div(header(div(img)(div)(span(a)(div(a(span)(span)(span))(ul(li(a))(li(a))(li(a))(li(a))(li(a))(li(a))(li(a))(li(a))(li(a))(li(a))(li(a))(li(a)))))))(div(div(div(main(div(div(div(div)(div(form(div(div)(input)(div(div))(div(div(label)(div(a))(input)))(div(div(label(span)(def))(input)(div(a))))(div(div(label)(input)))(div(div(div(label(input)))))(div(div(div)(div)))(div(div(button)))))))(div(a))))))))(footer(div)(span)(div(span)(span))(div(span(a)))(div(span(a)))(div)))))(div(div)(div(span)))(div(iframe))(script)(noscript)(style)(style)(style)(style)(svg(defs(lineargradient(stop)(stop))(lineargradient(stop)(stop))))(div)(script))
287,https://gencatsect.weebly.com,6ffc8bbc9b20075cf223c0a38282b137d29d6f59c1f004e88ac1dd6151bd1911,website/source/year=2026/month=3/day=15/1773605709-6ffc8bbc9b20075cf223c0a38282b137d29d6f59c1f004e88ac1dd6151bd1911/desktop-1773605709.6ffc8bbc9b20075cf223c0a38282b137d29d6f59c1f004e88ac1dd6151bd1911.png,LOGIN_FORM_MALICIOUS,(body(div(div(div(div(span)))(div(span(a(img))))(div(a)(a(span))))(div(ul(li(a))(li(a))(li(a))(li(a))))(div(div(div(ul(li(a))(li(a))(li(a))(li(a))))))(div(div(span(form(input)(span(span))))))(div(div)))(div(div(div))(div(div(div(div(div(div(div(div(form(div(ul(label(span))(div(div(label(span))(div(input))(div)))(div(div(label(span))(div(input))(div)))(div(div(label(span))(div(input))(div)))))(div(input))(div(input)(input)(input)(input)(input)(a(span))))(iframe)(div)))))))))(div(style)(script)(script)))(div)(script)(script)(div)(script)(script)(script)(script)(script)(script)(div)(div(a(div(div(span)(img)(span)(span(button)))))))
288,https://gencatsupporthelpdeskadministradordept.weebly.com,16629a056dbf1448ceb1a8eb1adfddffe4013061734baeb5356ce0c0267116f6,website/source/year=2026/month=3/day=2/1772483003-16629a056dbf1448ceb1a8eb1adfddffe4013061734baeb5356ce0c0267116f6/desktop-1772483003.16629a056dbf1448ceb1a8eb1adfddffe4013061734baeb5356ce0c0267116f6.png,LOGIN_FORM_MALICIOUS,(body(div(div(div(div(span)(span)(span)))(div(span(a(img)))))(div(div(div(ul(li(a))))(div(div(div(div(div(div(div(div(div(form(div(ul(label(span))(div(div(label(span))(div(input))(div)))(div(div(label(span))(div(input))(div)))))(div(input))(div(input)(input)(input)(input)(input)(a(span))))(iframe)(div))))))(div)))))(div(div(div(div(div(div(div))))))))(div(div(style)(script)(script))))(div(div(div(div(ul(li(a))))))))(script)(script)(script)(div)(script)(script)(script)(script)(script)(script)(div)(div(a(div(div(span)(img)(span)(span(button)))))))
289,https://gfhfsw.weebly.com,4c744c6c50666d140fcef52c509bb2a39a1f04489fa806f4befe9f50eb8addf7,website/source/year=2026/month=3/day=15/1773605709-4c744c6c50666d140fcef52c509bb2a39a1f04489fa806f4befe9f50eb8addf7/desktop-1773605709.4c744c6c50666d140fcef52c509bb2a39a1f04489fa806f4befe9f50eb8addf7.png,LOGIN_FORM_MALICIOUS,(body(div(div(div(div(span)))(div(span(span)(span(span))))(div(a)(a(span))))(div(ul))(div(div(div(ul))))(div(div(span(form(input)(span(span))))))(div(div)))(div(div(div(div(div(div(div(div(div(div(div(div(table(tbody(tr(td)(td(div(div(a(img))(div)))(div(form(div(ul(label(span))(div(div(label(span))(div(input))(div)))(div(div(label(span))(div(input))(div)))))(div(input))(div(input)(input)(input)(input)(input)(a(span))))(iframe)(div)))(td)))))))))))(div)))))(div(div(div(div(div(div(div)))))))(div(style)(script)(script)))(div)(script)(script)(div)(script)(script)(script)(script)(script)(script)(script))
290,https://ggg.ixo.mybluehost.me/ryf/login.php,7341ea2c16c6b9a87dcf1e54405fa81a76e0adef6219bea7967c5194793fb770,website/source/year=2026/month=3/day=31/1774988109-7341ea2c16c6b9a87dcf1e54405fa81a76e0adef6219bea7967c5194793fb770/desktop-1774988109.7341ea2c16c6b9a87dcf1e54405fa81a76e0adef6219bea7967c5194793fb770.png,LOGIN_FORM_MALICIOUS,(body(div(img))(div(div(div(ul(li)(li))(img))(form(input)(legend)(div(div(div(div(input)(div(img))(ul(li)(li)(li)(li)(li)))))(div(div(input))))(div(div(div(div(input))(div(img))(div(img)))))(table(tbody(tr(td)(td)(td)(td)(td)(td))(tr(td)(td)(td)(td)(td))))(div(div)(div(button)))))(div(ul(li(img))(li(img)))(hr)(ul(li)(li)(li))))(script)(script)(script)(script)(script)(script))
291,https://gghghvghvgvgvhvhvhg.weebly.com,f1a03a4f8d17edf7a1f4ff51c7cf34d0b844be94ffaf4a5bdd5aa69e5f61a85e,website/source/year=2026/month=3/day=3/1772568911-f1a03a4f8d17edf7a1f4ff51c7cf34d0b844be94ffaf4a5bdd5aa69e5f61a85e/desktop-1772568911.f1a03a4f8d17edf7a1f4ff51c7cf34d0b844be94ffaf4a5bdd5aa69e5f61a85e.png,LOGIN_FORM_MALICIOUS,(body(div(div(div(div(span)(span)(span)))(div(span(a(img)))))(div(div(div(ul))(div(div(div(div(div(div(div(div(form(div(ul(label(span))(div(div(div(table(tbody(tr(td(div(div)(hr)(div)))(td(div(div(label(span))(div(input))(div))))))))))(div(div(div(table(tbody(tr(td(div(div)(hr)(div)))(td(div(div(label(span))(div(input))(div))))))))))))(div(input))(div(input)(input)(input)(input)(input)(a(span))))(iframe)(div))))))))))(div(div(style)(script)(script))))(div(div(ul))))(script)(script)(script)(div)(script)(script)(script)(script)(script)(script)(div(a(div(div(span)(img)(span)(span(button)))))))
292,https://ggppcc0-0mm.framer.website,a5ed62c742bb2b927954b567200945e7d18260e7bb16c5a61b7371aa0236fa04,website/source/year=2026/month=3/day=22/1774210506-a5ed62c742bb2b927954b567200945e7d18260e7bb16c5a61b7371aa0236fa04/desktop-1774210506.a5ed62c742bb2b927954b567200945e7d18260e7bb16c5a61b7371aa0236fa04.png,LOGIN_FORM_MALICIOUS,(body(script)(div(style)(div(div(form(div(div(img)))(div)(label(div)(div(input)))(label(div)(div(input)))(div(button(div)))(div(div(style)))(input)(input)(input)(input)(input)(input)(input)(input)(input)(input)(input))))(div))(script)(script)(div(a(div)(div(div(div))(div))(div)(div)))(script)(script)(link)(link)(link)(link)(link)(link)(link)(link)(script)(div)(iframe))
293,https://ghjioook.weebly.com,373331440d82e2f53c540a1e22f69dbc07753a0372c89da15515c1b96a2e20c7,website/source/year=2026/month=3/day=27/1774642510-373331440d82e2f53c540a1e22f69dbc07753a0372c89da15515c1b96a2e20c7/desktop-1774642510.373331440d82e2f53c540a1e22f69dbc07753a0372c89da15515c1b96a2e20c7.png,LOGIN_FORM_MALICIOUS,(body(div(div(div(div(div(span(span)(span(span))))(div(div(ul))(div(ul)))(div(div(a))(button)))))(div(div(div(div(div(div(div(div(div(a(img))(div)))(div(form(div(ul(div(div(label(span))(div(input))(div)))(div(div(label(span))(div(input))(div)))))(div(input))(div(input)(input)(input)(input)(input)(a(span))))(iframe)(div))(div(div(a(img))(div)))(div)(div)(div(div(div(table(tbody(tr(td(div))(td(div))(td(div))))))))(div)(div)(div)(div))))))))(div(div(div(style)(script)(script)))))(div(ul))(div)(script)(script)(script)(script)(script)(div)(script)(script)(script)(script)(script)(script))
294,https://ghyytttdd.weebly.com,37948476c7b3132af1425fe5fab82ca2af14323acc41ea3eb3b616308785a323,website/source/year=2026/month=3/day=13/1773432910-37948476c7b3132af1425fe5fab82ca2af14323acc41ea3eb3b616308785a323/desktop-1773432910.37948476c7b3132af1425fe5fab82ca2af14323acc41ea3eb3b616308785a323.png,LOGIN_FORM_MALICIOUS,(body(div(div(div(a(span))(div(span(span)(span(span))))))(div(div(div(ul))))(div(div(div(div(div(form(div(ul(label(span))(div(div(label(span))(div(input))(div)))(div(div(label(span))(div(input))(div)))(div(div(label(span))(div(input))(div)))))(div(input))(div(input)(input)(input)(input)(input)(a(span))))(iframe)(div))))))(div(style)(script)(script)))(div(a(span))(ul))(script)(script)(div)(script)(script)(script)(script)(script)(script))
295,https://gietu.weebly.com,d8191e98691a765a219b88979de1c13e779249edfd3959ff37b441e20af52c1e,website/source/year=2026/month=3/day=17/1773778943-d8191e98691a765a219b88979de1c13e779249edfd3959ff37b441e20af52c1e/desktop-1773778943.d8191e98691a765a219b88979de1c13e779249edfd3959ff37b441e20af52c1e.png,LOGIN_FORM_MALICIOUS,(body(div(div(div(div(span)))(div(span(a(img))))(div(a(span))))(div(ul))(div(div(div(ul))))(div(div))(div(div)))(div(div(div(div(div(div(div(div(table(tbody(tr(td(div))(td(div(div(style)(div(div(div(div(div)(div(div(div(table(tbody(tr(td(div))(td(div(form(div(ul(div(div(label(span))(div(input))(div)))(div(div(label(span))(div(input))(div)))))(div(input))(div(input)(input)(input)(input)(input)(a(span))))(iframe)(div)))(td(div))))))))))))(div)(script))))(td(div))))))))))))(div(style)(script)(script)))(div)(script)(script)(div)(script)(script)(script)(script)(script)(script))
296,https://globalforwardingleadscount.weebly.com,8cbf160a4282fb0aafc03becd07606d0a26d2f7c1c94e67a4555c41d0659abb2,website/source/year=2026/month=3/day=31/1774988483-8cbf160a4282fb0aafc03becd07606d0a26d2f7c1c94e67a4555c41d0659abb2/desktop-1774988483.8cbf160a4282fb0aafc03becd07606d0a26d2f7c1c94e67a4555c41d0659abb2.png,LOGIN_FORM_MALICIOUS,(body(div(div(div(a(span))(div(span(span)(span(span))))))(div(div(div(ul))))(div(div(div(div(div(font))(div)(font)(div(form(div(ul(label(span))(div(div(label(span))(div(input))(div)))(div(div(label(span))(div(input))(div)))(div(div(label(span))(div(input))(div)))(div(div(label(span))(div)(div(input))(div))(div))))(div(input))(div(input)(input)(input)(input)(input)(a(span))))(iframe)(div))))))(div(style)(script)(script)))(div(a(span))(ul))(script)(script)(div)(script)(script)(script)(script)(script)(script))
297,https://globaluniversenderline.weebly.com,a216fc63d4f83f92e272ae5156f4292b1593a3d8556b6e1c0375d56aaa8c1c32,website/source/year=2026/month=3/day=22/1774210506-a216fc63d4f83f92e272ae5156f4292b1593a3d8556b6e1c0375d56aaa8c1c32/desktop-1774210506.a216fc63d4f83f92e272ae5156f4292b1593a3d8556b6e1c0375d56aaa8c1c32.png,LOGIN_FORM_MALICIOUS,(body(div(div(div(div(div(span(span)(span(span))))(div(div(ul(li(a))))(div(ul(li(a)))))(div(div(a))(button)))))(div(div(div(div(div(div(div(div(div(div(div(table(tbody(tr(td(div))(td(div(div(style)(div(div(div(div(div)(div(div(a(img))(div)))(div(form(div(ul(label(span))(div(div(label(span))(div(input))(div)))(div(div(label(span))(div(input))(div)))))(div(input))(div(input)(input)(input)(input)(input)(a(span))))(iframe)(div))))))(div)(script))))(td(div))))))))))))(div)))))(div(div(div(div(div(div(div)))))))(div(div(div(style)(script)(script)))))(div(ul(li(a))))(div)(script)(script)(script)(script)(script)(div)(script)(script)(script)(script)(script)(script)(script)(div))
298,https://gmxde-eup.weebly.com,4af2a7dfc6b2d65b874af86692931f78538a58f141ea2101a09144bedaf3ee21,website/source/year=2026/month=3/day=19/1773951316-4af2a7dfc6b2d65b874af86692931f78538a58f141ea2101a09144bedaf3ee21/desktop-1773951316.4af2a7dfc6b2d65b874af86692931f78538a58f141ea2101a09144bedaf3ee21.png,LOGIN_FORM_MALICIOUS,(body(div(div(div(div(span)))(div(span(span)(span(span))))(div(a(span))))(div(ul))(div(div(div(ul))))(div(div))(div(div)))(div(div(div(div(div(div(div(div(table(tbody(tr(td(div))(td(div(div(style)(div(div(div(div(div)(div(div(div(table(tbody(tr(td(div))(td(div(form(div(ul(div(div(label(span))(div(input))(div)))(label(span))(div(div(label(span))(div(input))(div)))))(div(input))(div(input)(input)(input)(input)(input)(a(span))))(iframe)(div)))(td(div))))))))))))(div)(script))))(td(div))))))))))))(div(style)(script)(script)))(div)(script)(script)(div)(script)(script)(script)(script)(script)(script))
299,https://gmxew.weebly.com,adf9aab880867cf1f3badcf4d6f299ae5e1f3cddcbf59098fbc277253c0416f1,website/source/year=2026/month=3/day=5/1772742199-adf9aab880867cf1f3badcf4d6f299ae5e1f3cddcbf59098fbc277253c0416f1/desktop-1772742199.adf9aab880867cf1f3badcf4d6f299ae5e1f3cddcbf59098fbc277253c0416f1.png,LOGIN_FORM_MALICIOUS,(body(div(div(div(div(a(span))(div(span(a(img))))(div(ul(li(a))))(div(span)))))(div(div(div(div(div(div(div(div))))(div)))))(div(div(div(div(div(div(div(div(form(div(ul(div(div(label(span))(div(input))(div)))(div(div(label(span))(div(input))(div)))))(div(input))(div(input)(input)(input)(input)(input)(a(span))))(iframe)(div)))))))(div(div(div(div(div)))))))(div(div(style)(script)(script))))(div(a(span))(ul(li(a))))(script)(script)(div)(script)(script)(script)(script)(script)(script)(div)(div(a(div(div(span)(img)(span)(span(button)))))))
300,https://gmx-hilfedienst111.weebly.com,2366206c70d088cd19df4d48bd0b210d32a68addac2ec9e4b1f849cf5cc90ed6,website/source/year=2026/month=3/day=28/1774730215-2366206c70d088cd19df4d48bd0b210d32a68addac2ec9e4b1f849cf5cc90ed6/desktop-1774730215.2366206c70d088cd19df4d48bd0b210d32a68addac2ec9e4b1f849cf5cc90ed6.png,LOGIN_FORM_MALICIOUS,(body(div(div(div(div(a(span))(div(span(a(img))))(div(ul(li(a))))(div(span))))(div))(div(div(div(div(div(div(div(div))))(div)))))(div(div(div(div(div(div(div(div(form(div(ul(div(div(label(span))(div(input))(div)))(div(div(label(span))(div(input))(div)))))(div(input))(div(input)(input)(input)(input)(input)(a(span))))(iframe)(div)))))))))(div(div(style)(script)(script))))(div(a(span))(ul(li(a))))(script)(script)(div)(script)(script)(script)(script)(script)(script)(div(a(div(div(span)(img)(span)(span(button)))))))
301,https://gmxhytrtg.weebly.com,4d063616284912ef0f4b6053789edca88f7f9f55b515f92f498fd35fa0a0cb1a,website/source/year=2026/month=3/day=18/1773865241-4d063616284912ef0f4b6053789edca88f7f9f55b515f92f498fd35fa0a0cb1a/desktop-1773865241.4d063616284912ef0f4b6053789edca88f7f9f55b515f92f498fd35fa0a0cb1a.png,LOGIN_FORM_MALICIOUS,(body(div(div(div(div(span)))(div(span(span)(span(span))))(div(a(span))))(div(ul))(div(div(div(ul))))(div(div))(div(div)))(div(div(div(div(div(div(div(div(table(tbody(tr(td(div))(td(div(div(style)(div(div(div(div(div)(div(form(div(ul(div(div(label(span))(div(input))(div)))(div(div(label(span))(div(input))(div)))))(div(input))(div(input)(input)(input)(input)(input)(a(span))))(iframe)(div))))))(div)(script))))(td(div))))))))))))(div(style)(script)(script)))(div)(script)(script)(div)(script)(script)(script)(script)(script)(script))
302,https://gordon19481.wixsite.com/together-with-shw,77d418a492a371932a05fb5456911afc0657649c9d2a105eb726c4f7d4b2ff6c,website/source/year=2026/month=3/day=27/1774642507-77d418a492a371932a05fb5456911afc0657649c9d2a105eb726c4f7d4b2ff6c/desktop-1774642507.77d418a492a371932a05fb5456911afc0657649c9d2a105eb726c4f7d4b2ff6c.png,LOGIN_FORM_MALICIOUS,(body(script)(script)(script)(script)(script)(svg(defs))(div(div(div(span))(div(a(span(span(div(div(svg(g(path)(path)(path))(defs(clippath(rect)))))))(span))))(div(div(div(div)(div))))(div(div(header(div)(div(div)(div(div(div)))))(main(div(div(div)(div(div(div(div(section(div(div)(div))(div(div(div(div(img)))(div(div(div(form(div(div(div(div(input)))(div(div(input)))(div(button(span)))(div(span(span(span(span(a))))))(div(span(span(span(span(a))))))(div)))))))))))))))))(footer(div)(div(div)(div(div(div)))))))(div(span))))(script)(script)(script)(script)(script)(script)(script)(script)(script)(link)(link)(link)(link)(script)(script)(script)(script)(script)(script)(script)(script)(script)(script)(script)(script)(script)(script)(script)(script)(script)(script)(script)(script)(script)(script)(script)(script)(script)(script)(script)(script)(script)(script))
303,https://graceful-homeowners-819178.framer.app,9bb70acdbc418586b4da69ace481c48eec0d486289f3270da8b13347cb0dfc6c,website/source/year=2026/month=3/day=2/1772482510-9bb70acdbc418586b4da69ace481c48eec0d486289f3270da8b13347cb0dfc6c/desktop-1772482510.9bb70acdbc418586b4da69ace481c48eec0d486289f3270da8b13347cb0dfc6c.png,LOGIN_FORM_MALICIOUS,(body(script)(div(style)(div(div(div(img))(form(div(div(img)))(label(div)(div(input))(label(div)(div(input))))(div(button(div)))(div(div(img)))(input)(input)(input)(input)(input)(input)(input)(input)(input)(input)(input))))(div))(script)(script)(div(a(div)(div(div(div))(div))(div)(div)))(script)(script)(link)(link)(link)(link)(link)(link)(script)(div)(iframe))
304,https://gracious-presentations-853028.framer.app,0a50eab501545dacecf6090c9c3bbb79e348b25da58ba70f598dca220bdec388,website/source/year=2026/month=3/day=4/1772655307-0a50eab501545dacecf6090c9c3bbb79e348b25da58ba70f598dca220bdec388/desktop-1772655307.0a50eab501545dacecf6090c9c3bbb79e348b25da58ba70f598dca220bdec388.png,LOGIN_FORM_MALICIOUS,(body(script)(div(style)(div(form(label(div(input)))(div(div(img)))(label(div(input)))(label(div(input)))(div(button(div)))(input)(input)(input)(input)(input)(input)(input)(input)(input)(input)(input)))(div))(script)(script)(div(a(div)(div(div(div))(div))(div)(div)))(script)(script)(link)(link)(link)(link)(link)(link)(script)(div)(div(span)(button(svg(path)(path))))(iframe))
305,https://gray-connection-686688.framer.app,6b7e91868af75f29520231ef56c1b75664034580dd0d1f5a901195688f6556d4,website/source/year=2026/month=3/day=22/1774210505-6b7e91868af75f29520231ef56c1b75664034580dd0d1f5a901195688f6556d4/desktop-1774210505.6b7e91868af75f29520231ef56c1b75664034580dd0d1f5a901195688f6556d4.png,LOGIN_FORM_MALICIOUS,(body(script)(div(style)(div(div(img))(form(div(div(img)))(div)(label(div)(div(input)))(label(div)(div(input)))(div(button(div)))(input)(input)(input)(input)(input)(input)(input)(input)(input)(input)(input))(div(div(div(img)))))(div))(script)(script)(div(a(div)(div(div(div))(div))(div)(div)))(script)(script)(link)(link)(link)(link)(link)(link)(link)(link)(script)(div)(div(span)(button(svg(path)(path))))(iframe))
306,https://gregarious-nonogon-186532.framer.app,065af17d391a4b5885f7ea89041a842dfec711b4195364be94dfb52c3ba68da7,website/source/year=2026/month=3/day=25/1774469711-065af17d391a4b5885f7ea89041a842dfec711b4195364be94dfb52c3ba68da7/desktop-1774469711.065af17d391a4b5885f7ea89041a842dfec711b4195364be94dfb52c3ba68da7.png,LOGIN_FORM_MALICIOUS,(body(script)(div(style)(div(div(div(img)))(form(label(div)(div(input)))(label(div)(div(input)))(div(button(div))))(div(div(img)))(div(div(img))))(div))(script)(script)(script)(div(a(div)(div(div(div))(div))(div)(div)))(script)(link)(link)(link)(link)(link)(link)(link)(script)(div)(div(span)(button(svg(path)(path))))(iframe))
307,https://grenommese.weebly.com,6a2e8c1fe867342463e0fb3825b89d1b0e89afa1097b7f73a0efcb1079374a29,website/source/year=2026/month=3/day=3/1772568911-6a2e8c1fe867342463e0fb3825b89d1b0e89afa1097b7f73a0efcb1079374a29/desktop-1772568911.6a2e8c1fe867342463e0fb3825b89d1b0e89afa1097b7f73a0efcb1079374a29.png,LOGIN_FORM_MALICIOUS,(body(div(div(div(div(div(span(a(img))))(div(div(ul(li(a))))(div(ul(li(a)))))(div(div(a))(button)))))(div(div(div(div(div(div(div(div(div(div(a(img))(div)))(div(form(div(ul(span)(label(span))(div(div(label(span))(div(input))(div)))(div(div(label(span))(div(input))(div)))))(div(input))(div(input)(input)(input)(input)(input)(a(span))))(iframe)(div))))))(div)))))(div(div(div(div(div(div(div(div(div(div(table(tbody(tr(td(div))(td(div))))))))(div)(div)(div)(div))))))))(div(div(div(style)(script)(script)))))(div(ul(li(a))))(div)(script)(script)(script)(script)(script)(div)(script)(script)(script)(script)(script)(script)(div)(div(a(div(div(span)(img)(span)(span(button)))))))
308,https://grounded-predict-406753.framer.app,c6600bb0a5a130bfc1f40f01f10d1bc6861ce12551406187ec782c65f71177d1,website/source/year=2026/month=3/day=30/1774901712-c6600bb0a5a130bfc1f40f01f10d1bc6861ce12551406187ec782c65f71177d1/desktop-1774901712.c6600bb0a5a130bfc1f40f01f10d1bc6861ce12551406187ec782c65f71177d1.png,LOGIN_FORM_MALICIOUS,(body(script)(div(style)(div(form(div(div(img)))(label(div)(div(input)))(label(div)(div(input)))(div(button(div)))))(div))(script)(script)(script)(div(a(div)(div(div(div))(div))(div)(div)))(script)(link)(link)(link)(link)(link)(link)(link)(script)(div)(div(span)(button(svg(path)(path))))(iframe))
309,https://groupwise-cz.weebly.com,cb996220a63578049d4f44c699d7ec3f37179803c325d012abc3d3495c6855ff,website/source/year=2026/month=3/day=11/1773260111-cb996220a63578049d4f44c699d7ec3f37179803c325d012abc3d3495c6855ff/desktop-1773260111.cb996220a63578049d4f44c699d7ec3f37179803c325d012abc3d3495c6855ff.png,LOGIN_FORM_MALICIOUS,(body(div(div(div(div(span)(span)(span)))(div(span(a(span)))))(div(div(div(ul(li(a))))(div(div(div(div(div(div(div(div(form(div(ul(label(span))(div(div(label(span))(div(input))(div)))(div(div(label(span))(div(input))(div)))(div(div(label(span))(div(input))(div)))))(div(input))(div(input)(input)(input)(input)(input)(a(span))))(iframe)(div))))))))))(div(div(style)(script)(script))))(div(div(div(div(ul(li(a))))))))(script)(script)(script)(div)(script)(script)(script)(script)(script)(script)(div))
310,https://gtbankingeasyloanquickcredit.weebly.com,a31fdb44d91f8d410943d51826829c33c79cc9bfbd53e9e576e33cea9f4693f2,website/source/year=2026/month=3/day=4/1772655716-a31fdb44d91f8d410943d51826829c33c79cc9bfbd53e9e576e33cea9f4693f2/desktop-1772655716.a31fdb44d91f8d410943d51826829c33c79cc9bfbd53e9e576e33cea9f4693f2.png,LOGIN_FORM_MALICIOUS,(body(div(div(div(a(span))(div(span(a(span))))(div(ul(li(a))))(div(div(ul(li(a)))))(div(span)))(div)))(div(div(div(div(div(div(div(div(div(div(a(img))(div)))(div(form(div(ul(label(span))(div(div(label(span))(div)(div(input))(div))(div))(div(div(label(span))(div(input))(div)))(div(div(label(span))(div(input))(div)))(div(div(label(span))(div(input))(div)))(div(div(label(span))(div(input))(div)))))(div(input))(div(input)(input)(input)(input)(input)(a(span))))(iframe)(div))(div(div)(div(table(tbody(tr(td(div(div(div(div(div(div(img))))(div(div(div(img))))(div(div(div(img))))(div(div(div(img))))(div(div(div(img))))(div(div(div(img))))))(div(div(span(span(span))(span)))(div(span(span(span))(span))))(div(div(span(span(span))(span)))(div(span(span(span))(span))))(div)(div)))))))(script)(div)))))))))(div(div(style)(script)(script))))(div(a(span))(ul(li(a))))(script)(script)(div)(script)(script)(script)(script)(script)(script)(div)(div(a(div(div(span)(img)(span)(span(button)))))))
311,https://gtiojkjbkvbckg.pagedemo.co,9c705b06616bcf15a88be23551cd839631d565be5190c0da8af7dcdebd9bab48,website/source/year=2026/month=3/day=4/1772655310-9c705b06616bcf15a88be23551cd839631d565be5190c0da8af7dcdebd9bab48/desktop-1772655310.9c705b06616bcf15a88be23551cd839631d565be5190c0da8af7dcdebd9bab48.png,LOGIN_FORM_MALICIOUS,(body(div(div(div(div(ul(li(ul(li(a))(li(a)))(ul(li(span(a))(span)(span(a))(span)(span(a)))))(li(ul(li(a(span)))))))(div(div(ul(li(ul(li)(li(a))(li(a))(li(a))(li(a)))(div)(hr)))))))(div(div(div(div(img))(div)(div)(div(ul(li(a))))(div(form(input)(input)(div(img)(span))(input)(div(div(label)(input))(div(a(img))))(div(div(label)(input))(div(button)))(div)(div(div(input)(label))(div(label)))(input)(div(button))(input)(div(div(div(span)(span(a))(span)(span(a)))(div(span)(a(span)(span)))))(input)))(div(div)(button)))(div)(div)(input)(div(div(div(div(button(span(img))(span))(div))(div(a)))))(noscript(div(div)(div)(div)(div(label))(form(select(option)(option)(option))(div)(input)(input)(input)(div))))))(div))(div(div(div(div(span(a))(span)(span(a))(span)(span(a)))(div(span)))))(script)(script)(script)(script)(script)(script)(script)(script)(script)(script)(script)(script)(script)(div)(div)(script)(script)(script)(script)(iframe)(main(section(div)(div)(div(div)))(section(div)(div)(div(div))))(script)(script))
312,https://gudgsugd.weebly.com,dceea8bb63628900da34a3f3d9744dc3000986ee1c676b546c0b9ebd29c10616,website/source/year=2026/month=3/day=15/1773606313-dceea8bb63628900da34a3f3d9744dc3000986ee1c676b546c0b9ebd29c10616/desktop-1773606313.dceea8bb63628900da34a3f3d9744dc3000986ee1c676b546c0b9ebd29c10616.png,LOGIN_FORM_MALICIOUS,(body(div(div(div(div(div(span(span)(span(span))))(div(div(ul))(div(ul)))(div(div(a))(button)))))(div(div(div(div(div(div(div(div(div(div(div(table(tbody(tr(td(div(div(style)(div(div(div(div(div)(div(div(a(img))(div)))(font)(div(form(div(ul(label(span))(div(div(label(span))(div(input))(div)))(div(div(label(span))(div(input))(div)))))(div(input))(div(input)(input)(input)(input)(input)(a(span))))(iframe)(div))))))(div)(script))))(td(div))))))))))))(div)))))(div(div(div(div(div(div(div(div)(div))))))))(div(div(div(style)(script)(script)))))(div(ul))(div)(script)(script)(script)(script)(script)(div)(script)(script)(script)(script)(script)(script)(div(a(div(div(span)(img)(span)(span(button)))))))
313,https://guwpkqgd.weebly.com,6b67d1e72226d8b567def8e8e4f5a5d290e9f5cd0246de1984d2707f31bcae14,website/source/year=2026/month=3/day=30/1774902096-6b67d1e72226d8b567def8e8e4f5a5d290e9f5cd0246de1984d2707f31bcae14/desktop-1774902096.6b67d1e72226d8b567def8e8e4f5a5d290e9f5cd0246de1984d2707f31bcae14.png,LOGIN_FORM_MALICIOUS,(body(div(div(div(div(div(span(a(span))))(div(div(ul(li(a))))(div(ul(li(a)))))(div(div(a))(button)))))(div(div(div(div(div(div(div(div(div(form(div(ul(div(div(a(img))(div)))(label(span))(div(div(label(span))(div(input))(div)))(div(div(label(span))(div(textarea))(div)))))(div(input))(div(input)(input)(input)(input)(input)(a(span))))(iframe)(div))))))(div)))))(div(div(div(div(div(div(div)))))))(div(div(div(style)(script)(script)))))(div(ul(li(a))))(div)(script)(script)(script)(script)(script)(div)(script)(script)(script)(script)(script)(script)(script)(div))
314,https://haltrafcu.weebly.com,1ea730e4b5048d401b4cc4ea1728217deba5769aedeac3ad0fc297b8a17bb63c,website/source/year=2026/month=3/day=15/1773605709-1ea730e4b5048d401b4cc4ea1728217deba5769aedeac3ad0fc297b8a17bb63c/desktop-1773605709.1ea730e4b5048d401b4cc4ea1728217deba5769aedeac3ad0fc297b8a17bb63c.png,LOGIN_FORM_MALICIOUS,(body(link)(link)(link)(link)(link)(link)(link)(link)(link)(link)(link)(link)(link)(link)(link)(style)(style)(script)(script)(script)(script)(script)(script)(script)(script)(script)(script)(script)(script)(script)(script)(script)(script)(div(div(div(div(div(div(div(span(span)(span(span))))(div(div(span)))))))(div(div(div(div(div(div(div)))))(div(div(div(div(div(div(form(div(ul(label(span))(div(div(label(span))(div(input))(div)))(div(div(label(span))(div(input))(div)))(div(div(label(span))(div(span(input)(label)))(div)))))(div(input))(div(input)(input)(input)(input)(input)(a(span))))(iframe)(div))(div))))))))(div(style)(script)(script)))(div(div(ul)))(div(div(div(div(ul))))(div(div(div)(span(a(span))(a(span))(a(span)))(div)))))(script)(script)(script)(div)(script)(script)(script)(script)(script)(script))
315,https://happier-ways-535391.framer.app,812fa1ccafeceed8192dec9880c399dc562d2bda36140d9f49c4af47e1872cb1,website/source/year=2026/month=3/day=4/1772655307-812fa1ccafeceed8192dec9880c399dc562d2bda36140d9f49c4af47e1872cb1/desktop-1772655307.812fa1ccafeceed8192dec9880c399dc562d2bda36140d9f49c4af47e1872cb1.png,LOGIN_FORM_MALICIOUS,(body(script)(div(style)(div(form(div(div(div(img))))(label(div(input)))(label(div(input)))(div(div(button(div))))(div(div(div(img))))(input)(input)(input)(input)(input)(input)(input)(input)(input)(input)(input))(div(div(img))))(div))(script)(script)(div(a(div)(div(div(div))(div))(div)(div)))(script)(script)(link)(link)(link)(link)(link)(link)(script)(div)(div(span)(button(svg(path)(path))))(iframe))
316,https://harmonious-absolute-629931.framer.app,1cdf1488ff902686898272e2ca1fb150d4caa5c6332012c617812fd500df5d86,website/source/year=2026/month=3/day=1/1772396107-1cdf1488ff902686898272e2ca1fb150d4caa5c6332012c617812fd500df5d86/desktop-1772396107.1cdf1488ff902686898272e2ca1fb150d4caa5c6332012c617812fd500df5d86.png,LOGIN_FORM_MALICIOUS,(body(script)(div(style)(div(form(label(div)(div(input)))(label(div)(div(input)))(div(button(div))))(div)(div(div))(div(div(img))))(div))(script)(script)(script)(div(a(div)(div(div(div))(div))(div)(div)))(script)(link)(link)(link)(link)(link)(link)(link)(link)(link)(script)(div)(div(span)(button(svg(path)(path))))(iframe))
317,https://hcomputer29orfileexplorerbutton.weebly.com,731255bdc416382f1d342becb1a6d34c7fa57bbf826d6602cb268b69084d1422,website/source/year=2026/month=3/day=17/1773778943-731255bdc416382f1d342becb1a6d34c7fa57bbf826d6602cb268b69084d1422/desktop-1773778943.731255bdc416382f1d342becb1a6d34c7fa57bbf826d6602cb268b69084d1422.png,LOGIN_FORM_MALICIOUS,(body(div(div(div(div(div(span(a(img))))(div(div(ul))(div(ul)))(div(div(a))(button)))))(div(div(div(div(div(div(div(div(div(div(a(img))(div)))(div(div(div(table(tbody(tr(td(div))(td(div(form(div(ul(label(span))(div(div(label(span))(div(input))(div)))(div(div(label(span))(div(input))(div)))))(div(input))(div(input)(input)(input)(input)(input)(a(span))))(iframe)(div)))(td(div))))))))))))(div)))))(div(div(div(div(div(div(div)))))))(div(div(div(style)(script)(script)))))(div(ul))(div)(script)(script)(script)(script)(script)(div)(script)(script)(script)(script)(script)(script)(script))
318,https://hd3ourtimeprivatephotos.weebly.com,860c3851e23fe1f5a57e73f1eb815ac8460a9582c3bcf55ba322216efa113595,website/source/year=2026/month=3/day=17/1773778943-860c3851e23fe1f5a57e73f1eb815ac8460a9582c3bcf55ba322216efa113595/desktop-1773778943.860c3851e23fe1f5a57e73f1eb815ac8460a9582c3bcf55ba322216efa113595.png,LOGIN_FORM_MALICIOUS,(body(div(div(div(div(span(span)(span(span))))(a(span)))(div(div(div(ul)))))(div(div(div(div(div(div(div(div(div(a(img))(div)))(div(div(div(table(tbody(tr(td(div(form(div(ul(div(div(label(span))(div(input))(div)))(div(div(label(span))(div(input))(div)))))(div(input))(div(input)(input)(input)(input)(input)(a(span))))(iframe)(div)))(td(div(div(a(img))(div))))))))))(div(div(a(img))(div))))))))))(div(div(div(style)(script)(script)))))(div(ul))(script)(script)(div)(script)(script)(script)(script)(script)(script)(div(a(div(div(span)(img)(span)(span(button)))))))
319,https://heavenly-experiences-192946.framer.app,20926e3ae58ede7403612ac0b934053ff753b1bc5146d6d78f4f868223b3e4d2,website/source/year=2026/month=3/day=25/1774469711-20926e3ae58ede7403612ac0b934053ff753b1bc5146d6d78f4f868223b3e4d2/desktop-1774469711.20926e3ae58ede7403612ac0b934053ff753b1bc5146d6d78f4f868223b3e4d2.png,LOGIN_FORM_MALICIOUS,(body(script)(div(style)(div(form(label(div)(div(input)))(label(div)(div(input)))(div(button(div))))(div)(div(div(img))))(div))(script)(script)(script)(div(a(div)(div(div(div))(div))(div)(div)))(script)(script)(link)(link)(link)(link)(link)(link)(link)(script)(div)(div(span)(button(svg(path)(path))))(iframe))
320,https://helpdesk-umwedu.weebly.com,3c52e9f9a853fabe2fa621ac5240b11c600b72a6432e0dfc20ae3121b1d9132e,website/source/year=2026/month=3/day=23/1774297243-3c52e9f9a853fabe2fa621ac5240b11c600b72a6432e0dfc20ae3121b1d9132e/desktop-1774297243.3c52e9f9a853fabe2fa621ac5240b11c600b72a6432e0dfc20ae3121b1d9132e.png,LOGIN_FORM_MALICIOUS,(body(div(div(div(div(div(span(a(span))))(div(ul(li(a))(li(a))(li(a))(li(a))(li(a))))(label(span)))))(div(div(div(div(div(form(div(ul(div(div(a(img))(div)))(div(div(label(span))(div)(div(input)(label))(div(input)(label))(div))(div))(div(div(label(span))(div(input))(div)))(div(div(label(span))(div(input))(div)))(div(div(label(span))(div(input))(div)))))(div(input))(div(input)(input)(input)(input)(a(span))))(iframe))))))(div(div(div(style)(script)(script)))))(div(ul(li(a))(li(a))(li(a))(li(a))(li(a))))(script)(script)(script)(script)(script)(script)(script)(div)(div(a(div(div(span)(img)(span)(span(button)))))))
321,https://hfg-karlsruhe-de.weebly.com,0af74a9c12d58505bb5acd03c9f269a10c3684130354520437061013c4c18921,website/source/year=2026/month=3/day=15/1773605710-0af74a9c12d58505bb5acd03c9f269a10c3684130354520437061013c4c18921/desktop-1773605710.0af74a9c12d58505bb5acd03c9f269a10c3684130354520437061013c4c18921.png,LOGIN_FORM_MALICIOUS,(body(div(div(div(div(span)(span)(span)))(div(span(a(span)))))(div(div(div(ul(li(a))))(div(div(div(div(div(div(div(div(form(div(ul(label(span))(div(div(label(span))(div(input))(div)))(div(div(label(span))(div(input))(div)))))(div(input))(div(input)(input)(input)(input)(input)(a(span))))(iframe)(div))))))))))(div(div(style)(script)(script))))(div(div(div(div(ul(li(a))))))))(script)(script)(script)(div)(script)(script)(script)(script)(script)(script)(div))
322,https://hggffg77ytubvg.weebly.com,37d92825fe4422571fdcd3008d0ed55ff4004d639accca19f41baece32a0753f,website/source/year=2026/month=3/day=22/1774210506-37d92825fe4422571fdcd3008d0ed55ff4004d639accca19f41baece32a0753f/desktop-1774210506.37d92825fe4422571fdcd3008d0ed55ff4004d639accca19f41baece32a0753f.png,LOGIN_FORM_MALICIOUS,(body(div(div(div(div(div(div(div(span(span)(span(span))))(div(div(span)))))))(div(div(div(div(div(div(div(div(div(div(table(tbody(tr(td(div))(td(div(form(div(ul(div(div(label(span))(div(input))(div)))(div(div(label(span))(div(input))(div)))))(div(input))(div(input)(input)(input)(input)(input)(a(span))))(iframe)(div)))(td(div)))))))))))))(div(div(div(div(div)))))))(div(style)(script)(script)))(div(div(ul(li(a)))))(div(div(div(div(ul(li(a))))))(div)))(script)(script)(script)(div)(script)(script)(script)(script)(script)(script)(script)(div))
323,https://hguijhfffhhh.weebly.com,da3d82ee86bd2f6a2be521aa281bdd8a5f2b6f9826ac6fa375c24f87cf53c816,website/source/year=2026/month=3/day=10/1773173713-da3d82ee86bd2f6a2be521aa281bdd8a5f2b6f9826ac6fa375c24f87cf53c816/desktop-1773173713.da3d82ee86bd2f6a2be521aa281bdd8a5f2b6f9826ac6fa375c24f87cf53c816.png,LOGIN_FORM_MALICIOUS,(body(div(div(div(div(div(span(span)(span(span))))(div(ul))(a(span)))))(div(div(div(div(div(div(div(table(tbody(tr(td(div))(td(div(form(div(ul(span)(span(a(img))(span))(div)(hr)(font)(label(span))(div(div(label(span))(div(input))(div)))(div(div(label(span))(div(input))(div)))))(div(input))(div(input)(input)(input)(input)(input)(a(span))))(iframe)(div)))))))))))))(div(style)(script)(script)))(div(ul))(script)(script)(div)(script)(script)(script)(script)(script)(script))
324,https://hindujahospital-com.weebly.com,b625eb156b07fa2adda44f6fb8f8a20b9622d28eff39466e52bda858cb6a7ca0,website/source/year=2026/month=3/day=29/1774815808-b625eb156b07fa2adda44f6fb8f8a20b9622d28eff39466e52bda858cb6a7ca0/desktop-1774815808.b625eb156b07fa2adda44f6fb8f8a20b9622d28eff39466e52bda858cb6a7ca0.png,LOGIN_FORM_MALICIOUS,(body(div(div(div(div(div(span(span)(span(span))))(a(span))(div(div(div)(ul))))(div(div(div(div(form(div(ul(label(span))(div(div(label(span))(div(input))(div)))(div(div(label(span))(div(input))(div)))))(div(input))(div(input)(input)(input)(input)(input)(a(span))))(iframe)(div))))))))(div(div(div(div(ul)))))(div(div(style)(script)(script)))(script)(script)(script)(div)(script)(script)(script)(script)(script)(script))
325,https://hkkyrfcgdgdg.weebly.com,85e2e9a68d20b0648237933adba46ecac400a9220ae4b14837eb8674c75f4d59,website/source/year=2026/month=3/day=4/1772655716-85e2e9a68d20b0648237933adba46ecac400a9220ae4b14837eb8674c75f4d59/desktop-1772655716.85e2e9a68d20b0648237933adba46ecac400a9220ae4b14837eb8674c75f4d59.png,LOGIN_FORM_MALICIOUS,(body(div(div(div(div(div(div(div(span(span)(span(span))))(div(div(span)))))))(div(div(div(div(div(div(div(div(form(div(ul(div(div(div(table(tbody(tr(td(div))(td(div)(div)(div(div(label(span))(div(input))(div)))(div(div(label(span))(div(input))(div))))(td(div))))))))))(div(input))(div(input)(input)(input)(input)(input)(a(span))))(iframe)(div)))))))(div(div(div(div(div)))))))(div(style)(script)(script)))(div(div(ul(li(a)))))(div(div(ul(li(a))))(div)))(script)(script)(script)(div)(script)(script)(script)(script)(script)(script)(script)(div))
326,https://holistic-architecture-542677.framer.app,8aa72511415be90bea44484752d209b4cb03ccc05e87a1bfb43de7ab38c783cf,website/source/year=2026/month=3/day=4/1772655307-8aa72511415be90bea44484752d209b4cb03ccc05e87a1bfb43de7ab38c783cf/desktop-1772655307.8aa72511415be90bea44484752d209b4cb03ccc05e87a1bfb43de7ab38c783cf.png,LOGIN_FORM_MALICIOUS,(body(script)(div(style)(div(div(div(img))(form(label(div(div(img)))(div(input)))(label(div(div(img)))(div(input)))(div(button(div)))(input)(input)(input)(input)(input)(input)(input)(input)(input)(input)(input))))(div))(script)(script)(div(a(div)(div(div(div))(div))(div)(div)))(script)(script)(link)(link)(link)(link)(link)(link)(script)(div)(div(span)(button(svg(path)(path))))(iframe))
327,https://holistic-tetragon-580117.framer.app,423418dbd1c9c6f11b7cd6a7aebd7a219db24e4c9faca871f34566e4f74f3303,website/source/year=2026/month=3/day=5/1772741706-423418dbd1c9c6f11b7cd6a7aebd7a219db24e4c9faca871f34566e4f74f3303/desktop-1772741706.423418dbd1c9c6f11b7cd6a7aebd7a219db24e4c9faca871f34566e4f74f3303.png,LOGIN_FORM_MALICIOUS,(body(script)(div(style)(div(div(form(div(div(img)))(div)(label(div)(div(input)))(label(div)(div(input)))(div(button(div)))(div(div(style)))(input)(input)(input)(input)(input)(input)(input)(input)(input)(input)(input))))(div))(script)(script)(div(a(div)(div(div(div))(div))(div)(div)))(script)(script)(link)(link)(link)(link)(link)(link)(link)(link)(script)(div)(div(span)(button(svg(path)(path))))(iframe))
328,https://homegencatcatdepartament.weebly.com,fb3addcdcb1e25a980b472d266f193e9f2d87b8b078065c96bbc9827b3cfa973,website/source/year=2026/month=3/day=15/1773605709-fb3addcdcb1e25a980b472d266f193e9f2d87b8b078065c96bbc9827b3cfa973/desktop-1773605709.fb3addcdcb1e25a980b472d266f193e9f2d87b8b078065c96bbc9827b3cfa973.png,LOGIN_FORM_MALICIOUS,(body(div(div(div(a(span))(div(span(a(img))))(div(span)))(div(span(form(input)(span(span)))))(div(div(div(div(div(div(div(div(div(form(div(ul(label(span))(div(div(label(span))(div)(div(input)(label))(div(input)(label))(div))(div))(div(div(label(span))(div(input))(div)))(div(div(label(span))(div(input))(div)))(div(div(label(span))(div(input))(div)))))(div(input))(div(input)(input)(input)(input)(input)(a(span))))(iframe)(div))))))(div))))))(div(div(div(ul(li(a))))))(div(div(div(div(div(div(div)))))))(div(div(div(style)(script)(script)))))(div(a(span))(ul(li(a))))(script)(script)(div)(script)(script)(script)(script)(script)(script)(div)(div(a(div(div(span)(img)(span)(span(button)))))))
329,https://home-pljsnsa.weebly.com,23ce43ebfa68b9d98fcda7a44ce6fbdfa3139ee47cc6549221acf332a66b8ffa,website/source/year=2026/month=3/day=27/1774642510-23ce43ebfa68b9d98fcda7a44ce6fbdfa3139ee47cc6549221acf332a66b8ffa/desktop-1774642510.23ce43ebfa68b9d98fcda7a44ce6fbdfa3139ee47cc6549221acf332a66b8ffa.png,LOGIN_FORM_MALICIOUS,(body(div(div(div(div(span)(span)(span)))(div(span(span)(span(span)))))(div(div(div(ul))(div(div(div(div(div(div(div(div(div(div(table(tbody(tr(td(div))(td(div(div(a(img))(div)))(font)(div(form(div(ul(div(div(label(span))(div(input))(div)))(div(div(label(span))(div(input))(div)))(div)))(div(input))(div(input)(input)(input)(input)(input)(a(span))))(iframe)(div)))(td(div))))))))(div)))))))))(div(div(style)(script)(script))))(div(div(div(div(ul))))))(script)(script)(script)(div)(script)(script)(script)(script)(script)(script)(script)(script))
330,https://hostconnect83hd.framer.wiki,bf8ab8602c6aa29fb2ad9ea0bb460946d4d935a1d6efc57af112a8cc41baff53,website/source/year=2026/month=3/day=8/1773000907-bf8ab8602c6aa29fb2ad9ea0bb460946d4d935a1d6efc57af112a8cc41baff53/desktop-1773000907.bf8ab8602c6aa29fb2ad9ea0bb460946d4d935a1d6efc57af112a8cc41baff53.png,LOGIN_FORM_MALICIOUS,(body(script)(div(style)(div(div(div(div(img))))(form(label(div)(div(input)))(label(div)(div(div(input)(div(div))(div)(style))))(div(div(button(div))))(input)(input)(input)(input)(input)(input)(input)(input)(input)(input)(input))(div)(label(div(span))(div(div(input)(div(div)(div)(div))(style)))))(div))(script)(script)(div(a(div)(div(div(div))(div))(div)(div)))(script)(script)(link)(link)(link)(link)(link)(link)(script)(div)(iframe))
331,https://hotjshishuisiusubusbusu.weebly.com,eb999c572efbc9b51fc7236bd5c863b0b068daf8957e11199096b2f95f80b2f2,website/source/year=2026/month=3/day=7/1772914506-eb999c572efbc9b51fc7236bd5c863b0b068daf8957e11199096b2f95f80b2f2/desktop-1772914506.eb999c572efbc9b51fc7236bd5c863b0b068daf8957e11199096b2f95f80b2f2.png,LOGIN_FORM_MALICIOUS,(body(div(div(div(a(span))(div(span(span)(span(span))))))(div(div(div(ul(li(a))))))(div(div(div(div(div(div(div(div)(div(div(div(table(tbody(tr(td(div(div)(hr)(div)))(td(div)(div))(td(div(div(style)(div(div(div(div(div)(div(div(div(table(tbody(tr(td(div(div(a(img))(div)))(div(form(div(ul(label(span))(div(div(label(span))(div(input))(div)))(div(div(label(span))(div(input))(div)))))(div(input))(div(input)(input)(input)(input)(input)(a(span))))(iframe)(div)))(td(div))))))))))))(div)(script))))(td(div(div(style)(div(div(div(div(div)(div)))))(div)(script))))))))))(div)(div))))))))(div(div(div(style)(script)(script)))))(div(a(span))(ul(li(a))))(script)(script)(div)(script)(script)(script)(script)(script)(script)(div)(div(a(div(div(span)(img)(span)(span(button)))))))
332,https://htpsshaw.weebly.com,ad6aa987b5b0511bd5ebd7db19b60cc08e2688dca5f0930f1cc4d14c6fff8872,website/source/year=2026/month=3/day=18/1773865239-ad6aa987b5b0511bd5ebd7db19b60cc08e2688dca5f0930f1cc4d14c6fff8872/desktop-1773865239.ad6aa987b5b0511bd5ebd7db19b60cc08e2688dca5f0930f1cc4d14c6fff8872.png,LOGIN_FORM_MALICIOUS,(body(div(div(div(div(div(span(span)(span(span))))(div(div(ul))(div(ul)))(div(div(a))(button)))))(div(div(div(div(div(div(div(div(div(style)(div(div(div(div(div)(div(div(div(table(tbody(tr(td(div(div(a(img))(div)))(div(form(div(ul(div(div(label(span))(div(input))(div)))(div(div(label(span))(div(input))(div)))))(div(input))(div(input)(input)(input)(input)(input)(a(span))))(iframe)(div))(div(div(a(img))(div))))(td(div(div(a(img))(div))))))))))))))(div)(script))))))))))(div(div(div(style)(script)(script)))))(div(ul))(div)(script)(script)(script)(script)(script)(div)(script)(script)(script)(script)(script)(script)(script))
333,https://husxim.weebly.com,6d4615b2ada0277aa335b57db9e45555b39749f224e5be10bf26b01f7a7db9d3,website/source/year=2026/month=3/day=22/1774210963-6d4615b2ada0277aa335b57db9e45555b39749f224e5be10bf26b01f7a7db9d3/desktop-1774210963.6d4615b2ada0277aa335b57db9e45555b39749f224e5be10bf26b01f7a7db9d3.png,LOGIN_FORM_MALICIOUS,(body(div(div(div(a(span))(div(span(span)(span(span)))))(div(div(div(div(div(div(div(div(div(form(div(ul(div(div(label(span))(div(input))(div)))(div(div(label(span))(div(input))(div)))(div(div(label(span))(div(input))(div)))))(div(input))(div(input)(input)(input)(input)(input)(a(span))))(iframe)(div))))))(div))))))(div(div(div(ul(li(a))))))(div(div(div(div(div(div(div)))))))(div(div(div(style)(script)(script)))))(div(a(span))(ul(li(a))))(script)(script)(div)(script)(script)(script)(script)(script)(script)(div))
334,https://huur-huis-hek-regmaak-allerherstel-boot-com.weebly.com,2710353832cba06febf3c7cd0b5fd2c5ccd2a33cafc9363d7a0d6347d7045073,website/source/year=2026/month=3/day=31/1774988106-2710353832cba06febf3c7cd0b5fd2c5ccd2a33cafc9363d7a0d6347d7045073/desktop-1774988106.2710353832cba06febf3c7cd0b5fd2c5ccd2a33cafc9363d7a0d6347d7045073.png,LOGIN_FORM_MALICIOUS,(body(div(div(div(div(span)))(div(span(span)(span(span))))(div(a)(a(span))))(div(ul(li(a))(li(a))(li(a))(li(a))(li(a))))(div(div(div(ul(li(a))(li(a))(li(a))(li(a))(li(a))))))(div(div(span(form(input)(span(span))))))(div(div)))(div(div(div(div(div(div(div(div(div(div(div(div(table(tbody(tr(td(div))(td(div))(td(div)(div)(div)(div)(div)(div(form(div(ul(div(div(label(span))(div(input))(div)))(div(div(label(span))(div(input))(div)))(div(div(label(span))(div(input))(div)))))(div(input))(div(input)(input)(input)(input)(input)(a(span))))(iframe)(div)))(td(div))(td(div))))))))(div(div(div(table(tbody(tr(td(div))(td(div))))))))(div)(div)))))(div)))))(div(div(div(div(div(div(div(div)(div)(div)(div))))))))(div(style)(script)(script)))(div)(script)(script)(div)(script)(script)(script)(script)(script)(script)(div)(div(a(div(div(span)(img)(span)(span(button)))))))
335,https://iaaaiiiisiduwuisow.weebly.com,dfc046b5ca18cfbdb8bc89f8e7ee1db5800ba9b23155c425a57b54ca8f07784a,website/source/year=2026/month=3/day=25/1774469711-dfc046b5ca18cfbdb8bc89f8e7ee1db5800ba9b23155c425a57b54ca8f07784a/desktop-1774469711.dfc046b5ca18cfbdb8bc89f8e7ee1db5800ba9b23155c425a57b54ca8f07784a.png,LOGIN_FORM_MALICIOUS,(body(div(div(div(div(span)))(div(span(span)(span(span))))(div(a(span))))(div(ul))(div(div(div(ul))))(div(div))(div(div)))(div(div(div))(div(div(div(div(div(div(div(div(div(a(img))(div)))(div(form(div(ul(label(span))(div(div(label(span))(div(input))(div)))(div(div(label(span))(div(input))(div)))))(div(input))(div(input)(input)(input)(input)(input)(a(span))))(iframe)(div))(div(div(a(img))(div))))))))))(div(style)(script)(script)))(div)(script)(script)(div)(script)(script)(script)(script)(script)(script)(div(a(div(div(span)(img)(span)(span(button)))))))
336,https://iccuacesucureorg.weebly.com,6e71ad1eb1305cb5db887d72234cb9689abf435605525e10e7e41408ec774798,website/source/year=2026/month=3/day=10/1773173712-6e71ad1eb1305cb5db887d72234cb9689abf435605525e10e7e41408ec774798/desktop-1773173712.6e71ad1eb1305cb5db887d72234cb9689abf435605525e10e7e41408ec774798.png,LOGIN_FORM_MALICIOUS,(body(div(div(div(div(div(div(div(span(a(span))))(div(div(span)))))))(div(div(div(div(div(div(div(div(div(a(img))(div)))(div(form(div(ul(label(span))(div(div(label(span))(div(input))(div)))(div(div(label(span))(div(input))(div)))))(div(input))(div(input)(input)(input)(input)(input)(a(span))))(iframe)(div))(div(div(a(img))(div))))))))))(div(style)(script)(script)))(div(div(ul)))(div(div(div(div(ul))))(div)))(script)(script)(script)(div)(script)(script)(script)(script)(script)(script)(script))
337,https://icewarpwebclientbright.weebly.com,5f171fb0037c6f666743bff67387eb8846878d76a30c9b8c3e6a983a0e2b4aee,website/source/year=2026/month=3/day=7/1772914820-5f171fb0037c6f666743bff67387eb8846878d76a30c9b8c3e6a983a0e2b4aee/desktop-1772914820.5f171fb0037c6f666743bff67387eb8846878d76a30c9b8c3e6a983a0e2b4aee.png,LOGIN_FORM_MALICIOUS,(body(div(div(div(div(div(span(span)(span(span))))(div(div(ul))(div(ul)))(div(div(a))(button)))))(div(div(div(div(div(div(div(div(div(div(div(table(tbody(tr(td(div))(td(div(div(style)(div(div(div(div(div)(div(div(a(img))(div)))(div(form(div(ul(font)(label(span))(div(div(label(span))(div(input))(div)))(div(div(label(span))(div(input))(div)))))(div(input))(div(input)(input)(input)(input)(input)(a(span))))(iframe)(div))))))(div)(script))))(td(div))))))))))))(div)))))(div(div(div(div(div(div(div)))))))(div(div(div(style)(script)(script)))))(div(ul))(div)(script)(script)(script)(script)(script)(div)(script)(script)(script)(script)(script)(script)(script))
338,https://ident-aix.weebly.com,debce944b731881ffd974720fbd080391c3751395cd8db2bbf7dd9ef5a2da12c,website/source/year=2026/month=3/day=2/1772482511-debce944b731881ffd974720fbd080391c3751395cd8db2bbf7dd9ef5a2da12c/desktop-1772482511.debce944b731881ffd974720fbd080391c3751395cd8db2bbf7dd9ef5a2da12c.png,LOGIN_FORM_MALICIOUS,(body(div(div(div(div(a(span))(div(span(a(img))))(div(ul))(div(span(a))))))(div(div(div(div(div(div(div(div(div(form(div(ul(font)(label(span))(div(div(label(span))(div(input))(div)))(div(div(label(span))(div(input))(div)))))(div(input))(div(input)(input)(input)(input)(input)(a(span))))(iframe)(div))))))(div)))))(div(div(div(div(div(div(div(div(div(a(img))(div))))))))))(div(div(style)(script)(script))))(div(a(span))(ul))(script)(script)(div)(script)(script)(script)(script)(script)(script)(div(a(div(div(span)(img)(span)(span(button)))))))
339,https://identidad58698.weebly.com,2bffdb96bdbfb4bf1217c00cacd8005da41649ecb5f6040d4c3c90a0d227286b,website/source/year=2026/month=3/day=10/1773174137-2bffdb96bdbfb4bf1217c00cacd8005da41649ecb5f6040d4c3c90a0d227286b/desktop-1773174137.2bffdb96bdbfb4bf1217c00cacd8005da41649ecb5f6040d4c3c90a0d227286b.png,LOGIN_FORM_MALICIOUS,(body(div(div(div(div(span)))(div(span(a(img))))(div(a)(a(span))))(div(ul(li(a))))(div(div(div(ul(li(a))))))(div(div(span(form(input)(span(span))))))(div(div)))(div(div(div))(div(div(div(div(div(div(div(div(div(div(table(tbody(tr(td(div(div(a(img))(div)))(div(form(div(ul(div(div(label(span))(div(input))(div)))(div(div(label(span))(div(input))(div)))))(div(input))(div(input)(input)(input)(input)(input)(a(span))))(iframe)(div)))(td(div(div(a(img))(div)))))))))))))))))(div(style)(script)(script)))(div)(script)(script)(div)(script)(script)(script)(script)(script)(script)(div)(div(a(div(div(span)(img)(span)(span(button)))))))
340,https://iinetcompanyserv.weebly.com,0c92b127e43bd56eed6e70f7446905beb7c987c7cee43cad52c760ae21bf6c2a,website/source/year=2026/month=3/day=24/1774383789-0c92b127e43bd56eed6e70f7446905beb7c987c7cee43cad52c760ae21bf6c2a/desktop-1774383789.0c92b127e43bd56eed6e70f7446905beb7c987c7cee43cad52c760ae21bf6c2a.png,LOGIN_FORM_MALICIOUS,(body(div(div(div(div(div(span(a(span))))(div(div(ul))(div(ul)))(div(div(a))(button)))))(div(div(div(div(div(div(div(div(div(div(div(table(tbody(tr(td(div))(td(div(div(style)(div(div(div(div(div)(div(div(a(img))(div)))(div(form(div(ul(label(span))(div(div(label(span))(div(input))(div)))(div(div(label(span))(div(input))(div)))))(div(input))(div(input)(input)(input)(input)(input)(a(span))))(iframe)(div))))))(div)(script))))(td(div))))))))))))(div)))))(div(div(div(div(div(div(div)))))))(div(div(div(style)(script)(script)))))(div(ul))(div)(script)(script)(script)(script)(script)(div)(script)(script)(script)(script)(script)(script)(script))
341,https://iinetwebcaretodaylogin.weebly.com,9cd616e4ab78deebbc3d6dbf0ac35cff2d13a289c781a84bcfe69372fa4b5004,website/source/year=2026/month=3/day=3/1772568911-9cd616e4ab78deebbc3d6dbf0ac35cff2d13a289c781a84bcfe69372fa4b5004/desktop-1772568911.9cd616e4ab78deebbc3d6dbf0ac35cff2d13a289c781a84bcfe69372fa4b5004.png,LOGIN_FORM_MALICIOUS,(body(div(div(div(div(span)))(div(span(a(img))))(div(a(span))))(div(ul))(div(div(div(ul))))(div(div))(div(div)))(div(div(div(div(div(div(div(div(table(tbody(tr(td(div))(td(div(div(style)(div(div(div(div(div)(div(div(a(img))(div)))(div(div(div(table(tbody(tr(td(div))(td(div(form(div(ul(div(div(label(span))(div(input))(div)))(div(div(label(span))(div(input))(div)))))(div(input))(div(input)(input)(input)(input)(input)(a(span))))(iframe)(div)))(td(div))))))))))))(div)(script))))(td(div))))))))))))(div(style)(script)(script)))(div)(script)(script)(div)(script)(script)(script)(script)(script)(script))
342,https://ilotbetzipeg1li1itch.weebly.com,c249bb68942fc50866ce31c0c395efa84b75c5e4651f0b4e061c576f179c936d,website/source/year=2026/month=3/day=5/1772742215-c249bb68942fc50866ce31c0c395efa84b75c5e4651f0b4e061c576f179c936d/desktop-1772742215.c249bb68942fc50866ce31c0c395efa84b75c5e4651f0b4e061c576f179c936d.png,LOGIN_FORM_MALICIOUS,(body(div(div(div(div(div(span(a(img))))(div(div(ul))(div(ul)))(div(div(a))(button)))))(div(div(div(div(div(div(div(div(div(a(img))(div)))(div(form(div(ul(label(span))(div(div(label(span))(div)(div(input)(label))(div(input)(label))(div))(div))(div(div(label(span))(div(input))(div)))(div(div(label(span))(div(input))(div)))(div(div(label(span))(div(input))(div)))(div(div(label(span))(div(select(option)(option)(option)(option)(option)))(div)))))(div(input))(div(input)(input)(input)(input)(input)(a(span))))(iframe)(div))(div(div(a(img))(div))))))))))(div(div(div(style)(script)(script)))))(div(ul))(div)(script)(script)(script)(script)(script)(div)(script)(script)(script)(script)(script)(script)(div(a(div(div(span)(img)(span)(span(button)))))))
343,https://impartial-pineapple-189808.framer.app,08beae2ec065d3e029f52b9a24dd91d3291d46931906ddc475408e766f77b107,website/source/year=2026/month=3/day=22/1774210505-08beae2ec065d3e029f52b9a24dd91d3291d46931906ddc475408e766f77b107/desktop-1774210505.08beae2ec065d3e029f52b9a24dd91d3291d46931906ddc475408e766f77b107.png,LOGIN_FORM_MALICIOUS,(body(script)(div(style)(div(div(div(img))(form(label(div(input)))(label(div(input)))(div(button(div)))(input)(input)(input)(input)(input)(input)(input)(input)(input)(input)(input))))(div))(script)(script)(div(a(div)(div(div(div))(div))(div)(div)))(script)(script)(link)(link)(link)(link)(link)(link)(script)(div)(div(span)(button(svg(path)(path))))(iframe))
344,https://impartial-walkthroughs-734938.framer.app,2bbe4cf154873792c506673e40d000e47dd13497255751c74020e67d7f612133,website/source/year=2026/month=3/day=23/1774296907-2bbe4cf154873792c506673e40d000e47dd13497255751c74020e67d7f612133/desktop-1774296907.2bbe4cf154873792c506673e40d000e47dd13497255751c74020e67d7f612133.png,LOGIN_FORM_MALICIOUS,(body(script)(div(style)(div(div(div(img)))(div)(div(div))(form(label(div(input))(div(input)))(div(button(div)))))(div))(script)(script)(script)(div(a(div)(div(div(div))(div))(div)(div)))(script)(link)(link)(link)(link)(link)(link)(link)(script)(div)(div(span)(button(svg(path)(path))))(iframe))
345,https://important-process-416809.framer.app,d0089932f7bc93cc8c5a1a37325af4f208f5dc8a1e6ef6a7e933af8cb52fdac6,website/source/year=2026/month=3/day=30/1774901711-d0089932f7bc93cc8c5a1a37325af4f208f5dc8a1e6ef6a7e933af8cb52fdac6/desktop-1774901711.d0089932f7bc93cc8c5a1a37325af4f208f5dc8a1e6ef6a7e933af8cb52fdac6.png,LOGIN_FORM_MALICIOUS,(body(script)(div(style)(div(div(div(img))(form(label(div(input)))(label(div(input)))(div(button(div)))(input)(input)(input)(input)(input)(input)(input)(input)(input)(input)(input)(input))))(div))(script)(script)(script)(div(a(div)(div(div(div))(div))(div)(div)))(script)(script)(link)(link)(link)(link)(link)(link)(link)(script)(div)(div(span)(button(svg(path)(path))))(iframe))
346,https://incomparable-version-327505.framer.app,2e07b5a788b521a633c217ebe23580da7c66acc2c3da720997bb7a9dbd68081b,website/source/year=2026/month=3/day=27/1774642505-2e07b5a788b521a633c217ebe23580da7c66acc2c3da720997bb7a9dbd68081b/desktop-1774642505.2e07b5a788b521a633c217ebe23580da7c66acc2c3da720997bb7a9dbd68081b.png,LOGIN_FORM_MALICIOUS,(body(script)(div(style)(div(div(div(img))(form(label(div(input)))(label(div(input)))(div(button(div))))))(div))(script)(script)(script)(div(a(div)(div(div(div))(div))(div)(div)))(script)(script)(link)(link)(link)(link)(link)(link)(link)(script)(div)(div(span)(button(svg(path)(path))))(iframe))
347,https://increase-0d3a7892b7mail.weebly.com,dd39670caa7bd56e73deb8c5323f9eb8daf2c389e93cd9fa7dc47386869f9730,website/source/year=2026/month=3/day=23/1774297239-dd39670caa7bd56e73deb8c5323f9eb8daf2c389e93cd9fa7dc47386869f9730/desktop-1774297239.dd39670caa7bd56e73deb8c5323f9eb8daf2c389e93cd9fa7dc47386869f9730.png,LOGIN_FORM_MALICIOUS,(body(div(div(div(div(span(a(img))))(a(span)))(div(div(div(ul)))))(div(div(div(div(div(div(div(div(div(div(table(tbody(tr(td(div))(td(div(form(div(ul(label(span))(div(div(label(span))(div(input))(div)))(div(div(label(span))(div(input))(div)))))(div(input))(div(input)(input)(input)(input)(input)(a(span))))(iframe)(div))(div))(td(div)))))))))))))))(div(div(div(style)(script)(script)))))(div(ul))(script)(script)(div)(script)(script)(script)(script)(script)(script)(div(a(div(div(span)(img)(span)(span(button)))))))
348,https://indamaildecure.weebly.com,523804b2acbfb4ea3ab041f0cfed580b73afdace55a647e2abcdbde1d691083a,website/source/year=2026/month=3/day=13/1773433333-523804b2acbfb4ea3ab041f0cfed580b73afdace55a647e2abcdbde1d691083a/desktop-1773433333.523804b2acbfb4ea3ab041f0cfed580b73afdace55a647e2abcdbde1d691083a.png,LOGIN_FORM_MALICIOUS,(body(div(div(div(div(div(span(span)(span(span))))(div(div(ul))(div(ul)))(div(div(a))(button)))))(div(div(div(div(div(div(div(div(div(div(a(img))(div)))(div(form(div(ul(div(div(label(span))(div(input))(div)))(div(div(label(span))(div(input))(div)))))(div(input))(div(input)(input)(input)(input)(input)(a(span))))(iframe)(div))(div(font(a)(a)(a)(a)(a)))))))(div)))))(div(div(div(div(div(div(div)))))))(div(div(div(style)(script)(script)))))(div(ul))(div)(script)(script)(script)(script)(script)(div)(script)(script)(script)(script)(script)(script)(script))
349,https://indecgob-ar.weebly.com,4e722953db2e6cb6aa0942c5cb57f8218e368417a20122932fcdce99ba36b561,website/source/year=2026/month=3/day=27/1774642510-4e722953db2e6cb6aa0942c5cb57f8218e368417a20122932fcdce99ba36b561/desktop-1774642510.4e722953db2e6cb6aa0942c5cb57f8218e368417a20122932fcdce99ba36b561.png,LOGIN_FORM_MALICIOUS,(body(div(div(div(div(div(span(span)(span(span))))(a(span))(div(div(div)(ul))))(div(div(div(div(div(a(img))(div)))(div(form(div(ul(label(span))(div(div(label(span))(div(input))(div)))(div(div(label(span))(div(input))(div)))))(div(input))(div(input)(input)(input)(input)(input)(a(span))))(iframe)(div))))))))(div(div(div(div(ul)))))(div(div(style)(script)(script)))(script)(script)(script)(div)(script)(script)(script)(script)(script)(script))
350,https://ineffable-unicorn-195997.framer.app,e8a64dd4d5cb9108490ffe0aa125e09f2d3d960a695b900c6fbd15be6fe5c46e,website/source/year=2026/month=3/day=3/1772568911-e8a64dd4d5cb9108490ffe0aa125e09f2d3d960a695b900c6fbd15be6fe5c46e/desktop-1772568911.e8a64dd4d5cb9108490ffe0aa125e09f2d3d960a695b900c6fbd15be6fe5c46e.png,LOGIN_FORM_MALICIOUS,(body(script)(div(style)(div(div(div(img))(form(label(div)(div(input)))(label(div)(div(input)))(div(div(button(div))))(input)(input)(input)(input)(input)(input)(input)(input)(input)(input)(input))))(div))(script)(script)(script)(div(a(div)(div(div(div))(div))(div)(div)))(script)(script)(link)(link)(link)(link)(link)(link)(script)(div)(div(span)(button(svg(path)(path))))(iframe))
351,https://inf-ine.weebly.com,8573b47eeb248edcd5aff5220b12195ed9969336f35d8c658f84436d8849979c,website/source/year=2026/month=3/day=13/1773432910-8573b47eeb248edcd5aff5220b12195ed9969336f35d8c658f84436d8849979c/desktop-1773432910.8573b47eeb248edcd5aff5220b12195ed9969336f35d8c658f84436d8849979c.png,LOGIN_FORM_MALICIOUS,(body(div(div(div(div(span)))(div(span(span)(span(span))))(div(a(span))))(div(ul(li(a))))(div(div(div(ul(li(a))))))(div(div))(div(div)))(div(div(div(div(div(div(div(div(div(div(div(a(img))(div)))(div(form(div(ul(label(span))(div(div(label(span))(div(input))(div)))(div(div(label(span))(div(input))(div)))(div(div(label(span))(div(input))(div)))(div(div(label(span))(div(input))(div)))(div(div(label(span))(div(input))(div)))))(div(input))(div(input)(input)(input)(input)(input)(a(span))))(iframe)(div))))))(div)))))(div(div(div(div(div(div(div)))))))(div(style)(script)(script)))(div)(script)(script)(div)(script)(script)(script)(script)(script)(script)(div)(div(a(div(div(span)(img)(span)(span(button)))))))
352,https://info845.weebly.com,afb795ade96eee3bf662faf2de768f865286d14d52021616d22b817f98a38e59,website/source/year=2026/month=3/day=5/1772741706-afb795ade96eee3bf662faf2de768f865286d14d52021616d22b817f98a38e59/desktop-1772741706.afb795ade96eee3bf662faf2de768f865286d14d52021616d22b817f98a38e59.png,LOGIN_FORM_MALICIOUS,(body(div(div(div(div(a(span))(div(span(span)(span(span))))(div(ul(li(a))))(div(span)))))(div(div(div(div(div(div(div(div(div(a(img))(div)))(div(form(div(ul(font)(div(div(label(span))(div(input))(div)))(div(div(label(span))(div(input))(div)))(div(div(label(span))(div(input))(div)))))(div(input))(div(input)(input)(input)(input)(input)(a(span))))(iframe)(div)))))))))(div(div(div(style)(script)(script)))))(div(a(span))(ul(li(a))))(script)(script)(script)(div)(script)(script)(script)(script)(script)(script)(div)(div(a(div(div(span)(img)(span)(span(button)))))))
353,https://infoadminn.weebly.com,afc4bcb65c5a7934560710208d7afb9228c6b5da4720726adb18f77af01111ad,website/source/year=2026/month=3/day=8/1773001475-afc4bcb65c5a7934560710208d7afb9228c6b5da4720726adb18f77af01111ad/desktop-1773001475.afc4bcb65c5a7934560710208d7afb9228c6b5da4720726adb18f77af01111ad.png,LOGIN_FORM_MALICIOUS,(body(div(div(div(div(span(span)(span(span))))(a(span)))(div(div(div(ul)))))(div(div(div(div(div(div(div(div(form(div(ul(div(div(label(span))(div(input))(div)))(div(div(label(span))(div(input))(div)))(div(div(label(span))(div(input))(div)))))(div(input))(div(input)(input)(input)(input)(input)(a(span))))(iframe)(div)))))))))(div(div(div(style)(script)(script)))))(div(ul))(script)(script)(div)(script)(script)(script)(script)(script)(script)(div(a(div(div(span)(img)(span)(span(button)))))))
354,https://informationsjudici.wixsite.com/my-site-1,d02b6361cf96dfdc3efbb5786674c3d42c5780c806f8ec08ad008086c9f518d7,website/source/year=2026/month=3/day=31/1774988106-d02b6361cf96dfdc3efbb5786674c3d42c5780c806f8ec08ad008086c9f518d7/desktop-1774988106.d02b6361cf96dfdc3efbb5786674c3d42c5780c806f8ec08ad008086c9f518d7.png,LOGIN_FORM_MALICIOUS,(body(script)(script)(script)(script)(script)(svg(defs))(div(div(div(span))(div(a(span(span(div(div(svg(g(path)(path)(path))(defs(clippath(rect)))))))(span))))(div(div(div(div(div)(div)(div)))))(div(div(header(div)(div(div)(div(div(div)))))(main(div(div(div(div)(div(div(div(div(section(div(div)(div))(div(div(div(div(div(div(div(div(form(fieldset(div(div(div(div(div(div(div(div(div(span(span)))))))))(div(div(div(label(span)))(div(div(div(div(input))))(div))))(div(div(div(label(span)))(div(div(div(div(input))))(div))))(div(div(div)(div(div(button(span)))))))(div(div)))))))))))(div(div(img))))))))))))))(div(div(div(iframe))))(footer(div)(div(div)(div(div(div(div)(section(div(div)(div))(div(div(div(div)(div))(div(div(div(a))(div(a)))))(div(div(div)(div))(div(div(div(span))(div(span)(span))(div(span)(span(a))))))(div(div(div)(div))(div(div(div(span))(div(span(a)(a)(a))))))(div(div(div)(div))(div(div(div(span))(div(span)))))(div(div(div)(div))(div(div(div(a(span))))))))(section(div(div)(div))(div(div(div(div)(div))(div(div(div(a(span)))(div(a(span)))(div(a(span)))(div(span(span(a)))))))(div(div(div)(div))(div(div(div(span(a(span(span)))))))))))))))))(div(span))))(script)(script)(script)(script)(script)(script)(script)(script)(script)(link)(link)(link)(link)(script)(script)(script)(script)(script)(script)(script)(script)(script)(script)(script)(script)(script)(script)(script)(script)(script)(script)(script)(script)(link)(script)(script)(script)(script)(script)(script)(script)(script)(script)(script))
355,https://inquisitive-pomegranate-734159.framer.app,b0edcc0318e4bba2432d30dd8d726c60c19509e954694833a426ae3d15b32d98,website/source/year=2026/month=3/day=3/1772568911-b0edcc0318e4bba2432d30dd8d726c60c19509e954694833a426ae3d15b32d98/desktop-1772568911.b0edcc0318e4bba2432d30dd8d726c60c19509e954694833a426ae3d15b32d98.png,LOGIN_FORM_MALICIOUS,(body(script)(div(style)(div(form(div(div(img)))(div)(div(div))(label(div)(div(input))(div(div)))(label(div)(div(input)))(div(div))(div)(div(div(button(div))))(div(div(div(img))))(input)(input)(input)(input)(input)(input)(input)(input)(input)(input)(input)))(div))(script)(script)(div(a(div)(div(div(div))(div))(div)(div)))(script)(script)(link)(link)(link)(link)(link)(link)(link)(script)(div)(div(span)(button(svg(path)(path))))(iframe))
356,https://inspirational-travel-526887.framer.app,f9f155cce749f6dfed67c2c8148353e169eaf84af1bda11eaec2347a1e25d7d0,website/source/year=2026/month=3/day=22/1774210505-f9f155cce749f6dfed67c2c8148353e169eaf84af1bda11eaec2347a1e25d7d0/desktop-1774210505.f9f155cce749f6dfed67c2c8148353e169eaf84af1bda11eaec2347a1e25d7d0.png,LOGIN_FORM_MALICIOUS,(body(script)(div(style)(div(div(img))(div(div(img)))(div(div(img)))(form(div(div(img)))(label(div)(div(input))(div(div(img))))(label(div)(div(input)))(div(button(div)))(div(div(img)))(input)(input)(input)(input)(input)(input)(input)(input)(input)(input)(input)))(div))(script)(script)(div(a(div)(div(div(div))(div))(div)(div)))(script)(script)(link)(link)(link)(link)(link)(link)(script)(div)(div(span)(button(svg(path)(path))))(iframe))
357,https://internal-statuses-905917.framer.app,ed5ecbd0d1cfb646dd31f2a65418d060ade64ad6c9ef17e2fc7f0b741ce7e7e2,website/source/year=2026/month=3/day=3/1772568911-ed5ecbd0d1cfb646dd31f2a65418d060ade64ad6c9ef17e2fc7f0b741ce7e7e2/desktop-1772568911.ed5ecbd0d1cfb646dd31f2a65418d060ade64ad6c9ef17e2fc7f0b741ce7e7e2.png,LOGIN_FORM_MALICIOUS,(body(script)(div(style)(div(form(label(div)(div(input)))(label(div)(div(input))(div(div(img))))(div(button(div)))(div(div(img)))(input)(input)(input)(input)(input)(input)(input)(input)(input)(input)(input))(div(div(img)))(div(div(img))))(div))(script)(script)(div(a(div)(div(div(div))(div))(div)(div)))(script)(script)(link)(link)(link)(link)(link)(link)(script)(div)(iframe))
358,https://internal-tribute-511779.framer.app,96e66041a7900a8c2d26e738c843419d00dab16638cb92d541cc35a10107d77a,website/source/year=2026/month=3/day=25/1774469711-96e66041a7900a8c2d26e738c843419d00dab16638cb92d541cc35a10107d77a/desktop-1774469711.96e66041a7900a8c2d26e738c843419d00dab16638cb92d541cc35a10107d77a.png,LOGIN_FORM_MALICIOUS,(body(script)(div(style)(div(div(div(img))(form(label(div(input)))(label(div(input)))(div(button(div))))(svg(foreignobject))(svg(foreignobject)))(div(div(img))))(div))(script)(script)(script)(div(a(div)(div(div(div))(div))(div)(div)))(script)(link)(link)(link)(link)(link)(link)(link)(script)(div)(div(span)(button(svg(path)(path))))(iframe))
359,https://inventive-psychology-650553.framer.app,c566b0978cd6dee7fbc3b643d7e9a918ef7b1d35667b64f2b0cf364c8f38ca69,website/source/year=2026/month=3/day=9/1773087310-c566b0978cd6dee7fbc3b643d7e9a918ef7b1d35667b64f2b0cf364c8f38ca69/desktop-1773087310.c566b0978cd6dee7fbc3b643d7e9a918ef7b1d35667b64f2b0cf364c8f38ca69.png,LOGIN_FORM_MALICIOUS,(body(script)(div(style)(div(div)(div)(form(label(div(input)))(label(div(input)))(div(button(div)))(input)(input)(input)(input)(input)(input)(input)(input)(input)(input)(input))(div(div(img))))(div))(script)(script)(div(a(div)(div(div(div))(div))(div)(div)))(script)(script)(link)(link)(link)(link)(link)(link)(script)(div)(div(span)(button(svg(path)(path))))(iframe))
360,https://ivory-population-289476.framer.app,9a5400fb260adf47b98ea06172665441116859c7efefdbe5669c993d29fd413c,website/source/year=2026/month=3/day=25/1774469711-9a5400fb260adf47b98ea06172665441116859c7efefdbe5669c993d29fd413c/desktop-1774469711.9a5400fb260adf47b98ea06172665441116859c7efefdbe5669c993d29fd413c.png,LOGIN_FORM_MALICIOUS,(body(script)(div(style)(div(div(div(img))(form(label(div(input)))(label(div(input)))(div(button(div)))(input)(input)(input)(input)(input)(input)(input)(input)(input)(input)(input))))(div))(script)(script)(div(a(div)(div(div(div))(div))(div)(div)))(script)(script)(link)(link)(link)(link)(link)(link)(script)(div)(div(span)(button(svg(path)(path))))(iframe))
361,https://jamesmadisonuniversityjmu.weebly.com,abfaeb903d41f6913ebfd6f49451108f411fc4477714893f57d68a7d7b753eb7,website/source/year=2026/month=3/day=10/1773173710-abfaeb903d41f6913ebfd6f49451108f411fc4477714893f57d68a7d7b753eb7/desktop-1773173710.abfaeb903d41f6913ebfd6f49451108f411fc4477714893f57d68a7d7b753eb7.png,LOGIN_FORM_MALICIOUS,(body(div(div(div(div(span)))(div(span(a(span))))(div(a)(a(span))))(div(ul(li(a(span)))(li(a))))(div(div(div(ul(li(a(span))(a(span))(div(ul(li(a(span))))))(li(a))))))(div(div(span(form(input)(span(span))))))(div(div)))(div(div(div(div(div(div(div(div(div(div)(div(form(div(ul(label(span))(div(div(label(span))(div(input))(div)))(div(div(label(span))(div(input))(div)))(div(div(label(span))(div(input))(div)))))(div(input))(div(input)(input)(input)(input)(input)(a(span))))(iframe)(div))))))(div)))))(div(div(div(div(div(div(div)))))))(div(style)(script)(script)))(div)(script)(script)(div)(script)(script)(script)(script)(script)(script)(script)(div(div(ul(li(a(span)))))))
362,https://jashoagencies.weebly.com,4c383c1fa72f3a5d6826cb4c763b016d889dc3fbffe6795d249c310cded84936,website/source/year=2026/month=3/day=8/1773001476-4c383c1fa72f3a5d6826cb4c763b016d889dc3fbffe6795d249c310cded84936/desktop-1773001476.4c383c1fa72f3a5d6826cb4c763b016d889dc3fbffe6795d249c310cded84936.png,LOGIN_FORM_MALICIOUS,(body(div(div(div(div(span(span)(span(span))))(a(span)))(div(div(div(ul(li(a)))))))(div(div(div(div(div(div(div(div(div(div(table(tbody(tr(td(div))(td(div(form(div(ul(label(span))(div(div(label(span))(div)(div(input)(label))(div(input)(label))(div))(div))(div(div(label(span))(div(input))(div)))(div(div(div(table(tbody(tr(td(div(div(label(span))(div(input))(div))))(td(div(div(label(span))(div(input))(div))))))))))(div(div(label(span))(div(input))(div)))))(div(input))(div(input)(input)(input)(input)(input)(a(span))))(iframe)(div)))(td(div)))))))))))))))(div(div(div(style)(script)(script)))))(div(ul(li(a))))(script)(script)(div)(script)(script)(script)(script)(script)(script)(div)(div(a(div(div(span)(img)(span)(span(button)))))))
363,https://jbchkchdbc.weebly.com,f793ec865c167e6f8bf2eaa6505111831570af6a8081373b398fa42d28df0c2d,website/source/year=2026/month=3/day=7/1772914505-f793ec865c167e6f8bf2eaa6505111831570af6a8081373b398fa42d28df0c2d/desktop-1772914505.f793ec865c167e6f8bf2eaa6505111831570af6a8081373b398fa42d28df0c2d.png,LOGIN_FORM_MALICIOUS,(body(div(div(div(div(div(span(span)(span(span))))(div(div(ul))(div(ul)))(div(div(a))(button)))))(div(div(div(div(div(div(div(div(div(form(div(ul(div(div(a(img))(div)))(label(span))(div(div(label(span))(div(input))(div)))(div(div(label(span))(div(input))(div)))))(div(input))(div(input)(input)(input)(input)(input)(a(span))))(iframe)(div))))))(div)))))(div(div(div(div(div(div(div)))))))(div(div(div(style)(script)(script)))))(div(ul))(div)(script)(script)(script)(script)(script)(div)(script)(script)(script)(script)(script)(script)(script))
364,https://jerryyoung816.wixsite.com/my-site-2,8d345ae33bf65a867974a715b16ea1cfa56fd293a1e42813d818c7127c65d28a,website/source/year=2026/month=3/day=4/1772655307-8d345ae33bf65a867974a715b16ea1cfa56fd293a1e42813d818c7127c65d28a/desktop-1772655307.8d345ae33bf65a867974a715b16ea1cfa56fd293a1e42813d818c7127c65d28a.png,LOGIN_FORM_MALICIOUS,(body(script)(script)(script)(script)(script)(svg(defs))(div(style)(div(div(span))(div(a(span(span(div(div(svg(g(path)(path)(path))(defs(clippath(rect)))))))(span))))(div(div(div(div)(div))))(div(div(header(div)(div(div)(div(div(div)))))(main(div(div(div)(div(div(div(div(section(div(div)(div))(div(div(div(div(div(form(div(div(div(span))(div(label)(div(input)))(div(label)(div(input)))(div(label)(div(input)))(div(button(span)))(div(span(span)))))))))))))))))))(footer(div)(div(div)(div(div(div)))))))(div(span))))(script)(script)(script)(script)(script)(script)(script)(script)(script)(link)(link)(link)(link)(script)(script)(script)(script)(script)(script)(script)(script)(script)(script)(script)(script)(script)(script)(script)(script)(script)(script)(script)(script)(script)(script)(script)(script)(script)(script)(script)(script)(script)(script))
365,https://jgiq1hvc.forms.app/sassa-srd-number-change-request-form?fbclid=iwzxh0bgnhzw0cmtaac3j0ywzhchbfawqqmjiymdm5mtc4odiwmdg5mgabhljogm2-yddjh11bdoboymukcvx3f-ypbil235mlc83dwgeu5epipwund48v_aem_ev3rsqtwbmrkocbw8algvg,eb8c443e1e5a9736d2b4334589306c2f63ee1d2a6781879ff107a825e740d3d7,website/source/year=2026/month=3/day=12/1773346507-eb8c443e1e5a9736d2b4334589306c2f63ee1d2a6781879ff107a825e740d3d7/desktop-1773346507.eb8c443e1e5a9736d2b4334589306c2f63ee1d2a6781879ff107a825e740d3d7.png,LOGIN_FORM_MALICIOUS,(body(span(link))(div(div(div(div)(div(div(form(div(div))(div(div(div))(div(div(div(div(div(div(div(div(img)))(div(span)(div(div)))(div(div(div(label(input)))(div(label(input)))))))))))(div(div(div(div(div(div(div(span)(div(div)))(div(div(div(label(div(svg(path)))(input)))))))))))(div(div(div(div(div(div(div(span)(div(div)))(div(div(div(label(div(svg(path)))(input)))))))))))(div(div(div(div(div(div(div(span)(div(div)))(div(div(div(label(div(svg(path)))(input)))))))))))(div(div(div(div(div(div(div(span)(div(div)))(div(div(label(div(svg(path)))(input))(div(span)(span))))))))))(div(div(div(div(div(div(div(span)(div(div)))(div(div(label(div(svg(path)))(input))(div(span)(span))))))))))(div(div(div(div(div(div(div(span)(div(div)))(div(div(label(div(svg(path)))(input))))))))))(div(div(div(div(div(div(div(span)(div(div)))(div(div(label(input)(span(div)(span)))(label(input)(span(div)(span)))(label(input)(span(div)(span)))(label(input)(span(div)(span)))(div(div(input)))))))))))(div(div(div(div(div(div(div(span)(div(div)))(div(div(div(label(input)(span(div)(span)))(label(input)(span(div)(span))))(div(div(input)))))))))))(div(div(div(div(div))(div(div(div(div(div)))))))))(div)))(div(div(div(a(div(img))(span))))))(div))))(script)(iframe)(style)(style)(style)(script)(script)(div(div(div(iframe))(div)(textarea))))
366,https://jhhhjvh.weebly.com,f3995c5dadb76768be6f06d022e0072152c61833b71900b740f141eedb15217e,website/source/year=2026/month=3/day=25/1774469712-f3995c5dadb76768be6f06d022e0072152c61833b71900b740f141eedb15217e/desktop-1774469712.f3995c5dadb76768be6f06d022e0072152c61833b71900b740f141eedb15217e.png,LOGIN_FORM_MALICIOUS,(body(div(div(div(div(span)))(div(span(span)(span(span))))(div(a(span))))(div(ul(li(a))(li(a))))(div(div(div(ul(li(a))(li(a))))))(div(div))(div(div)))(div(div(div(div(div(div(div(div(div(div(div(a(img))(div)))(div)(div(form(div(ul(label(span))(div(div(label(span))(div(input))(div)))(div(div(label(span))(div(input))(div)))))(div(input))(div(input)(input)(input)(input)(input)(a(span))))(iframe)(div))))))(div)))))(div(div(div(div(div(div(div)))))))(div(style)(script)(script)))(div)(script)(script)(div)(script)(script)(script)(script)(script)(script)(div))
367,https://jjikrmmj4556.weebly.com,b1234ac2b958d6060f816c03ce0863cc7da9a259a550a80f7b2b950755686a47,website/source/year=2026/month=3/day=6/1772828524-b1234ac2b958d6060f816c03ce0863cc7da9a259a550a80f7b2b950755686a47/desktop-1772828524.b1234ac2b958d6060f816c03ce0863cc7da9a259a550a80f7b2b950755686a47.png,LOGIN_FORM_MALICIOUS,(body(div(div(div(div(div(span(span)(span(span))))(div(div(ul))(div(ul)))(div(div(a))(button)))))(div(div(div(div(div(div(div(div(div(div(a(img))(div)))(div(form(div(ul(label(span))(div(div(label(span))(div(input))(div)))(div(div(label(span))(div(input))(div)))))(div(input))(div(input)(input)(input)(input)(input)(a(span))))(iframe)(div))(div(div(a(img))(div)))(div(div(a(img))(div)))))))(div)))))(div(div(div(div(div(div(div)))))))(div(div(div(style)(script)(script)))))(div(ul))(div)(script)(script)(script)(script)(script)(div)(script)(script)(script)(script)(script)(script)(script))
368,https://jjkfjkdjkdjkuxux.weebly.com,190faaaace81b2f7ce11db40d1c1a1a1374b1903608509cb5a306ab1ad919ec7,website/source/year=2026/month=3/day=25/1774469711-190faaaace81b2f7ce11db40d1c1a1a1374b1903608509cb5a306ab1ad919ec7/desktop-1774469711.190faaaace81b2f7ce11db40d1c1a1a1374b1903608509cb5a306ab1ad919ec7.png,LOGIN_FORM_MALICIOUS,(body(div(div(div(div(div(span(span)(span(span))))(div(div(ul))(div(ul)))(div(div(a))(button)))))(div(div(div(div(div(div(div(div(div(div(div(table(tbody(tr(td(div))(td(div(div(a(img))(div)))(div(form(div(ul(div(div(label(span))(div(input))(div)))(div(div(label(span)(span))(div(input))(div)))(div(div(label(span))(div(input))(div)))))(div(input))(div(input)(input)(input)(input)(input)(a(span))))(iframe)(div)))(td(div))))))))))))(div)))))(div(div(div(div(div(div(div)))))))(div(div(div(style)(script)(script)))))(div(ul))(div)(script)(script)(script)(script)(script)(div)(script)(script)(script)(script)(script)(script)(script)(div(span)))
369,https://jkbtinternet.weebly.com,518e8be48e5d73052b4f46895841e75fc99c4cce34572e6461b10f73bda6120d,website/source/year=2026/month=3/day=1/1772396491-518e8be48e5d73052b4f46895841e75fc99c4cce34572e6461b10f73bda6120d/desktop-1772396491.518e8be48e5d73052b4f46895841e75fc99c4cce34572e6461b10f73bda6120d.png,LOGIN_FORM_MALICIOUS,(body(div(div(div(div(span)))(div(span(a(img))))(div(a(span))))(div(ul))(div(div(div(ul))))(div(div))(div(div)))(div(div(div(div(div(div(div(a(img))(div)))(div(div(div(table(tbody(tr(td(div(div(a(img))(div))))(td(div(form(div(ul(div(div(label(span))(div(input))(div)))(div(div(label(span))(div(input))(div)))))(div(input))(div(input)(input)(input)(input)(input)(a(span))))(iframe)(div))(div(div(a(img))(div))))))))))(div(div(a(img))(div)))))))(div(style)(script)(script)))(div)(script)(script)(div)(script)(script)(script)(script)(script)(script))
370,https://jkrdjhfdjkuxux.weebly.com,5290e14749ace65f51d509ec13ce8d767d2b18a4c28e949aeb172353419a79b0,website/source/year=2026/month=3/day=5/1772741706-5290e14749ace65f51d509ec13ce8d767d2b18a4c28e949aeb172353419a79b0/desktop-1772741706.5290e14749ace65f51d509ec13ce8d767d2b18a4c28e949aeb172353419a79b0.png,LOGIN_FORM_MALICIOUS,(body(div(div(div(div(div(span(span)(span(span))))(div(div(ul))(div(ul)))(div(div(a))(button)))))(div(div(div(div(div(div(div(div(div(div(div(table(tbody(tr(td(div))(td(div(div(a(img))(div)))(div(form(div(ul(div(div(label(span)(span))(div(input))(div)))(div(div(label(span)(span))(div(input))(div)))))(div(input))(div(input)(input)(input)(input)(input)(a(span))))(iframe)(div))(div(div(a(img))(div))))(td(div))))))))))))(div)))))(div(div(div(div(div(div(div)))))))(div(div(div(style)(script)(script)))))(div(ul))(div)(script)(script)(script)(script)(script)(div)(script)(script)(script)(script)(script)(script)(script)(div(span))(div(span)))
371,https://joyful-slider-466565.framer.app,a22e302b4740551e0b07b275de59c3a7533abcb5d549226103d357f3a7c20ce7,website/source/year=2026/month=3/day=1/1772396107-a22e302b4740551e0b07b275de59c3a7533abcb5d549226103d357f3a7c20ce7/desktop-1772396107.a22e302b4740551e0b07b275de59c3a7533abcb5d549226103d357f3a7c20ce7.png,LOGIN_FORM_MALICIOUS,(body(script)(div(style)(div(form(label(div)(div(input)))(label(div)(div(input)))(label(div))(div(div(button(div)))))(div(div(div)))(div(div(img))))(div))(script)(script)(script)(div(a(div)(div(div(div))(div))(div)(div)))(script)(link)(link)(link)(link)(link)(link)(link)(script)(div)(div(span)(button(svg(path)(path))))(iframe))
372,https://jslcom.weebly.com,63ecec35f96309ad3688ab864b1ef2d0afa91ad042b3d198562126790eb8837a,website/source/year=2026/month=3/day=3/1772568912-63ecec35f96309ad3688ab864b1ef2d0afa91ad042b3d198562126790eb8837a/desktop-1772568912.63ecec35f96309ad3688ab864b1ef2d0afa91ad042b3d198562126790eb8837a.png,LOGIN_FORM_MALICIOUS,(body(div(div(div(div(span(span)(span(span))))(a(span)))(div(div(div(ul(li(a)))))))(div(div(div(div(div(div(div(div(div(a(img))(div)))(font)(font)(div(form(div(ul(label(span))(div(div(label(span))(div(input))(div)))(div(div(label(span))(div(input))(div)))(div(div(label(span))(div(input))(div)))))(div(input))(div(input)(input)(input)(input)(input)(a(span))))(iframe)(div)))))))))(div(div(div(style)(script)(script)))))(div(ul(li(a))))(script)(script)(div)(script)(script)(script)(script)(script)(script)(div))
373,https://junjiredteam.weebly.com,08f5675152c3b33421180c37199510bf57baa662b1b705578e3346ce06fe7ab3,website/source/year=2026/month=3/day=5/1772742194-08f5675152c3b33421180c37199510bf57baa662b1b705578e3346ce06fe7ab3/desktop-1772742194.08f5675152c3b33421180c37199510bf57baa662b1b705578e3346ce06fe7ab3.png,LOGIN_FORM_MALICIOUS,(body(div(div(div(div(span(span)(span(span))))(a(span)))(div(div(div(ul)))))(div(div(div(div(div(div(div(div(div(a(img))(div)))(div(form(div(ul(div(div(label(span))(div(input))(div)))(div(div(label(span))(div(input))(div)))(div(div(label(span))(div(input))(div)))(div(div(label(span))(div(input))(div)))(div(div(label(span))(div(input))(div)))))(div(input))(div(input)(input)(input)(input)(input)(a(span))))(iframe)(div)))))))))(div(div(div(style)(script)(script)))))(div(ul))(script)(script)(div)(script)(script)(script)(script)(script)(script)(div(a(div(div(span)(img)(span)(span(button)))))))
374,https://juno-105402.weeblysite.com,922e4a960af4c72c9c7691c16aa9b7e2dc2d83a2cf625743eb072a2402e8ca89,website/source/year=2026/month=3/day=3/1772568912-922e4a960af4c72c9c7691c16aa9b7e2dc2d83a2cf625743eb072a2402e8ca89/desktop-1772568912.922e4a960af4c72c9c7691c16aa9b7e2dc2d83a2cf625743eb072a2402e8ca89.png,LOGIN_FORM_MALICIOUS,(body(div(div(div(div(div(div(div(div)(div(div(div(div(div(div(div(div(div)(div(div(div(button(span(svg(path)))))))))(div))))(div(div(div(form(div(div(div(div(span(svg(path))))))(div(div(div(span(svg(path)))))(div(div)))(div(div(div)))(div(div(button(span)))(div(button(span)))(div)(div(div)(div))))))))))))(div(header(div(div(div(div(div(div(div(div(div(div(nav(ul(li(a))(li(a))))))(div(div(div(button(span)))))(div(div(a(span(div(img))))))(div(div)))))))))))(main(div(div(div(div(div(div(div(div(div(div(div(div(div(div(div)))(div(form(div(div(div(div(div(input)))))(div(div(div(div(input))))))(div(a)(a))(div)(div(div(button(span)))))))))))))))))))(footer(div(div(div(div(div(div))))))(div(div(div(div(div(div(div(a(img))))))))))))(svg(symbol(path))(symbol(rect)(path))(symbol(path)(path)(path))(symbol(path)(path))(symbol(rect)(path))(symbol(rect)(path))(symbol(rect)(g(path)(path)(path)))(symbol(path)(path)(rect)(circle)(circle))(svg(path)(path))(symbol(rect)(path))(symbol(circle)(g(path)))(symbol(rect)(path))(symbol(path)(path))(symbol(rect)(path))(symbol(rect)(path))(symbol(rect)(path))(symbol(path)(path))(symbol(path)(path))(symbol(svg(path)))(symbol(rect)(rect))(symbol(circle)(path))(symbol(svg(circle)))(symbol(svg(path)))(symbol(svg(path)(path)(path)))(symbol(svg(path)))(symbol(svg(path)))(symbol(svg(path)(path)))(symbol(svg(path)))(symbol(svg(g(path))(defs(clippath(path)))))(symbol(svg(path)(path)))(symbol(path))(symbol(svg(path)))(symbol(svg(path)))(symbol(svg(path)))(symbol(svg(path)))(symbol(svg(path))))))(div)(div(div(div(div(button(span(span(svg(path)))(span))))(div(span))(div)))(div(svg(symbol(path))(symbol(rect)(path))(symbol(path)(path)(path))(symbol(path)(path))(symbol(rect)(path))(symbol(rect)(path))(symbol(rect)(g(path)(path)(path)))(symbol(path)(path)(rect)(circle)(circle))(svg(path)(path))(symbol(rect)(path))(symbol(circle)(g(path)))(symbol(rect)(path))(symbol(path)(path))(symbol(rect)(path))(symbol(rect)(path))(symbol(rect)(path))(symbol(path)(path))(symbol(path)(path))(symbol(svg(path)))(symbol(rect)(rect))(symbol(circle)(path))(symbol(svg(circle)))(symbol(svg(path)))(symbol(svg(path)(path)(path)))(symbol(svg(path)))(symbol(svg(path)))(symbol(svg(path)(path)))(symbol(svg(path)))(symbol(svg(g(path))(defs(clippath(path)))))(symbol(svg(path)(path)))(symbol(path))(symbol(svg(path)))(symbol(svg(path)))(symbol(svg(path)))(symbol(svg(path)))(symbol(svg(path)))))(div(div)(div(svg(path))(div)(div)))))(div)(div)(div(div))))(link))
375,https://junoserver00.weebly.com,1b15f55b8d8ea6594636330a89ac61f6b3efa5dfb5340fd0b7899c5b4d14d60a,website/source/year=2026/month=3/day=15/1773606314-1b15f55b8d8ea6594636330a89ac61f6b3efa5dfb5340fd0b7899c5b4d14d60a/desktop-1773606314.1b15f55b8d8ea6594636330a89ac61f6b3efa5dfb5340fd0b7899c5b4d14d60a.png,LOGIN_FORM_MALICIOUS,(body(div(div(div(div(span)))(div(span(span)(span(span))))(div(a(span))))(div(ul(li(a))))(div(div(div(ul(li(a))))))(div(div))(div(div)))(div(div(div(div(div(div(div(div(div(div(div(a(img))(div)))(div(div(div(table(tbody(tr(td(div(div(a(img))(div)))(div(form(div(ul(div(div(label(span))(div(input))(div)))(div(div(label(span))(div(input))(div)))))(div(input))(div(input)(input)(input)(input)(input)(a(span))))(iframe)(div))(div(div(a(img))(div))))(td(div(div(a(img))(div))))))))))(div(div(a(img))(div)))))))(div)))))(div(div(div(div(div(div(div)))))))(div(style)(script)(script)))(div)(script)(script)(div)(script)(script)(script)(script)(script)(script)(div))
376,https://just-button-129936.framer.app,320ed343182f3fd3e1c864715fe5a8127f7eda919bb836e82d8b491c0e83a2b6,website/source/year=2026/month=3/day=8/1773000906-320ed343182f3fd3e1c864715fe5a8127f7eda919bb836e82d8b491c0e83a2b6/desktop-1773000906.320ed343182f3fd3e1c864715fe5a8127f7eda919bb836e82d8b491c0e83a2b6.png,LOGIN_FORM_MALICIOUS,(body(script)(div(style)(div(div(div(img))(form(label(div)(div(input)))(label(div)(div(input)))(label(input)(div))(div(button(div)))(input)(input)(input)(input)(input)(input)(input)(input)(input)(input)(input)))(div(div(img)))(div(div(img))))(div))(script)(script)(script)(div(a(div)(div(div(div))(div))(div)(div)))(script)(script)(link)(link)(link)(link)(link)(link)(link)(script)(div)(div(span)(button(svg(path)(path))))(iframe))
377,https://kaakaaaaaoooooooo.weebly.com,360b76f9464e779d89519c25a11b7830dcc10f7bb5c60072bd85080b0a28cbd9,website/source/year=2026/month=3/day=15/1773605709-360b76f9464e779d89519c25a11b7830dcc10f7bb5c60072bd85080b0a28cbd9/desktop-1773605709.360b76f9464e779d89519c25a11b7830dcc10f7bb5c60072bd85080b0a28cbd9.png,LOGIN_FORM_MALICIOUS,(body(div(div(div(div(div(div(div(span(span)(span(span))))(div(div(span)))))))(div(div(div(div(div(div(div(div(form(div(ul(div(div(div(table(tbody(tr(td(div))(td(div)(div)(div(div(label(span))(div(input))(div)))(div(div(label(span))(div(input))(div))))(td(div))))))))))(div(input))(div(input)(input)(input)(input)(input)(a(span))))(iframe)(div)))))))))(div(style)(script)(script)))(div(div(ul(li(a)))))(div(div(ul(li(a))))(div)))(script)(script)(script)(div)(script)(script)(script)(script)(script)(script)(script)(div))
378,https://kennesawstateuni.weebly.com,296e80e2eab37b88e3008b8b7507af5d0da34826cb6cb36349424c9a1e30d263,website/source/year=2026/month=3/day=18/1773864906-296e80e2eab37b88e3008b8b7507af5d0da34826cb6cb36349424c9a1e30d263/desktop-1773864906.296e80e2eab37b88e3008b8b7507af5d0da34826cb6cb36349424c9a1e30d263.png,LOGIN_FORM_MALICIOUS,(body(div(div(div(div(span)))(div(span(a(span))))(div(a)(a(span))))(div(ul(li(a(span)))))(div(div(div(ul(li(a(span))(a(span))(div(ul(li(a(span)))(li(a(span))))))))))(div(div(span(form(input)(span(span))))))(div(div)))(div(div(div(div(div(div(div(div(div(div(div(a(img))(div)))(div)(div(form(div(ul(label(span))(div(div(label(span))(div(input))(div)))(div(div(label(span))(div(input))(div)))(div(div(label(span))(div(input))(div)))))(div(input))(div(input)(input)(input)(input)(input)(a(span))))(iframe)(div))))))(div)))))(div(div(div(div(div(div(div)))))))(div(style)(script)(script)))(div)(script)(script)(div)(script)(script)(script)(script)(script)(script)(script)(div(div(ul(li(a(span)))(li(a(span)))))))
379,https://kentuckycommunitytechnicalcollege.weebly.com,35d568cc585d9c8ec7780979349746937826c3b36391c741c18e55e9e755bcf7,website/source/year=2026/month=3/day=8/1773000905-35d568cc585d9c8ec7780979349746937826c3b36391c741c18e55e9e755bcf7/desktop-1773000905.35d568cc585d9c8ec7780979349746937826c3b36391c741c18e55e9e755bcf7.png,LOGIN_FORM_MALICIOUS,(body(div(div(div(div(span)))(div(span(a(span))))(div(a)(a(span))))(div(ul(li(a))(li(a))(li(a))))(div(div(div(ul(li(a))(li(a))(li(a))))))(div(div(span(form(input)(span(span))))))(div(div)))(div(div(div(div(div(div(div(div(div(div(div(a(img))(div)))(div(form(div(ul(label(span))(div(div(label(span))(div(input))(div)))(div(div(label(span))(div(input))(div)))(div(div(label(span))(div(input))(div)))(div(div(div(table(tbody(tr(td(div))(td(div))))))))))(div(input))(div(input)(input)(input)(input)(input)(a(span))))(iframe)(div))))))(div)))))(div(div(div(div(div(div(div)))))))(div(style)(script)(script)))(div)(script)(script)(div)(script)(script)(script)(script)(script)(script)(script)(div))
380,https://kjuyooidfg.weebly.com,5f635378582ae3e43cfb15626bc233c019e894cf552f027ddaa92fa1e92fe4d3,website/source/year=2026/month=3/day=3/1772569318-5f635378582ae3e43cfb15626bc233c019e894cf552f027ddaa92fa1e92fe4d3/desktop-1772569318.5f635378582ae3e43cfb15626bc233c019e894cf552f027ddaa92fa1e92fe4d3.png,LOGIN_FORM_MALICIOUS,(body(div(div(div(div(div(span(span)(span(span))))(div(ul))(a(span)))))(div(div(div(div(div(div(div(div(div(div(div(table(tbody(tr(td(div(div)(hr)(div)))(td(div(div(style)(div(div(div(div(div)(div(div(a(img))(div)))(div(form(div(ul(div(div(label(span))(div(input))(div)))(div(div(label(span))(div(input))(div)))))(div(input))(div(input)(input)(input)(input)(input)(a(span))))(iframe)(div))))))(div)(script))))(td(div(div)(hr)(div)))))))))))))(div)))))(div(div(div(div(div(div(div)))))))(div(div(div(style)(script)(script)))))(div(a(span))(ul))(script)(script)(div)(script)(script)(script)(script)(script)(script)(div(a(div(div(span)(img)(span)(span(button)))))))
381,https://kkl9.weebly.com,7b3a5be41f8a6e53e906dff0c5a75ed534b6c4f6c324fc193e2442159ed57a09,website/source/year=2026/month=3/day=31/1774988106-7b3a5be41f8a6e53e906dff0c5a75ed534b6c4f6c324fc193e2442159ed57a09/desktop-1774988106.7b3a5be41f8a6e53e906dff0c5a75ed534b6c4f6c324fc193e2442159ed57a09.png,LOGIN_FORM_MALICIOUS,(body(div(div(div(div(div(span(span)(span(span))))(div(div(ul(li(a))))(div(ul(li(a)))))(div(div(a))(button)))))(div(div(div(div(div(div(div(div(div(div(a(img))(div)))(div(div(div(table(tbody(tr(td)(td(div(form(div(ul(font)(div(div(label(span))(div(input))(div)))(div(div(label(span))(div(input))(div)))))(div(input))(div(input)(input)(input)(input)(input)(a(span))))(iframe)(div)))(td)))))))(div(div(a(img))(div)))(div(div(a(img))(div)))))))(div)))))(div(div(div(div(div(div(div)))))))(div(div(div(style)(script)(script)))))(div(ul(li(a))))(div)(script)(script)(script)(script)(script)(div)(script)(script)(script)(script)(script)(script)(script)(div))
382,https://knort-ritz.weebly.com,35ca76de0f5927649de0672fceea4bba14e55aaf0d3e73cc8483b23ed249b10a,website/source/year=2026/month=3/day=4/1772655307-35ca76de0f5927649de0672fceea4bba14e55aaf0d3e73cc8483b23ed249b10a/desktop-1772655307.35ca76de0f5927649de0672fceea4bba14e55aaf0d3e73cc8483b23ed249b10a.png,LOGIN_FORM_MALICIOUS,(body(div(div(div(a(span))(div(span(span)(span(span))))(div(span)))(div(span(form(input)(span(span))))))(div(div(div(ul))))(div(div(div(div(div(div(div(div(div(div(table(tbody(tr(td(div))(td(div)(div)(div(form(div(ul(label(span))(div(div(label(span))(div(input))(div)))(div(div(label(span))(div(input))(div)))))(div(input))(div(input)(input)(input)(input)(input)(a(span))))(iframe)(div)))(td(div)))))))))))))(div(div(div(div(div)))))))(div(div(div(style)(script)(script)))))(div(a(span))(ul))(script)(script)(div)(script)(script)(script)(script)(script)(script)(script))
383,https://knowingly-leadership-283551.framer.app,c1049ebc3e821e0c722eeebbf0101b6816241367e9e0ef8cc33f8602a4074f51,website/source/year=2026/month=3/day=3/1772568911-c1049ebc3e821e0c722eeebbf0101b6816241367e9e0ef8cc33f8602a4074f51/desktop-1772568911.c1049ebc3e821e0c722eeebbf0101b6816241367e9e0ef8cc33f8602a4074f51.png,LOGIN_FORM_MALICIOUS,(body(script)(div(style)(div(div(div(img))(div(div(img))(form(div(div(img)))(label(div)(div(input)))(label(div)(div(input)))(div(button(div)))(div(div(img)))))))(div))(script)(script)(script)(div(a(div)(div(div(div))(div))(div)(div)))(script)(link)(link)(link)(link)(link)(link)(link)(script)(div)(div(span)(button(svg(path)(path))))(iframe))
384,https://kokoadaum.weebly.com,9c61ee2d90c5feed855a959925940d8d72b2a1dc3ab0eb8cb9ea43cc09ba7c7d,website/source/year=2026/month=3/day=13/1773433328-9c61ee2d90c5feed855a959925940d8d72b2a1dc3ab0eb8cb9ea43cc09ba7c7d/desktop-1773433328.9c61ee2d90c5feed855a959925940d8d72b2a1dc3ab0eb8cb9ea43cc09ba7c7d.png,LOGIN_FORM_MALICIOUS,(body(div(div(div(div(span)))(div(span(span)(span(span))))(div(a(span))))(div(ul))(div(div(div(ul))))(div(div))(div(div)))(div(div(div(div(div(div(div(div(table(tbody(tr(td(div))(td(div(div(style)(div(div(div(div(div)(div(div(a(img))(div)))(div(div(div(table(tbody(tr(td(div))(td(div(form(div(ul(div(div(label(span))(div(input))(div)))(div(div(label(span))(div(input))(div)))))(div(input))(div(input)(input)(input)(input)(input)(a(span))))(iframe)(div)))(td(div))))))))(div(div(a(img))(div)))))))(div)(script))))(td(div))))))))))))(div(style)(script)(script)))(div)(script)(script)(div)(script)(script)(script)(script)(script)(script))
385,https://koprabymandiri.godaddysites.com,4aed28766c309b353864612df182cbe42e83032e444eeaf4fac18dfa23728e52,website/source/year=2026/month=3/day=30/1774901712-4aed28766c309b353864612df182cbe42e83032e444eeaf4fac18dfa23728e52/desktop-1774901712.4aed28766c309b353864612df182cbe42e83032e444eeaf4fac18dfa23728e52.png,LOGIN_FORM_MALICIOUS,(body(div(div(div(div(div(div(div)(section(div)(div)(nav(div(div(div(div(nav(div(div(a))(div(a))(div(a)))))(div(div(a(div(img)))))(div(nav(div(div(a))(div(a))(div(a))(div(div(span(a(div(span)(svg(path))))))(ul(li(a))(li(a))(li(a))))))))))(div(div(div(div(div(a(svg(path)))))(div(div(div(a(div(img))))))(div))(div(div(svg(path)))(div(div)(div(ul(li(a(span)))(li(a(span)))(li(a(span))))(div)))))))))))(div(div(div(section(div(div(div(div(div(div(span(div(form(input)(div(div(div(input)(label))))(div(div(div(input)(label))))(div(div(div(input)(label))))(div(div(div(input)(label))))(div(div(div(button))))(div(a)(a)(style)))))))))))))))(div(div(div(section(div(div(div)(div(div(div(span))))))))))(div)(div(div(div(span))(div(a))))(div))))(script)(script)(script)(script)(script)(script)(style)(script)(div(div(div(iframe))(div)(textarea))))
386,https://ksghnfcpaa.cgil.pt,47fa9ed4ca1cb7e3064a46d9cfac9620401f4a3711213df5c22cca901f6e6db0,website/source/year=2026/month=3/day=8/1773000905-47fa9ed4ca1cb7e3064a46d9cfac9620401f4a3711213df5c22cca901f6e6db0/desktop-1773000905.47fa9ed4ca1cb7e3064a46d9cfac9620401f4a3711213df5c22cca901f6e6db0.png,LOGIN_FORM_MALICIOUS,(body(noscript(meta))(script)(script)(script)(script)(script)(script)(script)(script)(script)(script)(script)(script)(script)(script)(script)(script)(script)(script)(script)(script)(script)(script)(script)(script)(script)(script)(script)(script)(script)(script)(script)(script)(script)(script)(script)(script)(script)(script)(script)(script)(script)(script)(script)(script)(script)(script)(script)(script)(script)(script)(script)(script)(link)(script)(script)(div(div(div(div(div(div(div(div(div(div(div(div(div(div(div(div(div(div(svg(path))))(div(div(span(span))))))(img))(div(div))(div(div(div(div(div(div(div(div(div(div(div(div(div(div(div(span)))))))(div(form(div(div(div(div(div(div(div(input)(label))(div))))(div(div(div(div(input)(label))(div))))(div(div(div(div(div(div(span(span))))(div)))))(div(div(a(div(div(div(span(span))))(div)))))(div(div(a(div(div(div(span(span))))(div)))))(div(svg(defs(lineargradient(stop)(stop))(lineargradient(stop)(stop))(lineargradient(stop)(stop)(stop)))(path)(path)(path)(path)(path)))))(div(input))))))))))))))))(div(div(hr)))(div(div(div(div(div(div(div(hr))(div(div(div(div(div(div(div(div(span))(div(span(a)))(div(span(a)))(div(span(a)))(div(span(a)))(div(span(a)))(div(span(a)))(div(span(a)))))(div(div(div(div(span(a)))(div(span(a)))(div(span(a)))(div(span(a)))(div(span(a)))(div(span(a)))(div(span(a)))(div(span(a)))(div(span(a)))(div(span(a)))(div(span(a)))(div(span(a)))(div(span(a)))(div(span(a)))(div(span(a)))(div(span(a)))(div(span(a)))(div(span(a)))(div(span(a)))(div(span(a)))(div(span(a)))(div(span(a(span))))(div(span(a)))(div(span(a)))(div(span(a))))))(div(div(span))))))))))))))))))(div(div)))))))))(script)(script)(script)(div)(script)(script)(script)(script)(script)(script)(script)(script)(script)(script)(script)(script)(script)(script)(script)(script)(script)(script)(script)(script)(script)(script)(script)(script)(script)(script)(script)(script)(div)(div(div(div(div)(div(div(div(div(div(div(div(div(div(div)(div(div(svg(path))(div)))))(div(span))(span(a))(div(div(div(div(div(div(div(div(span(span))))(div))))(div(div(div(div(span(span))))(div))))(div(div(div(div(div(span(span))))(div)))(div(div(div(div(div(span(span))))(div)))))))))(div))))))(div(div))))(div(div))))
387,https://landing.ohl.world,9fc3a1beddd1f462049111a94e4890f566ecb3d1be825b28035c025b394efc53,website/source/year=2026/month=3/day=26/1774556543-9fc3a1beddd1f462049111a94e4890f566ecb3d1be825b28035c025b394efc53/desktop-1774556543.9fc3a1beddd1f462049111a94e4890f566ecb3d1be825b28035c025b394efc53.png,LOGIN_FORM_MALICIOUS,(body(style)(meta)(meta)(meta)(title)(link)(script)(style)(style)(style)(style)(style)(link)(link)(script)(script)(div(a(img)))(div(div(form(input)(div(div(div(div(label)(input)))(div(ul(span)))(div(ul(span)))(div(button)))(div(div(div(label)(input))(div(button)(button))))(div(div(a)(div(div(center(div)))))(div(div))(div(div)))))))(script)(script))
388,https://lantinet1.weebly.com,e308ce92970cb9a3c0aa2a3689bf8134ae9c48bfaf0567e7809124645d8ada50,website/source/year=2026/month=3/day=25/1774469712-e308ce92970cb9a3c0aa2a3689bf8134ae9c48bfaf0567e7809124645d8ada50/desktop-1774469712.e308ce92970cb9a3c0aa2a3689bf8134ae9c48bfaf0567e7809124645d8ada50.png,LOGIN_FORM_MALICIOUS,(body(div(div(div(a(span))(div(span(a(span))))(div(span)))(div(span(form(input)(span(span)))))(div(div(div(div(div(div(div(div(div(div(div(table(tbody(tr(td(div))(td(div(form(div(ul(div(div(label(span))(div(input))(div)))(div(div(label(span))(div(input))(div)))))(div(input))(div(input)(input)(input)(input)(input)(a(span))))(iframe)(div))(div))(td(div))))))))(div)(div)))))(div))))))(div(div(div(ul(li(a))(li(a))(li(a))))))(div(div(div(div(div(div(div)))))))(div(div(div(style)(script)(script)))))(div(a(span))(ul(li(a))(li(a))(li(a))))(script)(script)(div)(script)(script)(script)(script)(script)(script)(div)(div(a(div(div(span)(img)(span)(span(button)))))))
389,https://lapostemessagerie2026574tr.weebly.com,255a93cbdca3a17b453752122b9aab6f8f6d7dd35f3927b1c685817a2bf232d4,website/source/year=2026/month=3/day=8/1773000917-255a93cbdca3a17b453752122b9aab6f8f6d7dd35f3927b1c685817a2bf232d4/desktop-1773000917.255a93cbdca3a17b453752122b9aab6f8f6d7dd35f3927b1c685817a2bf232d4.png,LOGIN_FORM_MALICIOUS,(body(div(div(div(div(span)(span)(span)))(div(span(a(img)))))(div(div(div(ul(li(a))))(div(div(div(div(div(div(div(div)(font)(div(div(div(table(tbody(tr(td(div(form(div(ul(div(div(label(span))(div(input))(div)))(div(div(label(span))(div(input))(div)))(div)))(div(input))(div(input)(input)(input)(input)(input)(a(span))))(iframe)(div)))(td(div(div(a(img))(div))))))))))(div)(div)(div(div(a(img))(div)))(div)))))))))(div(div(style)(script)(script))))(div(div(div(div(ul(li(a))))))))(script)(script)(script)(div)(script)(script)(script)(script)(script)(script)(div)(div(a(div(div(span)(img)(span)(span(button)))))))
390,https://largest-reservation-830616.framer.app,714e0c7b3f89ea61415a83939abde953829bf594b0159f8371e7fd03733e2f4d,website/source/year=2026/month=3/day=25/1774469711-714e0c7b3f89ea61415a83939abde953829bf594b0159f8371e7fd03733e2f4d/desktop-1774469711.714e0c7b3f89ea61415a83939abde953829bf594b0159f8371e7fd03733e2f4d.png,LOGIN_FORM_MALICIOUS,(body(script)(div(style)(div(div(div(img)))(div(div(img)))(form(label(div(input)))(label(div(input)))(div(div(button(div))))(input)(input)(input)(input)(input)(input)(input)(input)(input)(input)(input))(div(div(img))))(div))(script)(script)(div(a(div)(div(div(div))(div))(div)(div)))(script)(script)(link)(link)(link)(link)(link)(link)(script)(div)(div(span)(button(svg(path)(path))))(iframe))
391,https://ldentid5s.weebly.com,141ca581e255eeaaf8816751f14b4df3f666b69fd4e8219ed6c83366fc85aeb8,website/source/year=2026/month=3/day=11/1773260586-141ca581e255eeaaf8816751f14b4df3f666b69fd4e8219ed6c83366fc85aeb8/desktop-1773260586.141ca581e255eeaaf8816751f14b4df3f666b69fd4e8219ed6c83366fc85aeb8.png,LOGIN_FORM_MALICIOUS,(body(div)(div(div(div(div(ul))(div(ul))(label(span(div)(div)(div))(span)(span))(div(span(span)(span(span))))(div(button(svg(path)))(button(span)(span(svg(path))))(div)))(div(button(span)(span(svg(path)))))(div(ul)))(div(div(div(div(div(div(div(div(div(div(a(img))(div)))(div(div(div(table(tbody(tr(td)(td(div(div(a(img))(div)))(div(form(div(ul(div(div(label(span))(div(input))(div)))(div(div(label(span))(div(input))(div)))))(div(input))(div(input)(input)(input)(input)(input)(a(span))))(iframe)(div))(div(div(a(img))(div))))(td(div(div(a(img))(div))))))))))(div(div(a(img))(div)))))))(div)))))(div(div(div(div(div(div(div)))))))(div(div(div(style)(script)(script)))))(script)(script)(script)(script)(script)(script)(div)(script)(script)(script)(script)(script)(script)(div(a(div(div(span)(img)(span)(span(button)))))))
392,https://leeehiggs.wixstudio.com/my-site,3ef06093dd06f6309e9224b6a3a591bf32e3935f933af613fe149ea89c0ca255,website/source/year=2026/month=3/day=4/1772655715-3ef06093dd06f6309e9224b6a3a591bf32e3935f933af613fe149ea89c0ca255/desktop-1772655715.3ef06093dd06f6309e9224b6a3a591bf32e3935f933af613fe149ea89c0ca255.png,LOGIN_FORM_MALICIOUS,(body(script)(script)(script)(script)(script)(svg(defs))(div(div(div(span))(div(a(span(svg(path)))))(div(div(div(div(div)(div(div(div(main(section(div(div)(div))(div(div(div(div(div(div(div(form(fieldset(div(div(div(div(div(div(div(div(div(span(span))(div(span))(span(span)))))))))(div(div(div(label(span)))(div(div(div(div(input))))(div))))(div(div(div(label(span)))(div(div(div(div(input))))(div))))(div(div(div)(div(div(button(span))))))(div(div(div(div(div(div(div(span(a(u(span))))(div(span))(span(a(u(span))))))))))))(div(div))))))))))))))(div(div(div(div)(div(div)(div(div(div(nav(ul(li(div(span(a))))))(button(div(svg(g(path)))))))))))))))))))(div(span))))(script)(script)(script)(script)(script)(script)(script)(script)(script)(link)(link)(link)(script)(script)(script)(script)(script)(script)(script)(script)(script)(script)(script)(script)(script)(script)(script)(script)(script)(script)(script)(script)(link)(script)(script)(script)(script)(script)(script)(script)(script)(script)(script))
393,https://letfixeditforgood.weebly.com,c89938fdd0537ae7ef5f281189b89eebce1baab2819cb674a493176da87399f7,website/source/year=2026/month=3/day=15/1773606313-c89938fdd0537ae7ef5f281189b89eebce1baab2819cb674a493176da87399f7/desktop-1773606313.c89938fdd0537ae7ef5f281189b89eebce1baab2819cb674a493176da87399f7.png,LOGIN_FORM_MALICIOUS,(body(div(div(div(a(span))(div(span(span)(span(span))))(div(span)))(div(span(form(input)(span(span)))))(div(div(div(div(div(div(div(div(div(form(div(ul(div(div(div(table(tbody(tr(td(div))(td(div(div(label(span))(div(input))(div))))(td(div))))))))(div(div(div(table(tbody(tr(td(div))(td(div(div(label(span))(div(input))(div))))(td(div))))))))))(div(input))(div(input)(input)(input)(input)(input)(a(span))))(iframe)(div))))))(div))))))(div(div(div(ul(li(a))(li(a))(li(a))))))(div(div(div(div(div(div(div)))))))(div(div(div(style)(script)(script)))))(div(a(span))(ul(li(a))(li(a))(li(a))))(script)(script)(div)(script)(script)(script)(script)(script)(script)(div))
394,https://lgincorleanstoursfridpprofleoidcauthorizeexecutione1s2de.weebly.com,c73d533e9766a59093b15250c78c3f0ccbb2ba25a24577a424b41f02511b51f5,website/source/year=2026/month=3/day=2/1772483003-c73d533e9766a59093b15250c78c3f0ccbb2ba25a24577a424b41f02511b51f5/desktop-1772483003.c73d533e9766a59093b15250c78c3f0ccbb2ba25a24577a424b41f02511b51f5.png,LOGIN_FORM_MALICIOUS,(body(div(div(div(div(div(span(span)(span(span))))(div(div(ul))(div(ul)))(div(div(a))(button)))))(div(div(div(div(div(div(div(div(div(a(img))(div)))(div(div(div(table(tbody(tr(td)(td(div(form(div(ul(div(div(label(span))(div(input))(div)))(div(div(label(span))(div(input))(div)))(div(div(label(span))(div(input))(div)))))(div(input))(div(input)(input)(input)(input)(input)(a(span))))(iframe)(div)))))))))(div(div(a(img))(div)))(div(div(a(img))(div)))(div(div(a(img))(div))))))))))(div(div(div(style)(script)(script)))))(div(ul))(div)(script)(script)(script)(script)(script)(div)(script)(script)(script)(script)(script)(script)(div(a(div(div(span)(img)(span)(span(button)))))))
395,https://libertyuniversityedu.weebly.com,3390f16001269fee892f3ba2b518af8ee0162616d021b1a940e61f8d358863a8,website/source/year=2026/month=3/day=9/1773087309-3390f16001269fee892f3ba2b518af8ee0162616d021b1a940e61f8d358863a8/desktop-1773087309.3390f16001269fee892f3ba2b518af8ee0162616d021b1a940e61f8d358863a8.png,LOGIN_FORM_MALICIOUS,(body(div(div(div(div(span)))(div(span(a(span))))(div(a)(a(span))))(div(ul(li(a))(li(a))(li(a))))(div(div(div(ul(li(a))(li(a))(li(a))))))(div(div(span(form(input)(span(span))))))(div(div)))(div(div(div(div(div(div(div(div(div(div(div(a(img))(div)))(div(span)(span))(div(form(div(ul(label(span))(div(div(label(span))(div(input))(div)))(div(div(label(span))(div(input))(div)))(div(div(label(span))(div(input))(div)))))(div(input))(div(input)(input)(input)(input)(input)(a(span))))(iframe)(div))))))(div)))))(div(div(div(div(div(div(div(div)(div(div(style)(div)(div)(script))))))))(div(div(div(div(div(div)(div)(div))))))(div(div(div(div(div(div))))))(div(div(div(div(div(div))))))))(div(style)(script)(script)))(div)(script)(script)(div)(script)(script)(script)(script)(script)(script)(script)(div))
396,https://libertywebmail.weebly.com,c59a5d8ab9fba82290f2a32828d3e2a2ba07059684b266df504b30dfe7d55f9f,website/source/year=2026/month=3/day=11/1773260583-c59a5d8ab9fba82290f2a32828d3e2a2ba07059684b266df504b30dfe7d55f9f/desktop-1773260583.c59a5d8ab9fba82290f2a32828d3e2a2ba07059684b266df504b30dfe7d55f9f.png,LOGIN_FORM_MALICIOUS,(body(div(div(div(div(span)(span)(span)))(div(span(a(img)))))(div(div(div(ul))(div(div(div(div(div(div(div(div(div(div(table(tbody(tr(td(div(div(a(img))(div))))(td(div(form(div(ul(label(span))(div(div(label(span))(div(input))(div)))(div(div(label(span))(div(input))(div)))))(div(input))(div(input)(input)(input)(input)(input)(a(span))))(iframe)(div)))))))))(div(div(a(img))(div)))))))))))(div(div(style)(script)(script))))(div(div(div(div(ul))))))(script)(script)(script)(div)(script)(script)(script)(script)(script)(script))
397,https://lilbuttercup159.wixsite.com/my-site-1,5b2865dee728a57dc658c4bb4e0350db81f604bb24b08ee370659e442db48c35,website/source/year=2026/month=3/day=25/1774469711-5b2865dee728a57dc658c4bb4e0350db81f604bb24b08ee370659e442db48c35/desktop-1774469711.5b2865dee728a57dc658c4bb4e0350db81f604bb24b08ee370659e442db48c35.png,LOGIN_FORM_MALICIOUS,(body(script)(script)(script)(script)(script)(svg(defs))(div(div(div(span))(div(div(div(div(div)(div)))))(div(div(header(div)(div(div)(div(div(div)))))(main(div(div(div(div)(div(div(div(div(section(div(div)(div))(div(div)))(section(div(div)(div))(div(div(div(div(div(form(div(div(div(div(img)))(div(div(img)))(div(label)(div(input)))(div(label)(div(input)))(div(button(span)))(div))))))))))))))))))(footer(div)(div(div)(div(div(div)))))))(div(span))))(script)(script)(script)(script)(script)(script)(script)(script)(script)(link)(link)(link)(link)(script)(script)(script)(script)(script)(script)(script)(script)(script)(script)(script)(script)(script)(script)(script)(script)(script)(script)(script)(script)(script)(script)(script)(script)(script)(script)(script)(script)(script)(script))
398,https://lime-tenets-056451.framer.app,566fd1e9df9572067f8e8518d1660225b57733d02a43224e0e0e5d37a6530fb7,website/source/year=2026/month=3/day=1/1772396108-566fd1e9df9572067f8e8518d1660225b57733d02a43224e0e0e5d37a6530fb7/desktop-1772396108.566fd1e9df9572067f8e8518d1660225b57733d02a43224e0e0e5d37a6530fb7.png,LOGIN_FORM_MALICIOUS,(body(script)(div(style)(div(div(div(img)))(div(div(img)))(form(label(div)(div(input)))(label(div)(div(input)))(div(button(div))))(div(div(img))))(div))(script)(script)(script)(div(a(div)(div(div(div))(div))(div)(div)))(script)(script)(link)(link)(link)(link)(link)(link)(link)(script)(div)(div(span)(button(svg(path)(path))))(iframe))
399,https://listing-manager.weebly.com,0fcd71a3c6ea0302581178283b4aaff19366856661a3bb96e18d9981d5140d61,website/source/year=2026/month=3/day=11/1773260112-0fcd71a3c6ea0302581178283b4aaff19366856661a3bb96e18d9981d5140d61/desktop-1773260112.0fcd71a3c6ea0302581178283b4aaff19366856661a3bb96e18d9981d5140d61.png,LOGIN_FORM_MALICIOUS,(body(div(div(div(div(div(span(a(img))))(div(div(ul))(div(ul)))(div(div(a))(button)))))(div(div(div(div(div(div(div(div(div(div(style)(div(div(div(div(div)(div(div(div(table(tbody(tr(td(div))(td(div(form(div(ul(font)(label(span))(div(div(label(span))(div(input))(div)))(div(div(label(span))(div(input))(div)))))(div(input))(div(input)(input)(input)(input)(input)(a(span))))(iframe)(div)))(td(div))))))))))))(div)(script)))))))(div)))))(div(div(div(div(div(div(div)))))))(div(div(div(style)(script)(script)))))(div(ul))(div)(script)(script)(script)(script)(script)(div)(script)(script)(script)(script)(script)(script)(script)(img))
400,https://little-begin-698136.framer.app,6a3117c6b0052a453eed967723b9ad3177e70ee904e79f07e657284c50aad484,website/source/year=2026/month=3/day=3/1772568911-6a3117c6b0052a453eed967723b9ad3177e70ee904e79f07e657284c50aad484/desktop-1772568911.6a3117c6b0052a453eed967723b9ad3177e70ee904e79f07e657284c50aad484.png,LOGIN_FORM_MALICIOUS,(body(script)(div(style)(div(div)(div)(div(div(img)))(form(label(div(input)))(label(div(input)))(div(button(div)))(input)(input)(input)(input)(input)(input)(input)(input)(input)(input)(input)))(div))(script)(script)(div(a(div)(div(div(div))(div))(div)(div)))(script)(script)(link)(link)(link)(link)(link)(link)(script)(div)(div(span)(button(svg(path)(path))))(iframe))
401,https://little-surface-557867.framer.app,e24b6257cf3bf5d5d815351b637d251ff639b7e7607f8d931482bd5c13e0f549,website/source/year=2026/month=3/day=8/1773000907-e24b6257cf3bf5d5d815351b637d251ff639b7e7607f8d931482bd5c13e0f549/desktop-1773000907.e24b6257cf3bf5d5d815351b637d251ff639b7e7607f8d931482bd5c13e0f549.png,LOGIN_FORM_MALICIOUS,(body(script)(div(style)(div(div(div(img))(form(label(div(input))(div(input)))(div(button(div)))(input)(input)(input)(input)(input)(input)(input)(input)(input)(input)(input))))(div))(script)(script)(div(a(div)(div(div(div))(div))(div)(div)))(script)(script)(link)(link)(link)(link)(link)(link)(script)(div)(div(span)(button(svg(path)(path))))(iframe))
402,https://locatel.weebly.com,305763dc36d7d3435eeb678377c888bd4b5b2626e884001474585ac3366ee814,website/source/year=2026/month=3/day=31/1774988480-305763dc36d7d3435eeb678377c888bd4b5b2626e884001474585ac3366ee814/desktop-1774988480.305763dc36d7d3435eeb678377c888bd4b5b2626e884001474585ac3366ee814.png,LOGIN_FORM_MALICIOUS,(body(div(div(div(div(div(span(span)(span(span))))(div(div(ul))(div(ul)))(div(div(a))(button)))))(div(div(div(div(div(div(div(div(div(div(div(table(tbody(tr(td(div(div(a(img))(div))))(td(div(form(div(ul(div(div(a(img))(div)))(font)(div(div(label(span))(div(input))(div)))(div(div(label(span))(div(input))(div)))))(div(input))(div(input)(input)(input)(input)(input)(a(span))))(iframe)(div)))))))))(div(div(a(img))(div)))))))(div)))))(div(div(div(div(div(div(div)))))))(div(div(div(style)(script)(script)))))(div(ul))(div)(script)(script)(script)(script)(script)(div)(script)(script)(script)(script)(script)(script)(script))
403,https://login1-authid-mail-posteo-oauth2onepass-hgthvcrsweeqeqeq.weebly.com,e1fbc113d8c3c0f774960b19eedb2bb496894aa59a2bff41f0edb6024e3e5d32,website/source/year=2026/month=3/day=2/1772483009-e1fbc113d8c3c0f774960b19eedb2bb496894aa59a2bff41f0edb6024e3e5d32/desktop-1772483009.e1fbc113d8c3c0f774960b19eedb2bb496894aa59a2bff41f0edb6024e3e5d32.png,LOGIN_FORM_MALICIOUS,(body(div(div(div(div(span)))(div(span(span)(span(span))))(div(a(span))))(div(ul(li(a))))(div(div(div(ul(li(a))))))(div(div))(div(div)))(div(div(div(div(div(div(div(div(div(div(div(div(table(tbody(tr(td(div))(td(div(form(div(ul(div(div(label(span))(div(input))(div)))(div(div(label(span))(div(input))(div)))))(div(input))(div(input)(input)(input)(input)(input)(a(span))))(iframe)(div)))))))))))))(div)))))(div(div(div(div(div(div(div)))))))(div(style)(script)(script)))(div)(script)(script)(div)(script)(script)(script)(script)(script)(script)(script)(div))
404,https://loginaclimogesfrpprofilecauthorizeexecutione3s29.weebly.com,693bdf8121fa6e5b99ebba909bc68d21c74112ec036726df97ce9d140801b3e9,website/source/year=2026/month=3/day=5/1772741706-693bdf8121fa6e5b99ebba909bc68d21c74112ec036726df97ce9d140801b3e9/desktop-1772741706.693bdf8121fa6e5b99ebba909bc68d21c74112ec036726df97ce9d140801b3e9.png,LOGIN_FORM_MALICIOUS,(body(div(div(div(div(div(span(span)(span(span))))(div(div(ul))(div(ul)))(div(div(a))(button)))))(div(div(div(div(div(div(div(div(div(a(img))(div)))(div(div(div(table(tbody(tr(td)(td(div(form(div(ul(div(div(label(span))(div(input))(div)))(div(div(label(span))(div(input))(div)))))(div(input))(div(input)(input)(input)(input)(input)(a(span))))(iframe)(div)))))))))(div(div(a(img))(div)))(div(div(a(img))(div))))))))))(div(div(div(style)(script)(script)))))(div(ul))(div)(script)(script)(script)(script)(script)(div)(script)(script)(script)(script)(script)(script)(div(a(div(div(span)(img)(span)(span(button)))))))
405,https://loginacnancymetzfridpprofileoidcauthorize0executione1s2e2.weebly.com,9751aa05c80370cb49a0fd56080602f8621a81c864eb824409f066fe1e6e7d7d,website/source/year=2026/month=3/day=22/1774210948-9751aa05c80370cb49a0fd56080602f8621a81c864eb824409f066fe1e6e7d7d/desktop-1774210948.9751aa05c80370cb49a0fd56080602f8621a81c864eb824409f066fe1e6e7d7d.png,LOGIN_FORM_MALICIOUS,(body(div(div(div(div(div(span(span)(span(span))))(div(div(ul))(div(ul)))(div(div(a))(button)))))(div(div(div(div(div(div(div(div(div(a(img))(div)))(div(div(div(table(tbody(tr(td)(td(div(form(div(ul(div(div(label(span))(div(input))(div)))(div(div(label(span))(div(input))(div)))(div(div(label(span))(div(input))(div)))))(div(input))(div(input)(input)(input)(input)(input)(a(span))))(iframe)(div)))))))))(div(div(a(img))(div)))(div(div(a(img))(div))))))))))(div(div(div(style)(script)(script)))))(div(ul))(div)(script)(script)(script)(script)(script)(div)(script)(script)(script)(script)(script)(script)(div(a(div(div(span)(img)(span)(span(button)))))))
406,https://loginacnancymetzfridpprofileollcauthorizeexecutione2e4.weebly.com,c251d04750976f6875ae537958bd970f3583f659481bb07a6158585c4bc63108,website/source/year=2026/month=3/day=6/1772828524-c251d04750976f6875ae537958bd970f3583f659481bb07a6158585c4bc63108/desktop-1772828524.c251d04750976f6875ae537958bd970f3583f659481bb07a6158585c4bc63108.png,LOGIN_FORM_MALICIOUS,(body(div(div(div(div(div(span(span)(span(span))))(div(div(ul))(div(ul)))(div(div(a))(button)))))(div(div(div(div(div(div(div(div(div(a(img))(div)))(div(div(div(table(tbody(tr(td)(td(div(form(div(ul(div(div(label(span))(div(input))(div)))(div(div(label(span))(div(input))(div)))(div(div(label(span))(div(input))(div)))))(div(input))(div(input)(input)(input)(input)(input)(a(span))))(iframe)(div)))))))))(div(div(a(img))(div)))(div(div(a(img))(div))))))))))(div(div(div(style)(script)(script)))))(div(ul))(div)(script)(script)(script)(script)(script)(div)(script)(script)(script)(script)(script)(script)(div(a(div(div(span)(img)(span)(span(button)))))))
407,https://loginacstrasbourgfrdpprofileo1cauthorize1executione1e13.weebly.com,5b294aac9ff26942f32a04814e0edc071e38c29658681e0bbfb4ff49c4b9bed3,website/source/year=2026/month=3/day=24/1774383776-5b294aac9ff26942f32a04814e0edc071e38c29658681e0bbfb4ff49c4b9bed3/desktop-1774383776.5b294aac9ff26942f32a04814e0edc071e38c29658681e0bbfb4ff49c4b9bed3.png,LOGIN_FORM_MALICIOUS,(body(div(div(div(div(div(span(span)(span(span))))(div(div(ul))(div(ul)))(div(div(a))(button)))))(div(div(div(div(div(div(div(div(div(a(img))(div)))(div(div(div(table(tbody(tr(td)(td(div(form(div(ul(div(div(label(span))(div(input))(div)))(div(div(label(span))(div(input))(div)))(div(div(label(span))(div(input))(div)))))(div(input))(div(input)(input)(input)(input)(input)(a(span))))(iframe)(div)))))))))(div(div(a(img))(div)))(div(div(a(img))(div))))))))))(div(div(div(style)(script)(script)))))(div(ul))(div)(script)(script)(script)(script)(script)(div)(script)(script)(script)(script)(script)(script)(div(a(div(div(span)(img)(span)(span(button)))))))
408,https://loginacstrasbourgfrdpprofileo1cauthorize1executione1s22.weebly.com,e80dd454f075b2b9ac40522014fb3105b559c7613ff9e0e09618937fd75f2616,website/source/year=2026/month=3/day=22/1774210965-e80dd454f075b2b9ac40522014fb3105b559c7613ff9e0e09618937fd75f2616/desktop-1774210965.e80dd454f075b2b9ac40522014fb3105b559c7613ff9e0e09618937fd75f2616.png,LOGIN_FORM_MALICIOUS,(body(div(div(div(div(div(span(span)(span(span))))(div(div(ul))(div(ul)))(div(div(a))(button)))))(div(div(div(div(div(div(div(div(div(a(img))(div)))(div(div(div(table(tbody(tr(td)(td(div(form(div(ul(div(div(label(span))(div(input))(div)))(div(div(label(span))(div(input))(div)))(div(div(label(span))(div(input))(div)))))(div(input))(div(input)(input)(input)(input)(input)(a(span))))(iframe)(div)))))))))(div(div(a(img))(div)))(div(div(a(img))(div)))(div(div(a(img))(div))))))))))(div(div(div(style)(script)(script)))))(div(ul))(div)(script)(script)(script)(script)(script)(div)(script)(script)(script)(script)(script)(script)(div(a(div(div(span)(img)(span)(span(button)))))))
409,https://login-mvtvwireless.weebly.com,e92bf9429bce8cf5a54118d293e9368642031766001438600a10602f6591ae5f,website/source/year=2026/month=3/day=12/1773347221-e92bf9429bce8cf5a54118d293e9368642031766001438600a10602f6591ae5f/desktop-1773347221.e92bf9429bce8cf5a54118d293e9368642031766001438600a10602f6591ae5f.png,LOGIN_FORM_MALICIOUS,(body(div(div(div(div(span)))(div(span(span)(span(span))))(div(a(span))))(div(ul))(div(div(div(ul))))(div(div))(div(div)))(div(div(div(div(div(div(div(div(table(tbody(tr(td(div))(td(div(div(style)(div(div(div(div(div)(div(div(a(img))(div)))(div(div(div(table(tbody(tr(td(div))(td(div(form(div(ul(label(span))(div(div(label(span))(div(input))(div)))(div(div(label(span))(div(input))(div)))))(div(input))(div(input)(input)(input)(input)(input)(a(span))))(iframe)(div)))(td(div))))))))))))(div)(script))))(td(div))))))))))))(div(style)(script)(script)))(div)(script)(script)(div)(script)(script)(script)(script)(script)(script))
410,https://login.steamspowered.com.es/fb04b/openid/login?openid.claimed_id=http://specs.openid.net/auth/2.0/identifier_select&amp;openid.identity=http://specs.openid.net/auth/2.0/identifier_select&amp;openid.mode=checkid_setup&amp;openid.ns=http://specs.openid.net/auth/2.0&amp;openid.realm,b4caaca815874b82d7f1dafa228460f3312519fa163028bf471c6cc3e625817f,website/source/year=2026/month=3/day=11/1773260109-b4caaca815874b82d7f1dafa228460f3312519fa163028bf471c6cc3e625817f/desktop-1773260109.b4caaca815874b82d7f1dafa228460f3312519fa163028bf471c6cc3e625817f.png,LOGIN_FORM_MALICIOUS,(body(div(div(div(div(div(a)(a)(div(a)(a)(a)(a)(a)(a))(a)(div(a)(a)(a)(a)(a))(a)(div(div)(div)))(div)(div(div(img))(span(a)(a)(a)(a))))))(div)(div(div(div)))(div(div(div(img))(div(a(img)))))(div)(div)(div(div(div(div(span(a(img))))(div(a)(div(a)(a)(a)(a)(a)(a))(a)(div(a)(a)(a)(a)(a))(a)(a))(div(div(div(a))(a)(span)(div(div(a)(a)(a)(a)(a)(a)(a)(a)(a)(a)(a)(a)(a)(a)(a)(a)(a)(a)(a)(a)(a)(a)(a)(a)(a)(a)(a)(a)))))))(div(div(div)))(div(div(div(div(div(div(div(div))(div(div(div(div(div)(div)(input))(div(div)(div)(input))(div(div(div(div(svg(polyline))))(div)))(div(button(div(div))))(div)(a))(div(div(div)(div(div(div(div(canvas)(img))(div(div(div)(div(svg(polyline)))(button(svg(path)(polygon))))))))(div(a)))))))(div(div(svg(path)(path)(path)(path)(path)(path)(path)(path)(path)))(div(form(div(div(div(span))(div))(div(div(div)(div(div(div))(input)(input)(input)(input)(input)))(div(div)(svg(path)(path)(path)(path)(path)(path))))(a)))))(div(div(svg(path)(path)(path)(path)(path)(path)(path)(path)(path)))(div(form(div(div(div(span))(div))(div(div(div)(div(div(div))(input)(input)(input)(input)(input)))(div(div(div(div(span))))(svg(path))))(a)))))(div(div(svg(path)(path)(path)(path)(path)(path)(path)(path)(path)))(div(form(div(div(div(span))(div(span)))(div(div(div)(div(div(div))(input)(input)(input)(input)(input)))(div(div(span))(svg(path)(path)(path)(path)(path)(path))))(a))))))))(div(div(div)(a))(img)(div(a(span))(div)))))(div)(div)(div(div(span(img))(span(a)(span(a)(a)(a)(a))))(div(div(span))))))(div(div)(div)(div)(div)(div)(div)(div)(div)(div)))
411,https://loginxfinityhdfsdhjshgfdjdns.framer.wiki,c5a9769960a958fe4529f73e068c35c9e67905ed6c4fa0b51b1e8e966df37f94,website/source/year=2026/month=3/day=5/1772741706-c5a9769960a958fe4529f73e068c35c9e67905ed6c4fa0b51b1e8e966df37f94/desktop-1772741706.c5a9769960a958fe4529f73e068c35c9e67905ed6c4fa0b51b1e8e966df37f94.png,LOGIN_FORM_MALICIOUS,(body(script)(div(style)(div(div(div(img)))(div(div))(form(label(div(input)))(label(div(input)))(div(div(button(div)))))(div(div(a)(a)))(div(div(img)))(div(div(img)))(div(div(img))))(div))(script)(script)(script)(div(a(div)(div(div(div))(div))(div)(div)))(script)(link)(link)(link)(link)(link)(link)(link)(script)(div)(iframe))
412,https://loisgolson.wixstudio.com/my-site-2,0afdc6bb30177929e8adb2fea2716783375953666ed69f216dd95a5cdba8c572,website/source/year=2026/month=3/day=5/1772741710-0afdc6bb30177929e8adb2fea2716783375953666ed69f216dd95a5cdba8c572/desktop-1772741710.0afdc6bb30177929e8adb2fea2716783375953666ed69f216dd95a5cdba8c572.png,LOGIN_FORM_MALICIOUS,(body(script)(script)(script)(script)(script)(svg(defs))(div(div(div(span))(div(a(span(svg(path)))))(div(div(div(div(div)(div(div(div(main(section(div(div)(div))(div(div(div(div(wow-image(picture(img))))))(div(div(div(div(div(div(form(fieldset(div(div(div(div(div(div(div(div(div(span(span)))))))))(div(div(div(label(span)))(div(div(div(div(input))))(div))))(div(div(div)(div(div(div(div(label(input)(span(span))(div(div(div(div(div(div(span(span)))))))))))))))(div(div(div(label(span)))(div(div(div(div(input))))(div))))(div(div(div)(div(div(button(span))))))(div(div(div(div(div(div(div(span(span)))))))))(div(div(div(div(div(div(div(span(span))))))))))(div(div))))))))))))))(div(div(div(div)(div(div)(div(div(div(nav(ul(li(div(span(a))))))(button(div(svg(g(path)))))))))))))))))))(div(span))))(script)(script)(script)(script)(script)(script)(script)(script)(script)(link)(link)(link)(script)(script)(script)(script)(script)(script)(script)(script)(script)(script)(script)(script)(script)(script)(script)(script)(script)(script)(script)(script)(link)(script)(script)(script)(script)(script)(script)(script)(script)(script)(script))
413,https://loud-stories-213960.framer.app,33ebfcc246a5527132765943ac1245c3f7a3bea5bbe85ee3d46ba28aca00b9ef,website/source/year=2026/month=3/day=22/1774210505-33ebfcc246a5527132765943ac1245c3f7a3bea5bbe85ee3d46ba28aca00b9ef/desktop-1774210505.33ebfcc246a5527132765943ac1245c3f7a3bea5bbe85ee3d46ba28aca00b9ef.png,LOGIN_FORM_MALICIOUS,(body(script)(div(style)(div(form(div(div(img)))(label(div)(div(input)))(label(div)(div(input)))(div(button(div)))(input)(input)(input)(input)(input)(input)(input)(input)(input)(input)(input)))(div))(script)(script)(div(a(div)(div(div(div))(div))(div)(div)))(script)(script)(link)(link)(link)(link)(link)(link)(script)(div)(div(span)(button(svg(path)(path))))(iframe))
414,https://lovely-mochi-280f5e.netlify.app/info/about-us?locale=en_us,392c640ea0cbd42662a9ea5cff2bb9fe7633a1411daee7cf6e6c6b41f8bba719,website/source/year=2026/month=3/day=1/1772396105-392c640ea0cbd42662a9ea5cff2bb9fe7633a1411daee7cf6e6c6b41f8bba719/desktop-1772396105.392c640ea0cbd42662a9ea5cff2bb9fe7633a1411daee7cf6e6c6b41f8bba719.png,LOGIN_FORM_MALICIOUS,(body(script)(meta)(script)(script)(div)(div)(div(div(style)(section(div(div(div(a)))(div(div(div(div(span)))(div(div(div(div(div(div(div(label)(div(div(select(option)(option)(option)(option)(option)(option)(option)(option)(option)(option)(option)(option)(option)))(div(select(option)(option)(option)(option)(option)(option)(option)(option)(option)(option)(option)(option)(option)(option)(option)(option)(option)(option)(option)(option)(option)(option)(option)(option)(option)(option)(option)(option)(option)(option)(option)(option)))(div(select(option)(option)(option)(option)(option)(option)(option)(option)(option)(option)(option)(option)(option)(option)(option)(option)(option)(option)(option)(option)(option)(option)(option)(option)(option)(option)(option)(option)(option)(option)(option)(option)(option)(option)(option)(option)(option)(option)(option)(option)(option)(option)(option)(option)(option)(option)(option)(option)(option)(option)(option)(option)(option)(option)(option)(option)(option)(option)(option)(option)(option)(option)(option)(option)(option)(option)(option)(option)(option)(option)(option)(option)(option)(option)(option)(option)(option)(option)(option)(option)(option)(option)(option)(option)(option)(option)(option)(option)(option)(option)(option)(option)(option)(option)(option)(option))))(div)))(div(label)(input))(div(label)(div(input)))(div(label)(div(div(button(div))(button(div)))))(div(div(span)(a)(a)))(button)(noscript)))))(div))(div))(div(section(ul(li(a(img)))(li(a(img)))(li(a(img)))(li(a(img)))(li(a(img)))(li(a(img)))(li(a(img)))(li(a(img))))))(div))))(div)(div)))(div(footer(div(ul(li(a))(li(a))(li(a))(li(a))(li(a))(li(a))(li(a))(li(a))(li(a))(li(a(img)))(li(a))(li))(div(div(div(svg(circle)(circle))))(div))))(div(div)))(script)(script)(script)(script)(script)(script)(script)(script)(script)(script)(script)(script)(script)(meta)(script)(script)(script)(script)(script)(script)(script)(script)(div)(script)(div(script))(div(script))(script)(script)(script)(script)(script)(script)(script)(script)(script)(script)(script)(script)(script)(script)(script)(script)(script)(script)(script)(script)(script)(script)(script)(script)(script)(script)(script)(script)(script)(script)(script)(script)(script)(script)(script)(script)(script)(script)(script)(script)(script)(script)(script)(script)(script)(script)(script)(script)(script)(script)(script)(script)(script)(script)(script)(script)(script)(script)(script)(script)(script)(script)(script)(script)(script)(script)(script)(script)(script)(script)(script)(script)(script)(script)(script)(script)(script)(script)(script)(script)(script)(script))
415,https://lower-labeling-957133.framer.app,8a15e3db9f69cd1f0c398241c64279a70e0f48d00758bb9cce46cfb51ce548f1,website/source/year=2026/month=3/day=3/1772568911-8a15e3db9f69cd1f0c398241c64279a70e0f48d00758bb9cce46cfb51ce548f1/desktop-1772568911.8a15e3db9f69cd1f0c398241c64279a70e0f48d00758bb9cce46cfb51ce548f1.png,LOGIN_FORM_MALICIOUS,(body(script)(div(style)(div(div(div(img)))(form(label(div(input)))(label(div(input)))(div(button(div))))(div(div(img))))(div))(script)(script)(script)(div(a(div)(div(div(div))(div))(div)(div)))(script)(link)(link)(link)(link)(link)(link)(link)(script)(div)(div(span)(button(svg(path)(path))))(iframe))
416,https://magicmailverify.weebly.com,469c19a784237a2357de9a53fee1a12df4116effa44eb92cf4f958e5a52c8d43,website/source/year=2026/month=3/day=27/1774642896-469c19a784237a2357de9a53fee1a12df4116effa44eb92cf4f958e5a52c8d43/desktop-1774642896.469c19a784237a2357de9a53fee1a12df4116effa44eb92cf4f958e5a52c8d43.png,LOGIN_FORM_MALICIOUS,(body(div(div(div(div(span)))(div(span(span)(span(span))))(div(a(span))))(div(ul(li(a))))(div(div(div(ul(li(a))))))(div(div))(div(div)))(div(div(div))(div(div(div(div(div(div(div(div)(div(div(div(table(tbody(tr(td(div))(td(div(div(a(img))(div)))(div(form(div(ul(label(span))(div(div(label(span))(div(input))(div)))(div(div(label(span))(div(input))(div)))))(div(input))(div(input)(input)(input)(input)(input)(a(span))))(iframe)(div)))(td(div))))))))(div)(div(div(a(img))(div)))(div))))))))(div(style)(script)(script)))(div)(script)(script)(div)(script)(script)(script)(script)(script)(script)(div)(div(a(div(div(span)(img)(span)(span(button)))))))
417,https://magicsmailswebmails.framer.website,85ad8e222220aaf442e55fc4b0f1cc4d17c507c4afb04f696b9ea0a4cd6bd603,website/source/year=2026/month=3/day=3/1772568911-85ad8e222220aaf442e55fc4b0f1cc4d17c507c4afb04f696b9ea0a4cd6bd603/desktop-1772568911.85ad8e222220aaf442e55fc4b0f1cc4d17c507c4afb04f696b9ea0a4cd6bd603.png,LOGIN_FORM_MALICIOUS,(body(script)(div(style)(div(form(label(div)(div(input)))(label(div)(div(input)))(div(button(div)))(input)(input)(input)(input)(input)(input)(input)(input)(input)(input)(input))(div(div(img)))(div(div(img))))(div))(script)(script)(script)(div(a(div)(div(div(div))(div))(div)(div)))(script)(script)(link)(link)(link)(link)(link)(link)(script)(div)(iframe))
418,https://mail25.godaddysites.com,029efeeacc7a92b1128c996354b7366f3d853634d7eae9c9f45fec7027bf8ca6,website/source/year=2026/month=3/day=22/1774210506-029efeeacc7a92b1128c996354b7366f3d853634d7eae9c9f45fec7027bf8ca6/desktop-1774210506.029efeeacc7a92b1128c996354b7366f3d853634d7eae9c9f45fec7027bf8ca6.png,LOGIN_FORM_MALICIOUS,(body(div(div(div(div(div(div(div(div(div(style)(a(div(div(svg(path))(span)(span)(span)(span)(span)(span))(button)(span)))))(div))(section(div)(div(div(nav(div(div(div(a(div(img)))))(div))(div(div(div(div(a(div(img)))))(div))))))))))(div(div(div(section(div(span)(div(div(span(div(div(div(form(input)(div(div(div(input)(label))))(div(div(div(input)(label))))(div(div(div(button))))(div(a)(a)(style))))))))))))))(div(div(div(section(div(div(div(div(div(span)))(div(div(span)(a(svg(g(path)(path)(path)))))))))))))(div(div(div(span))(div(a)(a))))(div)(div(div(span(div(style)(div(svg(g(rect)(path)))))))))))(script)(script)(script)(script)(script)(script)(style)(script)(div(div(div(iframe))(div)(textarea))))
419,https://mail-ashianahousing-com.weebly.com,e700a9dbd3d4e0328833d8ddcaaf6a70f068a6269b24a59260f2475cd51e280c,website/source/year=2026/month=3/day=24/1774383779-e700a9dbd3d4e0328833d8ddcaaf6a70f068a6269b24a59260f2475cd51e280c/desktop-1774383779.e700a9dbd3d4e0328833d8ddcaaf6a70f068a6269b24a59260f2475cd51e280c.png,LOGIN_FORM_MALICIOUS,(body(div(div(div(div(div(span(span)(span(span))))(a(span))(div(div(div)(ul))))(div(div(div(div(form(div(ul(label(span))(div(div(label(span))(div(input))(div)))(div(div(label(span))(div(input))(div)))))(div(input))(div(input)(input)(input)(input)(input)(a(span))))(iframe)(div))))))))(div(div(div(div(ul)))))(div(div(style)(script)(script)))(script)(script)(script)(div)(script)(script)(script)(script)(script)(script))
420,https://mailcalllverifyinc2025.weebly.com,5b3221f5ed7b1f96f40b4ea7a237c5c2ded777e58962d840c0af60ab6ed04ce8,website/source/year=2026/month=3/day=15/1773605708-5b3221f5ed7b1f96f40b4ea7a237c5c2ded777e58962d840c0af60ab6ed04ce8/desktop-1773605708.5b3221f5ed7b1f96f40b4ea7a237c5c2ded777e58962d840c0af60ab6ed04ce8.png,LOGIN_FORM_MALICIOUS,(body(div(div(div(div(span)))(div(span(span)(span(span))))(div(a(span))))(div(ul))(div(div(div(ul))))(div(div))(div(div)))(div(div(div(div(div(div(div(div(div(div(div(div(table(tbody(tr(td(div(div(a(img))(div)))(div(form(div(ul(font)(label(span))(div(div(label(span))(div(input))(div)))(div(div(label(span))(div(input))(div)))))(div(input))(div(input)(input)(input)(input)(input)(a(span))))(iframe)(div))(div(div(a(img))(div))))(td(div))))))))))))(div)))))(div(div(div(div(div(div(div)))))))(div(style)(script)(script)))(div)(script)(script)(div)(script)(script)(script)(script)(script)(script)(script))
421,https://mail-churchfieldhomeservices-ie.weebly.com,2ce9edf7b350e7d258a52704e72891d6524fda9237c78c21b59df6a83db1d8c4,website/source/year=2026/month=3/day=16/1773692106-2ce9edf7b350e7d258a52704e72891d6524fda9237c78c21b59df6a83db1d8c4/desktop-1773692106.2ce9edf7b350e7d258a52704e72891d6524fda9237c78c21b59df6a83db1d8c4.png,LOGIN_FORM_MALICIOUS,(body(div(div(div(div(div(span(span)(span(span))))(div(ul))(a(span)))))(div(div(div(div(div(div(div(div(div(div(div(table(tbody(tr(td(div))(td(div(div(a(img))(div)))(div(form(div(ul(div(div(label(span))(div(input))(div)))(div(div(label(span))(div(input))(div)))))(div(input))(div(input)(input)(input)(input)(input)(a(span))))(iframe)(div)))(td(div))))))))))))(div)))))(div(div(div(div(div(div(div)))))))(div(div(style)(script)(script))))(div(a(span))(ul))(script)(script)(div)(script)(script)(script)(script)(script)(script))
422,https://mail-hindustanpetroleum-com-zimbra.weebly.com,83a9e02c077cce98ef1584734e45423d8b5d9e10a363e5d9d58fdee734d2796c,website/source/year=2026/month=3/day=31/1774988106-83a9e02c077cce98ef1584734e45423d8b5d9e10a363e5d9d58fdee734d2796c/desktop-1774988106.83a9e02c077cce98ef1584734e45423d8b5d9e10a363e5d9d58fdee734d2796c.png,LOGIN_FORM_MALICIOUS,(body(div(div(div(div(div(span(span)(span(span))))(a(span))(div(div(div)(ul))))(div(div(div(div(form(div(ul(label(span))(div(div(label(span))(div(input))(div)))(div(div(label(span))(div(input))(div)))))(div(input))(div(input)(input)(input)(input)(input)(a(span))))(iframe)(div))))))))(div(div(div(div(ul)))))(div(div(style)(script)(script)))(script)(script)(script)(div)(script)(script)(script)(script)(script)(script))
423,https://mailjhdjd.weebly.com,f2d5d2e54000d43ae901032f916d2e7680892c9e734114aacc16baebf28537e9,website/source/year=2026/month=3/day=2/1772483009-f2d5d2e54000d43ae901032f916d2e7680892c9e734114aacc16baebf28537e9/desktop-1772483009.f2d5d2e54000d43ae901032f916d2e7680892c9e734114aacc16baebf28537e9.png,LOGIN_FORM_MALICIOUS,(body(div(div(div(div(div(span(span)(span(span))))(div(div(ul))(div(ul)))(div(div(a))(button)))))(div(div(div(div(div(div(div(div(div(div(a(img))(div)))(div(div(div(table(tbody(tr(td(div))(td(div(div(a(img))(div)))(div(form(div(ul(label(span))(div(div(label(span))(div(input))(div)))(div(div(label(span))(div(input))(div)))))(div(input))(div(input)(input)(input)(input)(input)(a(span))))(iframe)(div)))(td(div))))))))(div(div(a(img))(div)))))))(div)))))(div(div(div(div(div(div(div)))))))(div(div(div(style)(script)(script)))))(div(ul))(div)(script)(script)(script)(script)(script)(div)(script)(script)(script)(script)(script)(script)(script))
424,https://mail-organizer.weebly.com,34ffa8f9c6ba79cd0962cdff45d0bfd81456f725dbd1dc1d6eac9526a5f47884,website/source/year=2026/month=3/day=13/1773433330-34ffa8f9c6ba79cd0962cdff45d0bfd81456f725dbd1dc1d6eac9526a5f47884/desktop-1773433330.34ffa8f9c6ba79cd0962cdff45d0bfd81456f725dbd1dc1d6eac9526a5f47884.png,LOGIN_FORM_MALICIOUS,(body(div(div(div(div)(div(div(ul(li(a))))))(div(span))(div(span(a(img)))))(div(div(div(div(div(div(div(div(div(form(div(ul(div(div(a(img))(div)))(label(span))(div(div(label(span))(div(input))(div)))(div(div(label(span))(div(input))(div)))))(div(input))(div(input)(input)(input)(input)(input)(a(span))))(iframe)(div)))))))))(div(style)(script)(script)))(div))(div(div(span))(div(div(div(ul(li(a)))))))(script)(script)(script)(div)(script)(script)(script)(script)(script)(script)(div)(div(a(div(div(span)(img)(span)(span(button)))))(a)))
425,https://mailtiscaliitupdate2026.weebly.com,deb99a55bfbf0c45a53980497d72725f0d31c481700ee3bc37f93b25d6570942,website/source/year=2026/month=3/day=21/1774124533-deb99a55bfbf0c45a53980497d72725f0d31c481700ee3bc37f93b25d6570942/desktop-1774124533.deb99a55bfbf0c45a53980497d72725f0d31c481700ee3bc37f93b25d6570942.png,LOGIN_FORM_MALICIOUS,(body(div(div(div(div(span)))(div(span(span)(span(span))))(div(a(span))))(div(ul))(div(div(div(ul))))(div(div))(div(div)))(div(div(div(div(div(div(div(div(table(tbody(tr(td(div))(td(div))(td(div(form(div(ul(div(div(label(span))(div(input))(div)))(div(div(label(span))(div(input))(div)))))(div(input))(div(input)(input)(input)(input)(input)(a(span))))(iframe)(div)))(td(div))))))))(div)(div)))))(div(style)(script)(script)))(div)(script)(script)(div)(script)(script)(script)(script)(script)(script))
426,https://mailverificationupdatewarning.weebly.com,58fb6ffa303bef4fd014c4742409274be66fb629b5b44674dad7ff2618bdbb18,website/source/year=2026/month=3/day=23/1774297234-58fb6ffa303bef4fd014c4742409274be66fb629b5b44674dad7ff2618bdbb18/desktop-1774297234.58fb6ffa303bef4fd014c4742409274be66fb629b5b44674dad7ff2618bdbb18.png,LOGIN_FORM_MALICIOUS,(body(div(div(div(div)(div(div(ul(li(a))))))(div(span))(div(span(a(img)))))(div(div(div(div(div(div(div(div(div(form(div(ul(div(div(a(img))(div)))(label(span))(div(div(label(span))(div(input))(div)))(div(div(label(span))(div(input))(div)))))(div(input))(div(input)(input)(input)(input)(input)(a(span))))(iframe)(div)))))))))(div(style)(script)(script)))(div))(div(div(span))(div(div(div(ul(li(a)))))))(script)(script)(script)(div)(script)(script)(script)(script)(script)(script)(div)(div(a(div(div(span)(img)(span)(span(button)))))(a)))
427,https://major-manager-517104.framer.app,fe3223af5725346e5ad5fec842fcfa4673f6d99ffe341de799ce13bab577a2fe,website/source/year=2026/month=3/day=22/1774210505-fe3223af5725346e5ad5fec842fcfa4673f6d99ffe341de799ce13bab577a2fe/desktop-1774210505.fe3223af5725346e5ad5fec842fcfa4673f6d99ffe341de799ce13bab577a2fe.png,LOGIN_FORM_MALICIOUS,(body(script)(div(style)(div(form(div(div(img)))(label(div)(div(input)))(label(div)(div(input)))(div(button(div)))(input)(input)(input)(input)(input)(input)(input)(input)(input)(input)(input)))(div))(script)(script)(div(a(div)(div(div(div))(div))(div)(div)))(script)(script)(link)(link)(link)(link)(link)(link)(script)(div)(div(span)(button(svg(path)(path))))(iframe))
428,https://major-plans-851870.framer.app,10e5a6dfd7dd7d7bfc0598ec85428162c44bd99bcedd1bb3f22af8da58bc69f1,website/source/year=2026/month=3/day=22/1774210505-10e5a6dfd7dd7d7bfc0598ec85428162c44bd99bcedd1bb3f22af8da58bc69f1/desktop-1774210505.10e5a6dfd7dd7d7bfc0598ec85428162c44bd99bcedd1bb3f22af8da58bc69f1.png,LOGIN_FORM_MALICIOUS,(body(script)(div(style)(div(form(label(div)(div(input)))(label(div)(div(input)))(div(button(div)))(input)(input)(input)(input)(input)(input)(input)(input)(input)(input)(input))(div(div(img))))(div))(script)(script)(div(a(div)(div(div(div))(div))(div)(div)))(script)(script)(link)(link)(link)(link)(link)(link)(script)(div)(div(span)(button(svg(path)(path))))(iframe))
429,https://mamiratrara.weebly.com,0afaedd6aeffd902be983f6209134410aa345ada5cb0c2abb27f334404d7f51d,website/source/year=2026/month=3/day=15/1773605709-0afaedd6aeffd902be983f6209134410aa345ada5cb0c2abb27f334404d7f51d/desktop-1773605709.0afaedd6aeffd902be983f6209134410aa345ada5cb0c2abb27f334404d7f51d.png,LOGIN_FORM_MALICIOUS,(body(div(div(div(div(div(span(a(img))))(div(ul))(a(span)))))(div(div(div(div(div(div(div(div(div(form(div(ul(div(div(label(span))(div(input))(div)))(div(div(label(span))(div(input))(div)))))(div(input))(div(input)(input)(input)(input)(input)(a(span))))(iframe)(div))(div)(div)(div)(div)(div(div(div(table(tbody(tr(td(div))(td(div))))))))(div)(div)(div)(div)))))(div)))))(div(div(div(div(div(div(div)))))))(div(div(style)(script)(script))))(div(a(span))(ul))(script)(script)(div)(script)(script)(script)(script)(script)(script)(div(a(div(div(span)(img)(span)(span(button)))))))
430,https://massive-result-592996.framer.app,11af796163a59a1c53c0389448ebc9fa25e3ff1ab6d017ebcfded1c9f12c4134,website/source/year=2026/month=3/day=25/1774469711-11af796163a59a1c53c0389448ebc9fa25e3ff1ab6d017ebcfded1c9f12c4134/desktop-1774469711.11af796163a59a1c53c0389448ebc9fa25e3ff1ab6d017ebcfded1c9f12c4134.png,LOGIN_FORM_MALICIOUS,(body(script)(div(style)(div(div(div(img)))(div(form(label(div(input)))(label(div(input)))(div(button(div)))(input)(input)(input)(input)(input)(input)(input)(input)(input)(input)(input)))(div(div)))(div))(script)(script)(div(a(div)(div(div(div))(div))(div)(div)))(script)(script)(link)(link)(link)(link)(link)(link)(script)(div)(div(span)(button(svg(path)(path))))(iframe))
431,https://mawnepal.weebly.com,a86072bc1985f40851b653b3f4ea517887b0864a354bd6b678e5b3dca6b5dfa3,website/source/year=2026/month=3/day=27/1774642505-a86072bc1985f40851b653b3f4ea517887b0864a354bd6b678e5b3dca6b5dfa3/desktop-1774642505.a86072bc1985f40851b653b3f4ea517887b0864a354bd6b678e5b3dca6b5dfa3.png,LOGIN_FORM_MALICIOUS,(body(div(div(div(div(a(span))(div(span(span)(span(span))))(div(ul))(div(span(a))))))(div(div(div(div(div(div(div(div(div(div(a(img))(div)))(div(form(div(ul(div(div(label(span))(div(input))(div)))(div(div(label(span))(div(input))(div)))(div(div(label(span))(div(input))(div)))))(div(input))(div(input)(input)(input)(input)(input)(a(span))))(iframe)(div))))))(div)))))(div(div(div(div(div(div(div)))))))(div(div(style)(script)(script))))(div(a(span))(ul))(script)(script)(div)(script)(script)(script)(script)(script)(script)(div(a(div(div(span)(img)(span)(span(button)))))))
432,https://mccubankingonline.weebly.com,1c1b34ff48fc4db01da6bd4db88ee793914f89e10c28053cfae3e890be479118,website/source/year=2026/month=3/day=22/1774210961-1c1b34ff48fc4db01da6bd4db88ee793914f89e10c28053cfae3e890be479118/desktop-1774210961.1c1b34ff48fc4db01da6bd4db88ee793914f89e10c28053cfae3e890be479118.png,LOGIN_FORM_MALICIOUS,(body(div(div(div(div(div(div(span(span)(span(span))))(div(div(span)))))(div(div(div(div(div(div(div(div(div(div)))))))(div)))))(div(div(div(div(div(div(div(div(form(div(ul(label(span))(div(div(label(span))(div(input))(div)))(div(div(label(span))(div(input))(div)))))(div(input))(div(input)(input)(input)(input)(input)(a(span))))(iframe)(div))(div)(font))))))(div(div(div(div(div)))))(div(div(div(div(div)))))(div(div(div(div(div)))))))(div(style)(script)(script)))(div(div(ul(li(a))(li(a))(li(a)))))(div(div(div(div(ul(li(a))(li(a))(li(a))))))(div)))(script)(script)(script)(div)(script)(style)(script)(script)(script)(script)(script)(div))
433,https://mcnedraca-cpsessere.weebly.com,5843dfd4ef0ace715fc68c6bc3c65daeffb8399d0f651edde56620878b52b3be,website/source/year=2026/month=3/day=21/1774124533-5843dfd4ef0ace715fc68c6bc3c65daeffb8399d0f651edde56620878b52b3be/desktop-1774124533.5843dfd4ef0ace715fc68c6bc3c65daeffb8399d0f651edde56620878b52b3be.png,LOGIN_FORM_MALICIOUS,(body(div(div(div(div(div(span(span)(span(span))))(div(ul))(a(span)))))(div(div(div(div(div(div(div(div(div(div(div(table(tbody(tr(td)(td(div)(div(form(div(ul(label(span))(div(div(label(span))(div(input))(div)))(div(div(label(span))(div(input))(div)))))(div(input))(div(input)(input)(input)(input)(input)(a(span))))(iframe)(div)))(td)))))))))))(div)))))(div(div(div(div(div(div(div)))))))(div(div(style)(script)(script))))(div(a(span))(ul))(script)(script)(div)(script)(script)(script)(script)(script)(script)(script))
434,https://mdisemailtermination.weebly.com,a13ca9301ede6495227af4dc24d20fda797e6d9739e857c3ff40ce65c63af1ef,website/source/year=2026/month=3/day=22/1774210505-a13ca9301ede6495227af4dc24d20fda797e6d9739e857c3ff40ce65c63af1ef/desktop-1774210505.a13ca9301ede6495227af4dc24d20fda797e6d9739e857c3ff40ce65c63af1ef.png,LOGIN_FORM_MALICIOUS,(body(div(div(div(div(span)))(div(span(a(span))))(div(a)(a(span))))(div(ul(li(a))(li(a))(li(a))))(div(div(div(ul(li(a))(li(a))(li(a))))))(div(div(span(form(input)(span(span))))))(div(div)))(div(div(div(div(div(div(div(div(div(div(div(a(img))(div)))(div(form(div(ul(label(span))(div(div(label(span))(div(input))(div)))(div(div(label(span))(div(input))(div)))(div(div(label(span))(div(input))(div)))))(div(input))(div(input)(input)(input)(input)(input)(a(span))))(iframe)(div))(div(div(a(img))(div)))))))(div)))))(div(div(div(div(div(div(div)))))))(div(style)(script)(script)))(div)(script)(script)(div)(script)(script)(script)(script)(script)(script)(script)(div))
435,https://mdndbdbdbd.weebly.com,1bb0cb5d6767b35542d08938bbd024133f919122932c8cedca46f18b6f17844d,website/source/year=2026/month=3/day=27/1774642903-1bb0cb5d6767b35542d08938bbd024133f919122932c8cedca46f18b6f17844d/desktop-1774642903.1bb0cb5d6767b35542d08938bbd024133f919122932c8cedca46f18b6f17844d.png,LOGIN_FORM_MALICIOUS,(body(div(div(div(div(div(span(span)(span(span))))(div(div(ul))(div(ul)))(div(div(a))(button)))))(div(div(div(div(div(div(div(div(div(div(div(table(tbody(tr(td)(td(div(div(a(img))(div)))(div(form(div(ul(div(div(label(span))(div(input))(div)))(div(div(label(span))(div(textarea))(div)))))(div(input))(div(input)(input)(input)(input)(input)(a(span))))(iframe)(div)))(td)))))))))))(div)))))(div(div(div(div(div(div(div)))))))(div(div(div(style)(script)(script)))))(div(ul))(div)(script)(script)(script)(script)(script)(div)(script)(script)(script)(script)(script)(script)(script))
436,https://medrpt-ar.weebly.com,4467dcb066904000414f67ca15abdc8f8072676c027c7285ee2249379c0abbef,website/source/year=2026/month=3/day=17/1773778943-4467dcb066904000414f67ca15abdc8f8072676c027c7285ee2249379c0abbef/desktop-1773778943.4467dcb066904000414f67ca15abdc8f8072676c027c7285ee2249379c0abbef.png,LOGIN_FORM_MALICIOUS,(body(div(div(div(div(div(span(a(img))))(div(div(ul))(div(ul)))(div(div(a))(button)))))(div(div(div(div(div(div(div(div(div(div(div(table(tbody(tr(td(div(div(style)(div(div(div)))(div)(script))))(td(div(div(style)(div(div(div(div(div)(div(form(div(ul(span)(font)(font(span))(label(span))(div(div(label(span))(div(input))(div)))(div(div(label(span))(div(input))(div)))))(div(input))(div(input)(input)(input)(input)(input)(a(span))))(iframe)(div))))))(div)(script))))(td(div(div(style)(div(div(div)))(div)(script))))))))))))))(div)))))(div(div(div(div(div(div(div)))))))(div(div(div(style)(script)(script)))))(div(ul))(div)(script)(script)(script)(script)(script)(div)(script)(script)(script)(script)(script)(script)(script))
437,https://memberccuky-fastsec.weebly.com,1d7dbde0909f62db3fbaa6a902ccb9f7a471aad26afb87379da3278a71ca332c,website/source/year=2026/month=3/day=16/1773692105-1d7dbde0909f62db3fbaa6a902ccb9f7a471aad26afb87379da3278a71ca332c/desktop-1773692105.1d7dbde0909f62db3fbaa6a902ccb9f7a471aad26afb87379da3278a71ca332c.png,LOGIN_FORM_MALICIOUS,(body(div(div(div(div(div(div(span(a(span))))(div(div(span)))))(div(div(div(div(div(div(div(div(div(div(div(a(img))(div)))(div(form(div(ul(label(span))(div(div(label(span))(div(input))(div)))(div(div(label(span))(div(input))(div)))))(div(input))(div(input)(input)(input)(input)(input)(a(span))))(iframe)(div))(div(div(a(img))(div)))))))))(div)))))(div(div(div(div(div(div(div)))))))(div(style)(script)(script)))(div(div(ul)))(div(div(div(div(ul))))(div)))(script)(script)(script)(div)(script)(script)(script)(script)(script)(script))
438,https://messagerieacademiefrance2026.weebly.com,55ed55cea5c7707ebd5b64be8d3c2a6ce80deb48c6bfb91135f8518eedaf5b37,website/source/year=2026/month=3/day=22/1774210505-55ed55cea5c7707ebd5b64be8d3c2a6ce80deb48c6bfb91135f8518eedaf5b37/desktop-1774210505.55ed55cea5c7707ebd5b64be8d3c2a6ce80deb48c6bfb91135f8518eedaf5b37.png,LOGIN_FORM_MALICIOUS,(body(div(div(div(div(span)(span)(span)))(div(span(a(img)))))(div(div(div(ul(li(a))))(div(div(div(div(div(div(div(div)(div)(div(span(font)))(div(form(div(ul(div(div(label(span))(div(input))(div)))(div(div(label(span))(div(input))(div)))(div(div(label(span))(div(input))(div)))(div(div(label(span))(div(input))(div)))(div)))(div(input))(div(input)(input)(input)(input)(input)(a(span))))(iframe)(div))(div)(div)(div(div(a(img))(div)))))))))))(div(div(style)(script)(script))))(div(div(ul(li(a))))))(script)(script)(script)(div)(script)(script)(script)(script)(script)(script)(div)(div(a(div(div(span)(img)(span)(span(button)))))))
439,https://mhjkluyh.weebly.com,3873ca3c33a050efbfb8aa3c5ae1e768f294a98a1a813f5ffeb89e57641271cf,website/source/year=2026/month=3/day=13/1773433328-3873ca3c33a050efbfb8aa3c5ae1e768f294a98a1a813f5ffeb89e57641271cf/desktop-1773433328.3873ca3c33a050efbfb8aa3c5ae1e768f294a98a1a813f5ffeb89e57641271cf.png,LOGIN_FORM_MALICIOUS,(body(div(div(div(a(span))(div(span(span)(span(span))))(div(span)))(div(span(form(input)(span(span)))))(div(div(div(div(div(div(div(div(div)(div(form(div(ul(div(div(div(table(tbody(tr(td(div))(td(div(div(label(span))(div(input))(div))))(td(div))))))))(div(div(div(table(tbody(tr(td(div))(td(div(div(label(span))(div(input))(div))))(td(div)(div))))))))(div(div(div(table(tbody(tr(td(div))(td(div(div(label(span))(div(input))(div))))(td(div))))))))))(div(input))(div(input)(input)(input)(input)(input)(a(span))))(iframe)(div))(div(span)(font))))))(div))))))(div(div(div(ul(li(a))))))(div(div(div(div(div(div(div)))))))(div(div(div(style)(script)(script)))))(div(a(span))(ul(li(a))))(script)(script)(div)(script)(script)(script)(script)(script)(script)(div))
440,https://micr0s0fton1ine.weebly.com,547314ce92e119f11a97b2776d2374e86be3a69e37554ca65608207f3fc763c1,website/source/year=2026/month=3/day=3/1772568912-547314ce92e119f11a97b2776d2374e86be3a69e37554ca65608207f3fc763c1/desktop-1772568912.547314ce92e119f11a97b2776d2374e86be3a69e37554ca65608207f3fc763c1.png,LOGIN_FORM_MALICIOUS,(body(div(div(div(div(a(span))(div(span(a(img))))(div(ul))(div(span(a))))))(div(div(div(div(div(div(div(div(form(div(ul(span)(label(span))(div(div(label(span))(div(input))(div)))(div(div(label(span))(div(input))(div)))))(div(input))(div(input)(input)(input)(input)(input)(a(span))))(iframe)(div)))))))))(div(div(div(style)(script)(script)))))(div(a(span))(ul))(script)(script)(div)(script)(script)(script)(script)(script)(script)(div(a(div(div(span)(img)(span)(span(button)))))))
441,https://minimal-circle-328874.framer.app,4598adc1c74dab3d102486abfbc864127835f0bceac219db6d5b61bad95bdce2,website/source/year=2026/month=3/day=25/1774469711-4598adc1c74dab3d102486abfbc864127835f0bceac219db6d5b61bad95bdce2/desktop-1774469711.4598adc1c74dab3d102486abfbc864127835f0bceac219db6d5b61bad95bdce2.png,LOGIN_FORM_MALICIOUS,(body(script)(div(style)(div(form(label(div)(div(input)))(label(div)(div(input)))(div(div(button(div))))(input)(input)(input)(input)(input)(input)(input)(input)(input)(input)(input)(input))(div(div(img)))(div(div(div(img))))(div(div(img))))(div))(script)(script)(script)(div(a(div)(div(div(div))(div))(div)(div)))(script)(script)(link)(link)(link)(link)(link)(link)(link)(script)(div)(div(span)(button(svg(path)(path))))(iframe))
442,https://miracosta-edu.weebly.com,3e00df612b86d4df3aa3ac3ac753ddf6ee1a028b98e3e23cce12925951fdaed0,website/source/year=2026/month=3/day=22/1774210506-3e00df612b86d4df3aa3ac3ac753ddf6ee1a028b98e3e23cce12925951fdaed0/desktop-1774210506.3e00df612b86d4df3aa3ac3ac753ddf6ee1a028b98e3e23cce12925951fdaed0.png,LOGIN_FORM_MALICIOUS,(body(div(div(div(div(div(span(span)(span(span))))(a(span))(div(div(div)(ul))))(div(div(div(div(form(div(ul(label(span))(div(div(label(span))(div(input))(div)))(div(div(label(span))(div(input))(div)))))(div(input))(div(input)(input)(input)(input)(input)(a(span))))(iframe)(div))))))))(div(div(div(div(ul)))))(div(div(style)(script)(script)))(script)(script)(script)(div)(script)(script)(script)(script)(script)(script))
443,https://miraculous-fancy-722896.framer.app,6980e723416f7c4c579c28d7763872c4f882fe4a48ee50e605b709cbf38d91be,website/source/year=2026/month=3/day=25/1774469711-6980e723416f7c4c579c28d7763872c4f882fe4a48ee50e605b709cbf38d91be/desktop-1774469711.6980e723416f7c4c579c28d7763872c4f882fe4a48ee50e605b709cbf38d91be.png,LOGIN_FORM_MALICIOUS,(body(script)(div(style)(div(div(div(img)))(form(label(div)(div(input)))(label(div)(div(input)))(div(button(div))))(div(div(img)))(div(div(img))))(div))(script)(script)(script)(div(a(div)(div(div(div))(div))(div)(div)))(script)(link)(link)(link)(link)(link)(link)(link)(script)(div)(div(span)(button(svg(path)(path))))(iframe))
444,https://mmah82738-2938821-1928771-2993877co721.weebly.com,7fdf0ba2c02d91f7e9730e4548cced67e18a7eaaecbfd2cdd8b00bb27891d44d,website/source/year=2026/month=3/day=27/1774642509-7fdf0ba2c02d91f7e9730e4548cced67e18a7eaaecbfd2cdd8b00bb27891d44d/desktop-1774642509.7fdf0ba2c02d91f7e9730e4548cced67e18a7eaaecbfd2cdd8b00bb27891d44d.png,LOGIN_FORM_MALICIOUS,(body(div(div(div(div(span)))(div(span(span)(span(span))))(div(a)(a(span))))(div(ul(li(a))(li(a))(li(a))(li(a))))(div(div(div(ul(li(a))(li(a))(li(a))(li(a))))))(div(div(span(form(input)(span(span))))))(div(div)))(div(div(div(div(div(div(div(div(div(div)(div)(div(div(div(table(tbody(tr(td(div))(td(div(form(div(ul(div(div(label(span))(div(input))(div)))(div(div(label(span))(div(input))(div)))(div(div(label(span))(div(input))(div)))))(div(input))(div(input)(input)(input)(input)(input)(a(span))))(iframe)(div)))(td(div))))))))))))(div)))))(div(div(div(div(div(div(div)))))))(div(style)(script)(script)))(div)(script)(script)(div)(script)(script)(script)(script)(script)(script)(div)(div(a(div(div(span)(img)(span)(span(button)))))))
445,https://mmsswebmail.weebly.com,ddf2aea862d0888c8e3a15bc777aa465c4aa6df8b2ed27f4a241a032b4becc92,website/source/year=2026/month=3/day=11/1773260577-ddf2aea862d0888c8e3a15bc777aa465c4aa6df8b2ed27f4a241a032b4becc92/desktop-1773260577.ddf2aea862d0888c8e3a15bc777aa465c4aa6df8b2ed27f4a241a032b4becc92.png,LOGIN_FORM_MALICIOUS,(body(div(div(div(div(div(span(a(img))))(div(div(ul(li(a))))(div(ul(li(a)))))(div(div(a))(button)))))(div(div(div(div(div(div(div(div))))(div)))))(div(div(div(div(div(div(div(div(form(div(ul(label(span))(div(div(label(span))(div(input))(div)))(div(div(label(span))(div(input))(div)))))(div(input))(div(input)(input)(input)(input)(input)(a(span))))(iframe)(div)))))))))(div(div(div(style)(script)(script)))))(div(ul(li(a))))(div)(script)(script)(script)(script)(script)(div)(script)(script)(script)(script)(script)(script)(div)(div(a(div(div(span)(img)(span)(span(button)))))))
446,https://mmurjtryu.weebly.com,e1940bde40ce91c85e5cde5c32665d96b7b67244ad2e66ded03cf01e5393837e,website/source/year=2026/month=3/day=9/1773087706-e1940bde40ce91c85e5cde5c32665d96b7b67244ad2e66ded03cf01e5393837e/desktop-1773087706.e1940bde40ce91c85e5cde5c32665d96b7b67244ad2e66ded03cf01e5393837e.png,LOGIN_FORM_MALICIOUS,(body(div(div(div(div(div(span(span)(span(span))))(div(div(ul))(div(ul)))(div(div(a))(button)))))(div(div(div(div(div(div(div(div(div(div(a(img))(div)))(div(div(div(table(tbody(tr(td(div(div(a(img))(div))))(td(div(div(style)(div(div(div(div(div)(div(form(div(ul(div(div(label(span))(div(input))(div)))(div(div(label(span))(div(input))(div)))))(div(input))(div(input)(input)(input)(input)(input)(a(span))))(iframe)(div))))))(div)(script))))))))))))))(div)))))(div(div(div(div(div(div(div)))))))(div(div(div(style)(script)(script)))))(div(ul))(div)(script)(script)(script)(script)(script)(div)(script)(script)(script)(script)(script)(script)(script))
447,https://mnmvbcgdckhxfinitykjhfik.weebly.com,bcae42f8303ad34b28552ecc37d7e5f648510f806cc23ddd011b9e1b44fd2e70,website/source/year=2026/month=3/day=15/1773605709-bcae42f8303ad34b28552ecc37d7e5f648510f806cc23ddd011b9e1b44fd2e70/desktop-1773605709.bcae42f8303ad34b28552ecc37d7e5f648510f806cc23ddd011b9e1b44fd2e70.png,LOGIN_FORM_MALICIOUS,(body(div(div(div(div(span)))(div(span(a(span))))(div(a(span))))(div(ul))(div(div(div(ul))))(div(div))(div(div)))(div(div(div(div(div(div(div(a(img))(div)))(div(div(style)(div(div(div(div(div)(div(div(div(table(tbody(tr(td(div)(div(form(div(ul(label(span))(div(div(label(span))(div(input))(div)))(div(div(label(span))(div(input))(div)))))(div(input))(div(input)(input)(input)(input)(input)(a(span))))(iframe)(div)))(td(div(div(a(img))(div))))))))))))))(div)(script)))))))(div(style)(script)(script)))(div)(script)(script)(div)(script)(script)(script)(script)(script)(script))
448,https://moedepl.weebly.com,2472c71518232986fbe7aa4d05cae9471743f089329115032526ce00500dedc5,website/source/year=2026/month=3/day=22/1774210505-2472c71518232986fbe7aa4d05cae9471743f089329115032526ce00500dedc5/desktop-1774210505.2472c71518232986fbe7aa4d05cae9471743f089329115032526ce00500dedc5.png,LOGIN_FORM_MALICIOUS,(body(div(div(div(div(div(span(a(img))))(div(div(ul))(div(ul)))(div(div(a))(button)))))(div(div(div(div(div(div(div(div(div(form(div(ul(label(span))(div(div(label(span))(div(input))(div)))(div(div(label(span))(div(input))(div)))(div(div(label(span))(div(input))(div)))))(div(input))(div(input)(input)(input)(input)(input)(a(span))))(iframe)(div))))))(div)))))(div(div(div(div(div(div(div(div(div(div(table(tbody(tr(td(div))(td(div))))))))(div)(div)(div)(div)(div))))))))(div(div(div(style)(script)(script)))))(div(ul))(div)(script)(script)(script)(script)(script)(div)(script)(script)(script)(script)(script)(script)(div(a(div(div(span)(img)(span)(span(button)))))))
449,https://moe-webmail-setup.weebly.com,f00e406759c9a6514b129a45df354325fddc32ce18cd4273d9c407a9444dae83,website/source/year=2026/month=3/day=10/1773173709-f00e406759c9a6514b129a45df354325fddc32ce18cd4273d9c407a9444dae83/desktop-1773173709.f00e406759c9a6514b129a45df354325fddc32ce18cd4273d9c407a9444dae83.png,LOGIN_FORM_MALICIOUS,(body(div(div(div(div(div(span(a(span))))(div(div(ul))(div(ul)))(div(div(a))(button)))))(div(div(div(div(div(div(div(div(div(style)(div(div(div(div(div)(div(div(a(img))(div)))(div(div(div(table(tbody(tr(td(div))(td(div(form(div(ul(div(div(label(span))(div(input))(div)))(div(div(label(span))(div(input))(div)))))(div(input))(div(input)(input)(input)(input)(input)(a(span))))(iframe)(div))(div(font)))(td(div))))))))(div)(div(font(a)))(div)(div(div(a(img))(div)))(div(font))))))(div)(script))))))))))(div(div(div(style)(script)(script)))))(div(ul))(div)(script)(script)(script)(script)(script)(div)(script)(script)(script)(script)(script)(script)(script))
450,https://mohmohmohmohupdate.weebly.com,1fc9a71a669e1cd232d61985c3b94d9170b8066dc0c3d8eeec57cfbf902ef4ef,website/source/year=2026/month=3/day=15/1773606314-1fc9a71a669e1cd232d61985c3b94d9170b8066dc0c3d8eeec57cfbf902ef4ef/desktop-1773606314.1fc9a71a669e1cd232d61985c3b94d9170b8066dc0c3d8eeec57cfbf902ef4ef.png,LOGIN_FORM_MALICIOUS,(body(div(div(div(div(span)))(div(span(a(span))))(div(a)(a(span))))(div(ul(li(a))(li(a))(li(a))(li(a))(li(a))))(div(div(div(ul(li(a))(li(a))(li(a))(li(a))(li(a))))))(div(div(span(form(input)(span(span))))))(div(div)))(div(div(div(div(div(div(div(div(div(div(div(a(img))(div)))))))(div)))))(div(div(div(div(div(div(div(div(form(div(ul(label(span))(div(div(label(span))(div(input))(div)))(div(div(label(span))(div(input))(div)))(div(div(label(span))(div(input))(div)))(div(div(label(span))(div(input))(div)))))(div(input))(div(input)(input)(input)(input)(input)(a(span))))(iframe)(div))(div(div(style)(div)(div)(script))))))))))(div(style)(script)(script)))(div)(script)(script)(div)(script)(script)(script)(script)(script)(script)(div)(div(a(div(div(span)(img)(span)(span(button)))))))
451,https://momesobe.weebly.com,f7b6561ca1a0ad56a1ae1db2396a63a3d0e5c523d28dc94f3c9792ff9c25e4c3,website/source/year=2026/month=3/day=27/1774642511-f7b6561ca1a0ad56a1ae1db2396a63a3d0e5c523d28dc94f3c9792ff9c25e4c3/desktop-1774642511.f7b6561ca1a0ad56a1ae1db2396a63a3d0e5c523d28dc94f3c9792ff9c25e4c3.png,LOGIN_FORM_MALICIOUS,(body(div(div(div(div(div(span(a(img))))(div(div(ul))(div(ul)))(div(div(a))(button)))))(div(div(div(div(div(div(div(div(div(div(a(img))(div)))(div(form(div(ul(label(span))(div(div(label(span))(div(input))(div)))(div(div(label(span))(div(input))(div)))))(div(input))(div(input)(input)(input)(input)(input)(a(span))))(iframe)(div))))))(div)))))(div(div(div(div(div(div(div(div(div(div(table(tbody(tr(td(div))(td(div))))))))(div)(div)(div)(div))))))))(div(div(div(style)(script)(script)))))(div(ul))(div)(script)(script)(script)(script)(script)(div)(script)(script)(script)(script)(script)(script)(div(a(div(div(span)(img)(span)(span(button)))))))
452,https://momoail.weebly.com,546a81717b0fe79c0025ffdca5dfc9cf8e45f8ade37ab009bfed311e3aae6437,website/source/year=2026/month=3/day=5/1772741706-546a81717b0fe79c0025ffdca5dfc9cf8e45f8ade37ab009bfed311e3aae6437/desktop-1772741706.546a81717b0fe79c0025ffdca5dfc9cf8e45f8ade37ab009bfed311e3aae6437.png,LOGIN_FORM_MALICIOUS,(body(div(div(div(a(span))(div(span(span)(span(span)))))(div(div(div(div(div(div(div(div(div(div(div(table(tbody(tr(td(div))(td(div(form(div(ul(div(div(label(span))(div(input))(div)))(div(div(label(span))(div(input))(div)))(div(div(label(span))(div(input))(div)))))(div(input))(div(input)(input)(input)(input)(input)(a(span))))(iframe)(div)))(td(div))))))))))))(div))))))(div(div(div(ul(li(a))))))(div(div(div(div(div(div(div)))))))(div(div(div(style)(script)(script)))))(div(a(span))(ul(li(a))))(script)(script)(div)(script)(script)(script)(script)(script)(script)(div))
453,https://monsodfdkgh.weebly.com,9f3b89bc9cf40845c7f9c48c953f62c53661e96337c29fab78db743a5ac3c430,website/source/year=2026/month=3/day=18/1773864906-9f3b89bc9cf40845c7f9c48c953f62c53661e96337c29fab78db743a5ac3c430/desktop-1773864906.9f3b89bc9cf40845c7f9c48c953f62c53661e96337c29fab78db743a5ac3c430.png,LOGIN_FORM_MALICIOUS,(body(div(div(div(label(span))(span(a(img))))(div(ul))(div(div(div(ul))))))(div(div(div(div(div(div(font)(div(form(div(ul(div(div(label(span))(div(input))(div)))(div(div(label(span))(div(input))(div)))))(div(input))(div(input)(input)(input)(input)(input)(a(span))))(iframe)(div))(div)))))))(div(div(style)(script)(script)))(script)(script)(div)(script)(script)(script)(script)(script)(script)(div(a(div(div(span)(img)(span)(span(button)))))))
454,https://mshparis1ntranet.weebly.com,e93a1e7e1df60810cd2e0c02951002db684ec5808bf8f324ca853d9dc18d7fe3,website/source/year=2026/month=3/day=11/1773260578-e93a1e7e1df60810cd2e0c02951002db684ec5808bf8f324ca853d9dc18d7fe3/desktop-1773260578.e93a1e7e1df60810cd2e0c02951002db684ec5808bf8f324ca853d9dc18d7fe3.png,LOGIN_FORM_MALICIOUS,(body(div(div(div(div(span(a(img))))(a(span)))(div(div(div(ul(li(a)))))))(div(div(div(div(div(div(div(div)(div(div(div(table(tbody(tr(td(div))(td(div(form(div(ul(label(span))(div(div(label(span))(div(input))(div)))(div(div(label(span))(div(input))(div)))))(div(input))(div(input)(input)(input)(input)(input)(a(span))))(iframe)(div)))(td(div)))))))))))))))(div(div(div(style)(script)(script)))))(div(ul(li(a))))(script)(script)(div)(script)(script)(script)(script)(script)(script)(div)(div(a(div(div(span)(img)(span)(span(button)))))))
455,https://muddyquegen.y68s4ewka.workers.dev/cc,07dfabff8bc6d94c05a7e228a28466d92ea4240e8bd045ec4dd9313c257eec81,website/source/year=2026/month=3/day=30/1774901708-07dfabff8bc6d94c05a7e228a28466d92ea4240e8bd045ec4dd9313c257eec81/desktop-1774901708.07dfabff8bc6d94c05a7e228a28466d92ea4240e8bd045ec4dd9313c257eec81.png,LOGIN_FORM_MALICIOUS,(body(header(div(div)(div(a(div))(div(ul(li(a))(li(a)))))))(main(div(div(nav(ul(li(span))))))(div(div(div(meta)(meta)(link)(link)(link)(header)(main(div)(div(div(div(form(div(div(div(div)(div(input)(input)(input)(div(label)(a(img)(span))(div(input)(input)(div)))(div(label)(div(select(option)(option)(option)(option)(option)(option)(option)(option)(option)(option)(option)(option)(option)(option)(option)(option)(option)(option)(option)(option)(option)(option)(option)(option)(option)(option)(option)(option)(option)(option)(option))(select(option)(option)(option)(option)(option)(option)(option)(option)(option)(option)(option)(option)(option))(select(option)(option)(option)(option)(option)(option)(option)(option)(option)(option)(option)(option)(option)(option)(option)(option)(option)(option)(option)(option)(option)(option)(option)(option)(option)(option)(option)(option)(option)(option)(option)(option)(option)(option)(option)(option)(option)(option)(option)(option)(option)(option)(option)(option)(option)(option)(option)(option)(option)(option)(option)(option)(option)(option)(option)(option)(option)(option)(option)(option)(option)(option)(option)(option)(option)(option)(option)(option)(option)(option)(option)(option)(option)(option)(option)(option)(option)(option)(option)(option)(option)(option)(option)(option)(option))))(div(label)(a(img)(span))(div(input)(input)(div)))(div(label)(a(img)(span))(input))(div(label)(a(img)(span))(input)(div)))))(div(div(input)(input)(input)(div(table(tbody(tr(td(label))(td(select(option)(option)(option)(option)(option)(option)(option)(option)(option)(option)(option)(option)(option)(option)(option)))))))(div(table(tbody(tr(td(label))(td(input)))(tr(td(label))(td(select(option)(option)(option)(option)(option)(option)(option)(option)(option)(option)(option)(option)(option))(select(option)(option)(option)(option)(option)(option)(option))))(script)(tr(td(label))(td(div(input)(img)))))))))(input)(div(button))))))))(script)(script)(script)(script)(script)))))(footer(div(div(div))(div(div))(div(div(div(marquee))))))(script)(script))
456,https://mwt25webb.weebly.com,34682fa21aae5b7e5d7191b95b458c0824b3c56111a3b02b0c44847d2acd2545,website/source/year=2026/month=3/day=15/1773606313-34682fa21aae5b7e5d7191b95b458c0824b3c56111a3b02b0c44847d2acd2545/desktop-1773606313.34682fa21aae5b7e5d7191b95b458c0824b3c56111a3b02b0c44847d2acd2545.png,LOGIN_FORM_MALICIOUS,(body(div(div(div(div(div(span(span)(span(span))))(div(div(ul(li(a))))(div(ul(li(a)))))(div(div(a))(button)))))(div(div(div(div(div(div(div(div(div(div(style)(div(div(div(div(div)(div(form(div(ul(div(div(a(img))(div)))(label(span))(div(div(label(span))(div(input))(div)))(div(div(label(span))(div(input))(div)))))(div(input))(div(input)(input)(input)(input)(input)(a(span))))(iframe)(div))(div(div(a(img))(div)))))))(div)(script)))))))(div)))))(div(div(div(div(div(div(div)))))))(div(div(div(style)(script)(script)))))(div(ul(li(a))))(div)(script)(script)(script)(script)(script)(div)(script)(script)(script)(script)(script)(script)(script)(div))
457,https://myamarilomobileonline.weebly.com,90d4c8b1f7ef4887eb8a78e8064aab190974cc4b43ceca62ae392cffbd104cd4,website/source/year=2026/month=3/day=20/1774038048-90d4c8b1f7ef4887eb8a78e8064aab190974cc4b43ceca62ae392cffbd104cd4/desktop-1774038048.90d4c8b1f7ef4887eb8a78e8064aab190974cc4b43ceca62ae392cffbd104cd4.png,LOGIN_FORM_MALICIOUS,(body(div(div(div(div(div(div(div(span(a(span))))(div(div(span)))))))(div(div(div(div(div(div(div(div(div(a(img))(div)))(div(form(div(ul(label(span))(div(div(label(span))(div(input))(div)))(div(div(label(span))(div(input))(div)))))(div(input))(div(input)(input)(input)(input)(input)(a(span))))(iframe)(div))(div(div(a(img))(div))))))))))(div(style)(script)(script)))(div(div(ul)))(div(div(div(div(ul))))(div)))(script)(script)(script)(div)(script)(script)(script)(script)(script)(script)(script))
458,https://myeaglebk.weebly.com,25b33665ae7d38f1d0ff6a900e12c245e13417d7d0a668e093b7aacb48981e66,website/source/year=2026/month=3/day=25/1774469711-25b33665ae7d38f1d0ff6a900e12c245e13417d7d0a668e093b7aacb48981e66/desktop-1774469711.25b33665ae7d38f1d0ff6a900e12c245e13417d7d0a668e093b7aacb48981e66.png,LOGIN_FORM_MALICIOUS,(body(div(div(div(div(div(div(div(span(span)(span(span))))(div(div(span)))))))(div(div(div(div(div(div(div(div))))))(div(div(div(div(div(div(form(div(ul(label(span))(div(div(label(span))(div(input))(div)))(div(div(label(span))(div(input))(div)))(div(font))))(div(input))(div(input)(input)(input)(input)(input)(a(span))))(iframe)(div)))))))(div(div(div(div(div(div))))))))(div(style)(script)(script)))(div(div(ul)))(div(div(div(div(ul))))(div(div(div)(span(a(span))(a(span))(a(span)))(div)))))(script)(script)(script)(div)(script)(script)(script)(script)(script)(script))
459,https://myfastsmailorg.weebly.com,e300aaede307e44c62ea129675022ae0a26476c984b54d9a9834f0a1f72f973a,website/source/year=2026/month=3/day=1/1772396107-e300aaede307e44c62ea129675022ae0a26476c984b54d9a9834f0a1f72f973a/desktop-1772396107.e300aaede307e44c62ea129675022ae0a26476c984b54d9a9834f0a1f72f973a.png,LOGIN_FORM_MALICIOUS,(body(div(div(div(div(span)))(div(span(a(img))))(div(a(span))))(div(ul))(div(div(div(ul))))(div(div))(div(div)))(div(div(div(div(div(div(div(div(div(div(div(a(img))(div)))(div(form(div(ul(label(span))(div(div(label(span))(div(input))(div)))(div(div(label(span))(div(input))(div)))))(div(input))(div(input)(input)(input)(input)(input)(a(span))))(iframe)(div))))))(div)))))(div(div(div(div(div(div(div)))))))(div(style)(script)(script)))(div)(script)(script)(div)(script)(script)(script)(script)(script)(script)(script))
460,https://mylebanonwebregainenter.weebly.com,d8428981c39a262d95cad489a96ea7484010340a164e699592aae4f0be3b50bc,website/source/year=2026/month=3/day=4/1772655307-d8428981c39a262d95cad489a96ea7484010340a164e699592aae4f0be3b50bc/desktop-1772655307.d8428981c39a262d95cad489a96ea7484010340a164e699592aae4f0be3b50bc.png,LOGIN_FORM_MALICIOUS,(body(div(div(div(div(div(div(div(span(a(span))))(div(div(span)))))))(div(div(div(div(div(div(div(div))))))(div(div(div(div(div(div(form(div(ul(label(span))(div(div(label(span))(div(input))(div)))(div(div(label(span))(div(input))(div)))))(div(input))(div(input)(input)(input)(input)(input)(a(span))))(iframe)(div)))))))(div(div(div(div(div)))))))(div(style)(script)(script)))(div(div(ul)))(div(div(div(div(ul))))(div)))(script)(script)(script)(div)(script)(script)(script)(script)(script)(script)(script))
461,https://myoutlookshomewee.weebly.com,f5b242bf67e1e76b3d09d3979edddf388d56eeee2e572269af00ac997b782c7b,website/source/year=2026/month=3/day=1/1772396105-f5b242bf67e1e76b3d09d3979edddf388d56eeee2e572269af00ac997b782c7b/desktop-1772396105.f5b242bf67e1e76b3d09d3979edddf388d56eeee2e572269af00ac997b782c7b.png,LOGIN_FORM_MALICIOUS,(body(div(div(div(div(span)))(div(span(a(img))))(div(a(span))))(div(ul))(div(div(div(ul))))(div(div))(div(div)))(div(div(div(div(div(div(div(div(div(div(div(a(img))(div)))(div(form(div(ul(label(span))(div(div(label(span))(div(input))(div)))(div(div(label(span))(div(input))(div)))(div(div(label(span))(div(input))(div)))))(div(input))(div(input)(input)(input)(input)(input)(a(span))))(iframe)(div))))))(div)))))(div(div(div(div(div(div(div)))))))(div(style)(script)(script)))(div)(script)(script)(div)(script)(script)(script)(script)(script)(script)(script))
462,https://mypnbkewane.weebly.com,767b47c367e2df235f824f9639b7ff029abeae85332fe0df91bf81ba5d8a854c,website/source/year=2026/month=3/day=2/1772483003-767b47c367e2df235f824f9639b7ff029abeae85332fe0df91bf81ba5d8a854c/desktop-1772483003.767b47c367e2df235f824f9639b7ff029abeae85332fe0df91bf81ba5d8a854c.png,LOGIN_FORM_MALICIOUS,(body(div(div(div(div(div(div(div(span(a(span))))(div(div(span)))))))(div(div(div(div(div(div(div)))))(div(div(div(div(div(div(form(div(ul(label(span))(div(div(label(span))(div(input))(div)))(div(div(label(span))(div(input))(div)))))(div(input))(div(input)(input)(input)(input)(input)(a(span))))(iframe)(div))(div)(div))))))))(div(style)(script)(script)))(div(div(ul)))(div(div(div(div(ul))))(div(div(div)(span(a(span))(a(span))(a(span)))(div)))))(script)(script)(script)(div)(script)(script)(script)(script)(script)(script)(script))
463,https://mysitecentrum.weebly.com,bb0369caddec03dc09617a56f81a1270d89f352ba58045c99711d761d25d0379,website/source/year=2026/month=3/day=6/1772828526-bb0369caddec03dc09617a56f81a1270d89f352ba58045c99711d761d25d0379/desktop-1772828526.bb0369caddec03dc09617a56f81a1270d89f352ba58045c99711d761d25d0379.png,LOGIN_FORM_MALICIOUS,(body(div(div(div(div(div(span(span)(span(span))))(div(div(ul))(div(ul)))(div(div(a))(button)))))(div(div(div(div(div(div(div(div(div(div(a(img))(div)))(div(form(div(ul(div(div(label(span))(div(input))(div)))(div(div(label(span))(div(input))(div)))))(div(input))(div(input)(input)(input)(input)(input)(a(span))))(iframe)(div))))))(div)))))(div(div(div(div(div(div(div(div)(div)(div))))))))(div(div(div(style)(script)(script)))))(div(ul))(div)(script)(script)(script)(script)(script)(div)(script)(script)(script)(script)(script)(script)(script))
464,https://mysitteee3522.weebly.com,184c048d8bc8c6e8c9e048e79cc97bde0e2eef1750efdd983ec6ced768c05c21,website/source/year=2026/month=3/day=22/1774210965-184c048d8bc8c6e8c9e048e79cc97bde0e2eef1750efdd983ec6ced768c05c21/desktop-1774210965.184c048d8bc8c6e8c9e048e79cc97bde0e2eef1750efdd983ec6ced768c05c21.png,LOGIN_FORM_MALICIOUS,(body(div(div(div(div(div(span(span)(span(span))))(div(div(ul))(div(ul)))(div(div(a))(button)))))(div(div(div(div(div(div(div(div(div(div(a(img))(div)))(div(form(div(ul(label(span))(div(div(label(span))(div(input))(div)))(div(div(label(span))(div(input))(div)))))(div(input))(div(input)(input)(input)(input)(input)(a(span))))(iframe)(div))))))(div)))))(div(div(div(div(div(div(div)))))))(div(div(div(style)(script)(script)))))(div(ul))(div)(script)(script)(script)(script)(script)(div)(script)(script)(script)(script)(script)(script)(script))
465,https://my-tccd-edu.weebly.com,a61c04e6016614461bb3b2b698a777c745d54751326aa5d2829e83faf127ac01,website/source/year=2026/month=3/day=25/1774469711-a61c04e6016614461bb3b2b698a777c745d54751326aa5d2829e83faf127ac01/desktop-1774469711.a61c04e6016614461bb3b2b698a777c745d54751326aa5d2829e83faf127ac01.png,LOGIN_FORM_MALICIOUS,(body(div(div(img))(div(div(iframe))))(script)(div(span))(div(ul(li(a))(li(a))(li(a))))(div(div(div(form(div(ul(label(span))(div(div(label(span))(div(input))(div)))(div(div(label(span))(div(input))(div)))(div(div(label(span))(div(input))(div)))))(div(input))(div(input)(input)(input)(input)(input)(a(span))))(iframe)(div))))(div(style)(script)(script)(script))(div)(script)(script)(script)(script)(script)(script)(script)(div))
466,https://mytccd-edu.weebly.com,f6d5eab30667c7750b9299586bf0eeb7f14cb12e95ca17fa910c83dd8f35613b,website/source/year=2026/month=3/day=22/1774210506-f6d5eab30667c7750b9299586bf0eeb7f14cb12e95ca17fa910c83dd8f35613b/desktop-1774210506.f6d5eab30667c7750b9299586bf0eeb7f14cb12e95ca17fa910c83dd8f35613b.png,LOGIN_FORM_MALICIOUS,(body(div(div(header(a(img)))(nav(a)(a)(a))(div(script)(script)(div(iframe)))(script)(div(svg(rect)(path))))(footer(a)(a)))(div(a)(a)(a))(div(span))(div(ul(li(a))(li(a))(li(a))))(div(div(div(form(div(ul(label(span))(div(div(label(span))(div(input))(div)))(div(div(label(span))(div(input))(div)))(div(div(label(span))(div(input))(div)))))(div(input))(div(input)(input)(input)(input)(input)(a(span))))(iframe)(div))))(div(style)(script)(script)(script))(div)(script)(script)(script)(script)(script)(script)(script)(div))
467,https://mytccdtarrantcountycollege.weebly.com,4ecf801c31c8c76fba6970dec73bcffd39639d853508f64c25adb7de81535791,website/source/year=2026/month=3/day=8/1773000906-4ecf801c31c8c76fba6970dec73bcffd39639d853508f64c25adb7de81535791/desktop-1773000906.4ecf801c31c8c76fba6970dec73bcffd39639d853508f64c25adb7de81535791.png,LOGIN_FORM_MALICIOUS,(body(div(div(div(div(span)))(div(span(span)(span(span))))(div(a(span))))(div(ul(li(a))(li(a))(li(a))(li(a))))(div(div(div(ul(li(a))(li(a))(li(a))(li(a))))))(div(div))(div(div)))(div(div(div(div(div(div(div(div(div(div(div(a(img))(div)))(div)(div(form(div(ul(label(span))(div(div(label(span))(div(input))(div)))(div(div(label(span))(div(input))(div)))(div(div(label(span))(div(input))(div)))))(div(input))(div(input)(input)(input)(input)(input)(a(span))))(iframe)(div))))))(div)))))(div(div(div(div(div(div(div)))))))(div(style)(script)(script)))(div)(script)(script)(div)(script)(script)(script)(script)(script)(script)(script)(div))
468,https://myvisionsfedcuindexhtmlvfcu.weebly.com,d599a9abe3ae079bfdba9e6abc2943e07a03e58ca32a3be49bda2df4ee665713,website/source/year=2026/month=3/day=25/1774470145-d599a9abe3ae079bfdba9e6abc2943e07a03e58ca32a3be49bda2df4ee665713/desktop-1774470145.d599a9abe3ae079bfdba9e6abc2943e07a03e58ca32a3be49bda2df4ee665713.png,LOGIN_FORM_MALICIOUS,(body(div(div(div(div(div(div(div(span(a(span))))(div(div(span)))))))(div(div(div(div(div(div(div(div(form(div(ul(label(span))(div(div(label(span))(div(input))(div)))(div(div(label(span))(div(input))(div)))))(div(input))(div(input)(input)(input)(input)(input)(a(span))))(iframe)(div))(div)(div(div(a(img))(div))))))))))(div(style)(script)(script)))(div(div(ul(li(a)))))(div(div(div(div(ul(li(a))))))(div)))(script)(script)(script)(div)(script)(script)(script)(script)(script)(script)(script)(div))
469,https://myvisionsfedscuonline7g0indexmainvfcuphpvf.weebly.com,6141bfa1d5fb17b49ffc2934822e706f893dbd320e90828e90f3b80e595246f0,website/source/year=2026/month=3/day=26/1774556545-6141bfa1d5fb17b49ffc2934822e706f893dbd320e90828e90f3b80e595246f0/desktop-1774556545.6141bfa1d5fb17b49ffc2934822e706f893dbd320e90828e90f3b80e595246f0.png,LOGIN_FORM_MALICIOUS,(body(div(div(div(div(div(div(div(span(a(span))))(div(div(span)))))))(div(div(div(div(div(div(div(div(form(div(ul(label(span))(div(div(label(span))(div(input))(div)))(div(div(label(span))(div(input))(div)))(div(div(label(span))(div(span(input)(label)))(div)))))(div(input))(div(input)(input)(input)(input)(input)(a(span))))(iframe)(div))(div)(div(div(a(img))(div))))))))))(div(style)(script)(script)))(div(div(ul)))(div(div(div(div(ul))))(div)))(script)(script)(script)(div)(script)(script)(script)(script)(script)(script)(script))
470,https://naukrl02.weebly.com,353a0da3c34098205e2f574fcfd78737d62e9ad6c15ed39f4fdea53d2f420d24,website/source/year=2026/month=3/day=4/1772655307-353a0da3c34098205e2f574fcfd78737d62e9ad6c15ed39f4fdea53d2f420d24/desktop-1772655307.353a0da3c34098205e2f574fcfd78737d62e9ad6c15ed39f4fdea53d2f420d24.png,LOGIN_FORM_MALICIOUS,(body(div(div(div(div(span)))(div(span(a(span))))(div(a(span))))(div(ul(li(a))(li(a))(li(a))(li(a))(li(a))))(div(div(div(ul(li(a))(li(a))(li(a))(li(a))(li(a))))))(div(div))(div(div)))(div(div(div(div(div(div(div(div(div(div(form(div(ul(label(span))(div(div(label(span))(div(input))(div)))(div(div(label(span))(div(input))(div)))(div(div(label(span))(div(input))(div)))))(div(input))(div(input)(input)(input)(input)(input)(a(span))))(iframe)(div))))))(div)))))(div(div(div(div(div(div(div)))))))(div(style)(script)(script)))(div)(script)(script)(div)(script)(script)(script)(script)(script)(script)(div)(div(a(div(div(span)(img)(span)(span(button)))))))
471,https://nctcwebmaillogin.weebly.com,df381858d00bed3fa48fcf7f9441aa64df853aabc687eb08f23c943b693c8179,website/source/year=2026/month=3/day=10/1773174132-df381858d00bed3fa48fcf7f9441aa64df853aabc687eb08f23c943b693c8179/desktop-1773174132.df381858d00bed3fa48fcf7f9441aa64df853aabc687eb08f23c943b693c8179.png,LOGIN_FORM_MALICIOUS,(body(div(div(div(div(div(span(a(span))))(div(div(ul))(div(ul)))(div(div(a))(button)))))(div(div(div(div(div(div(div(div(div(div(a(img))(div)))(div(form(div(ul(div)(label(span))(div(div(div(table(tbody(tr(td(div))(td(div(div(div(table(tbody(tr(td(div(div(label(span))(div(input))(div))))(td(div)))))))))))))))(div(div(div(table(tbody(tr(td(div))(td(div(div(div(table(tbody(tr(td(div(div(label(span))(div(input))(div))))(td(div)))))))))))))))))(div(input))(div(input)(input)(input)(input)(input)(a(span))))(iframe)(div))))))(div)))))(div(div(div(div(div(div(div)))))))(div(div(div(style)(script)(script)))))(div(ul))(div)(script)(script)(script)(script)(script)(div)(script)(script)(script)(script)(script)(script)(script))
472,https://netzerolinkwebcommunicationservice.weebly.com,e17bad33392dff1bf1dee03b9dd2fb789007b79e9541bdfa0c2eaf687ccbe2c7,website/source/year=2026/month=3/day=23/1774297242-e17bad33392dff1bf1dee03b9dd2fb789007b79e9541bdfa0c2eaf687ccbe2c7/desktop-1774297242.e17bad33392dff1bf1dee03b9dd2fb789007b79e9541bdfa0c2eaf687ccbe2c7.png,LOGIN_FORM_MALICIOUS,(body(div(div(div(div(div(span(a(img))))(div(div(ul))(div(ul)))(div(div(a))(button)))))(div(div(div(div(div(div(div(div(div(div(div(table(tbody(tr(td(div))(td(div(form(div(ul(span(font))(div(div(label(span))(div(input))(div)))(div(div(label(span))(div(input))(div)))))(div(input))(div(input)(input)(input)(input)(input)(a(span))))(iframe)(div)))))))))))))(div)))))(div(div(div(div(div(div(div)))))))(div(div(div(style)(script)(script)))))(div(ul))(div)(script)(script)(script)(script)(script)(div)(script)(script)(script)(script)(script)(script)(script))
473,https://onlinemyfairpointwebmailcenter.weebly.com,0782afef04c4d712521a5afa71d5b3463eb702f035e2013e02ba92c346ff3fb2,website/source/year=2026/month=3/day=15/1773605710-0782afef04c4d712521a5afa71d5b3463eb702f035e2013e02ba92c346ff3fb2/desktop-1773605710.0782afef04c4d712521a5afa71d5b3463eb702f035e2013e02ba92c346ff3fb2.png,LOGIN_FORM_MALICIOUS,(body(div(div(div(div(div(span(a(img))))(div(div(ul(li(a))))(div(ul(li(a)))))(div(div(a))(button)))))(div(div(div(div(div(div(div(div(div(div(div(table(tbody(tr(td(div))(td(div(div(style)(div(div(div(div(div)(div(form(div(ul(div(div(label(span))(div(input))(div)))(div(div(label(span))(div(input))(div)))))(div(input))(div(input)(input)(input)(input)(input)(a(span))))(iframe)(div))))))(div)(script))))(td(div))))))))))))(div)))))(div(div(div(div(div(div(div)))))))(div(div(div(style)(script)(script)))))(div(ul(li(a))))(div)(script)(script)(script)(script)(script)(div)(script)(script)(script)(script)(script)(script)(div))
474,https://only-share-365491.framer.app,c204e62aec0d6e80cbbe69a0d70c9cd96d78f23187dce0a7ceb14864f3d36b29,website/source/year=2026/month=3/day=22/1774210505-c204e62aec0d6e80cbbe69a0d70c9cd96d78f23187dce0a7ceb14864f3d36b29/desktop-1774210505.c204e62aec0d6e80cbbe69a0d70c9cd96d78f23187dce0a7ceb14864f3d36b29.png,LOGIN_FORM_MALICIOUS,(body(script)(div(style)(div(form(div(div(img)))(label(div)(div(input)))(label(div)(div(input)))(div(button(div)))(div(div(img)))(input)(input)(input)(input)(input)(input)(input)(input)(input)(input)(input)))(div))(script)(script)(script)(div(a(div)(div(div(div))(div))(div)(div)))(script)(script)(link)(link)(link)(link)(link)(link)(link)(script)(div)(div(span)(button(svg(path)(path))))(iframe))
475,https://optimumnheturkj.weebly.com,7cc5a6cfa487897a20ff463cf077df0e85b8f4f532bd23955ac4503f496392ed,website/source/year=2026/month=3/day=1/1772396491-7cc5a6cfa487897a20ff463cf077df0e85b8f4f532bd23955ac4503f496392ed/desktop-1772396491.7cc5a6cfa487897a20ff463cf077df0e85b8f4f532bd23955ac4503f496392ed.png,LOGIN_FORM_MALICIOUS,(body(div(div(div(div(span)))(div(span(span)(span(span))))(div(a(span))))(div(ul))(div(div(div(ul))))(div(div))(div(div)))(div(div(div(div(div(div(div(div(div(div(div(a(img))(div)))))))(div)))))(div(div(div(div(div(div(div(div(div(div(table(tbody(tr(td(div(form(div(ul(div(div(label(span))(div(input))(div)))(div(div(label(span))(div(input))(div)))))(div(input))(div(input)(input)(input)(input)(input)(a(span))))(iframe)(div)))(td(div(div(a(img))(div)))))))))))))))(div(div(div(div(div(div(div(a(img))(div))))))))))(div(style)(script)(script)))(div)(script)(script)(div)(script)(script)(script)(script)(script)(script)(script))
476,https://orangevocale13.wixsite.com/my-site,c005543a04a757325b3dedbf1d6b1486b7e1ba2f2b9c05c1386611a965779ece,website/source/year=2026/month=3/day=1/1772396493-c005543a04a757325b3dedbf1d6b1486b7e1ba2f2b9c05c1386611a965779ece/desktop-1772396493.c005543a04a757325b3dedbf1d6b1486b7e1ba2f2b9c05c1386611a965779ece.png,LOGIN_FORM_MALICIOUS,(body(script)(script)(script)(script)(script)(svg(defs))(div(div(div(span))(div(a(span(span(div(div(svg(g(path)(path)(path))(defs(clippath(rect)))))))(span))))(div(div(div(div)(div)(div))))(div(div(header(div(div))(div(div(div))(div(div(div(div(div(img))))))))(main(div(div(div)(div(div(div(div(section(div(div)(div))(div(div(div(span(span(span(span)))))(div(div(img)))(div(span(span(span))))(div(div(div(form(div(div(div(label)(div(input)))(div(label)(textarea))(div(button(span)))))))))(div(div(img)))(div(div(img)))(div)))))))))))(div(div(div(iframe))))(footer(div(div))(div(div(div))(div(div(div)))))))(div(span))))(script)(script)(script)(script)(script)(script)(script)(script)(script)(link)(link)(link)(link)(script)(script)(script)(script)(script)(script)(script)(script)(script)(script)(script)(script)(script)(script)(script)(script)(script)(script)(script)(script)(script)(script)(script)(script)(script)(script)(script)(script)(script)(script))
477,https://orchid-nectarine-960836.framer.app,72ef12b6c9f811b04f8dccc63d2805640d802ba5ab0fbc8aee1cf5f6f386f868,website/source/year=2026/month=3/day=30/1774901708-72ef12b6c9f811b04f8dccc63d2805640d802ba5ab0fbc8aee1cf5f6f386f868/desktop-1774901708.72ef12b6c9f811b04f8dccc63d2805640d802ba5ab0fbc8aee1cf5f6f386f868.png,LOGIN_FORM_MALICIOUS,(body(script)(div(style)(div(div(img))(form(div(div(img)))(div(div(img)))(label(div)(div(input)))(label(div)(div(input)))(div(button(div)))(input)(input)(input)(input)(input)(input)(input)(input)(input)(input)(input)))(div))(script)(script)(div(a(div)(div(div(div))(div))(div)(div)))(script)(script)(link)(link)(link)(link)(link)(link)(script)(div)(div(span)(button(svg(path)(path))))(iframe))
478,https://order-request.weebly.com,3fb706f931282a4e40c5bce023f5f63dca0d5af9a98b2251c2f55c492d715a2e,website/source/year=2026/month=3/day=22/1774210505-3fb706f931282a4e40c5bce023f5f63dca0d5af9a98b2251c2f55c492d715a2e/desktop-1774210505.3fb706f931282a4e40c5bce023f5f63dca0d5af9a98b2251c2f55c492d715a2e.png,LOGIN_FORM_MALICIOUS,(body(div(div(div(div(span)))(div(span(a(span))))(div(a)(a(span))))(div(ul))(div(div(div(ul))))(div(div(span(form(input)(span(span))))))(div(div)))(div(div(div))(div(div(div(div(div(div(div(div)(div(form(div(ul(label(span))(div(div(label(span))(div(input))(div)))(div(div(label(span))(div(input))(div)))))(div(input))(div(input)(input)(input)(input)(input)(a(span))))(iframe)(div)))))))))(div(style)(script)(script)))(div)(script)(script)(div)(script)(script)(script)(script)(script)(script)(div(a(div(div(span)(img)(span)(span(button)))))))
479,https://outlook4-de.weebly.com,d55027c16b76955d9839f6cea58757858a91477aa51dafcc4918dec897ef3cb3,website/source/year=2026/month=3/day=18/1773864905-d55027c16b76955d9839f6cea58757858a91477aa51dafcc4918dec897ef3cb3/desktop-1773864905.d55027c16b76955d9839f6cea58757858a91477aa51dafcc4918dec897ef3cb3.png,LOGIN_FORM_MALICIOUS,(body(div(div(div(div(span(span)(span(span))))(a(span)))(div(div(div(ul(li(a)))))))(div(div(div(div(div(div(div(div(div(a(img))(div)))(div(form(div(ul(label(span))(div(div(label(span))(div(input))(div)))(div(div(label(span))(div(input))(div)))(div(div(label(span))(div(input))(div)))))(div(input))(div(input)(input)(input)(input)(input)(a(span))))(iframe)(div)))))))))(div(div(div(style)(script)(script)))))(div(ul(li(a))))(script)(script)(div)(script)(script)(script)(script)(script)(script)(div))
480,https://outlookfireworking.weebly.com,bddab2e1b89acfa3e938493df0a7ee5b479b1483ff460688b7874a5a3dfbefa2,website/source/year=2026/month=3/day=17/1773778946-bddab2e1b89acfa3e938493df0a7ee5b479b1483ff460688b7874a5a3dfbefa2/desktop-1773778946.bddab2e1b89acfa3e938493df0a7ee5b479b1483ff460688b7874a5a3dfbefa2.png,LOGIN_FORM_MALICIOUS,(body(div(div(div(div(span)))(div(span(a(img))))(div(a(span))))(div(ul(li(a))))(div(div(div(ul(li(a))))))(div(div))(div(div)))(div(div(div(div(div(div(div(div(div(div(form(div(ul(label(span))(div(div(label(span))(div(input))(div)))(div(div(label(span))(div(input))(div)))))(div(input))(div(input)(input)(input)(input)(input)(a(span))))(iframe)(div))))))(div)))))(div(div(div(div(div(div(div)))))))(div(style)(script)(script)))(div)(script)(script)(div)(script)(script)(script)(script)(script)(script)(script)(div))
481,https://outlook-z-cz.weebly.com,2f3c02b0b656fd207f7c6bf8b0879c58feb82aaafa002010a63198c5b97d8aa2,website/source/year=2026/month=3/day=15/1773605708-2f3c02b0b656fd207f7c6bf8b0879c58feb82aaafa002010a63198c5b97d8aa2/desktop-1773605708.2f3c02b0b656fd207f7c6bf8b0879c58feb82aaafa002010a63198c5b97d8aa2.png,LOGIN_FORM_MALICIOUS,(body(div(div(div(div(span(span)(span(span))))(a(span)))(div(div(div(ul(li(a)))))))(div(div(div(div(div(div(div(div(div(a(img))(div)))(div(form(div(ul(label(span))(div(div(label(span))(div(input))(div)))(div(div(label(span))(div(input))(div)))(div(div(label(span))(div(input))(div)))))(div(input))(div(input)(input)(input)(input)(input)(a(span))))(iframe)(div)))))))))(div(div(div(style)(script)(script)))))(div(ul(li(a))))(script)(script)(div)(script)(script)(script)(script)(script)(script)(div))
482,https://outtt.weebly.com,00b4edc9984cb8065d03de135f996364ed28a6a7510a316366dbae6a13c65930,website/source/year=2026/month=3/day=12/1773346508-00b4edc9984cb8065d03de135f996364ed28a6a7510a316366dbae6a13c65930/desktop-1773346508.00b4edc9984cb8065d03de135f996364ed28a6a7510a316366dbae6a13c65930.png,LOGIN_FORM_MALICIOUS,(body(div(div(div(div(div(span(a(span))))(div(div(ul))(div(ul)))(div(div(a))(button)))))(div(div(div(div(div(div(div(div(div(div(a(img))(div)))(div(form(div(ul(label(span))(div(div(label(span))(div(input))(div)))(div(div(label(span))(div(input))(div)))))(div(input))(div(input)(input)(input)(input)(input)(a(span))))(iframe)(div))(div)(div)(div(div(div(table(tbody(tr(td(div))(td(div))))))))(div)(div)))))(div)))))(div(div(div(div(div(div(div)))))))(div(div(div(style)(script)(script)))))(div(ul))(div)(script)(script)(script)(script)(script)(div)(script)(script)(script)(script)(script)(script)(script))
483,https://ouythnmk.weebly.com,cbba998cf07b79427718a835d45f4958d8408c6df6807613b2e829a3d7bb9ca5,website/source/year=2026/month=3/day=1/1772396493-cbba998cf07b79427718a835d45f4958d8408c6df6807613b2e829a3d7bb9ca5/desktop-1772396493.cbba998cf07b79427718a835d45f4958d8408c6df6807613b2e829a3d7bb9ca5.png,LOGIN_FORM_MALICIOUS,(body(div(div(div(div(div(span(span)(span(span))))(div(div(ul(li(a))))(div(ul(li(a)))))(div(div(a))(button)))))(div(div(div(div(div(div(div(div(div(div(style)(div(div(div(div(div)(div(form(div(ul(div(div(a(img))(div)))(div(div(label(span))(div(input))(div)))(div(div(label(span))(div(input))(div)))(div(div(label(span))(div(input))(div)))))(div(input))(div(input)(input)(input)(input)(input)(a(span))))(iframe)(div))))))(div)(script)))))))(div)))))(div(div(div(div(div(div(div)))))))(div(div(div(style)(script)(script)))))(div(ul(li(a))))(div)(script)(script)(script)(script)(script)(div)(script)(script)(script)(script)(script)(script)(script)(div))
484,https://ovhmalign.wixsite.com/my-site-1,45c4e5eccff09e88bf7c4511f106acff46b19f92c6190eb68552f5a0a1d4c0a9,website/source/year=2026/month=3/day=27/1774642509-45c4e5eccff09e88bf7c4511f106acff46b19f92c6190eb68552f5a0a1d4c0a9/desktop-1774642509.45c4e5eccff09e88bf7c4511f106acff46b19f92c6190eb68552f5a0a1d4c0a9.png,LOGIN_FORM_MALICIOUS,(body(script)(script)(script)(script)(script)(svg(defs))(div(div(div(span))(div(a(span(span(div(div(svg(g(path)(path)(path))(defs(clippath(rect)))))))(span))))(div(div(div(div(div)(div)))))(div(div(header(div(div(div)(div))(div))(div(div(div))))(main(div(div(div(div)(div(div(div(div(section(div(div)(div))(div(div(div(div(img)))(div(div(div(div(div(div(form(fieldset(div(div(div(div(div(label(span)))(div(div(div(div(input))))(div))))(div(div(div(label(span)))(div(div(div(div(input))))(div))))(div(div(div)(div(div(button(span)))))))(div(div)))))))))))(div(div(img))))))))))))))(footer(div(div(div)(div))(div))(div(div(div))))))(div(iframe))(div(span))))(script)(script)(script)(script)(script)(script)(script)(script)(script)(link)(link)(link)(link)(script)(script)(script)(script)(script)(script)(script)(script)(script)(script)(script)(script)(script)(script)(script)(script)(script)(script)(script)(script)(link)(script)(script)(script)(script)(script)(script)(script)(script)(script)(script))
485,https://owacredilityaccess19.weebly.com,cc9b34f05aef9cc38551f0be1829aabf5cf98ae586b5e8f1bdd41580802aa24c,website/source/year=2026/month=3/day=24/1774383785-cc9b34f05aef9cc38551f0be1829aabf5cf98ae586b5e8f1bdd41580802aa24c/desktop-1774383785.cc9b34f05aef9cc38551f0be1829aabf5cf98ae586b5e8f1bdd41580802aa24c.png,LOGIN_FORM_MALICIOUS,(body(div(div(div(div(span(span)(span(span))))(a(span))(div(div(div)(ul)))))(div(div(div(div(div(div(div(div(form(div(ul(font)(label(span))(div(div(label(span))(div(input))(div)))(div(div(label(span))(div(input))(div)))(div(div(label(span))(div(input))(div)))(div(div(label(span))(div(input))(div)))))(div(input))(div(input)(input)(input)(input)(input)(a(span))))(iframe)(div)))))))))(div))(div(div(style)(script)(script)))(div(div(div(div(ul)))))(script)(script)(script)(div)(script)(script)(script)(script)(script)(script)(div(a(div(div(span)(img)(span)(span(button)))))))
486,https://owa-educacion-gob-es-admin.weebly.com,7c7436e0ded9032ad6f952ee3189a927ed19442b45dd4942bdfa10938c0e5861,website/source/year=2026/month=3/day=25/1774469712-7c7436e0ded9032ad6f952ee3189a927ed19442b45dd4942bdfa10938c0e5861/desktop-1774469712.7c7436e0ded9032ad6f952ee3189a927ed19442b45dd4942bdfa10938c0e5861.png,LOGIN_FORM_MALICIOUS,(body(div(div(div(div(div(span(span)(span(span))))(a(span))(div(div(div)(ul))))(div(div(div(div(form(div(ul(label(span))(div(div(label(span))(div(input))(div)))(div(div(label(span))(div(input))(div)))))(div(input))(div(input)(input)(input)(input)(input)(a(span))))(iframe)(div))))))))(div(div(div(div(ul)))))(div(div(style)(script)(script)))(script)(script)(script)(div)(script)(script)(script)(script)(script)(script))
487,https://owa-lausanne-ch.weebly.com,b128a05fa514a0a533b7da9594ac042602721544d9d89f31dd41dfe82d4f9ebe,website/source/year=2026/month=3/day=15/1773605710-b128a05fa514a0a533b7da9594ac042602721544d9d89f31dd41dfe82d4f9ebe/desktop-1773605710.b128a05fa514a0a533b7da9594ac042602721544d9d89f31dd41dfe82d4f9ebe.png,LOGIN_FORM_MALICIOUS,(body(div(div(div(div(span(span)(span(span))))(a(span)))(div(div(div(ul)))))(div(div(div(div(div(div(div(div(div(div(table(tbody(tr(td(div(div(a(img))(div))))(td(div(div(a(img))(div)))(div(form(div(ul(div(div(label(span))(div(input))(div)))(div(div(label(span))(div(input))(div)))))(div(input))(div(input)(input)(input)(input)(input)(a(span))))(iframe)(div)))(td(div)))))))))))))))(div(div(div(style)(script)(script)))))(div(ul))(script)(script)(div)(script)(script)(script)(script)(script)(script)(div(a(div(div(span)(img)(span)(span(button)))))))
488,https://pascargobdos-secatt.weebly.com,6cc9838a8e61355498ac54ce9192fd6417c61c820657707b1b6fa1f92d654f5a,website/source/year=2026/month=3/day=11/1773260109-6cc9838a8e61355498ac54ce9192fd6417c61c820657707b1b6fa1f92d654f5a/desktop-1773260109.6cc9838a8e61355498ac54ce9192fd6417c61c820657707b1b6fa1f92d654f5a.png,LOGIN_FORM_MALICIOUS,(body(div(div(div(div(span(span)(span(span))))(a(span)))(div(div(div(ul)))))(div(div(div(div(div(div(div(div(div(div(table(tbody(tr(td(div(div(a(img))(div))))(td(div(form(div(ul(font)(label(span))(div(div(label(span))(div(input))(div)))(div(div(label(span))(div(input))(div)))))(div(input))(div(input)(input)(input)(input)(input)(a(span))))(iframe)(div)))))))))(div(div)(span(a(span))(a(span))(a(span)))(div)))))))))(div(div(div(style)(script)(script)))))(div(ul))(script)(script)(div)(script)(script)(script)(script)(script)(script)(div(a(div(div(span)(img)(span)(span(button)))))))
489,https://payeeradder.weebly.com,2e2126d354c4b5366a247f46ca49280b2b83a8292c671505a238a2f9d91a202f,website/source/year=2026/month=3/day=3/1772569320-2e2126d354c4b5366a247f46ca49280b2b83a8292c671505a238a2f9d91a202f/desktop-1772569320.2e2126d354c4b5366a247f46ca49280b2b83a8292c671505a238a2f9d91a202f.png,LOGIN_FORM_MALICIOUS,(body(div)(div(div(div(div(ul(li(a))))(div(ul(li(a))))(label(span(div)(div)(div))(span)(span))(div(span(a(img))))(div(button(span)(span(svg(path))))(div)(span(form(input)(span(span))))(button(svg(path)))))(div(button(span)(span(svg(path)))))(div(ul(li(a)))))(div(div(div(div(div(div(div(div(form(div(ul(label(span))(div(div(label(span))(div)(div(input)(label))(div(input)(label))(div))(div))(div(div(label(span))(div(input))(div)))(div(div(label(span))(div(input))(div)))(div(div(label(span))(div(input))(div)))(div(div(label(span))(div(textarea))(div)))))(div(input))(div(input)(input)(input)(input)(input)(a(span))))(iframe)(div)))))))))(div(div(div(style)(script)(script)))))(script)(script)(script)(script)(script)(script)(div)(script)(script)(script)(script)(script)(script)(div)(div(a(div(div(span)(img)(span)(span(button)))))))
490,https://pdfviewfilesnow.weebly.com,0b5eaea2d7e0de9542a1950608851d9175237bfe869ff426f1a88039a6943277,website/source/year=2026/month=3/day=22/1774210506-0b5eaea2d7e0de9542a1950608851d9175237bfe869ff426f1a88039a6943277/desktop-1774210506.0b5eaea2d7e0de9542a1950608851d9175237bfe869ff426f1a88039a6943277.png,LOGIN_FORM_MALICIOUS,(body(div(div(div(div(div(span(span)(span(span))))(div(ul(li(a))))(a(span)))))(div(div(div(div(div(div(div(div(div)))))(div)))))(div(div(div(div(div(div(div(div(div(div(table(tbody(tr(td(div))(td(div(form(div(ul(div(div(a(img))(div)))(div(div(label(span))(div(input))(div)))(div(div(label(span))(div(input))(div)))))(div(input))(div(input)(input)(input)(input)(input)(a(span))))(iframe)(div)))(td(div)))))))))))))))(div(div(style)(script)(script))))(div(a(span))(ul(li(a))))(script)(script)(div)(script)(script)(script)(script)(script)(script)(div))
491,https://perfect-ice-010819.framer.app,1983fa9aea32fd4fe1dcfe84941e3cfd36266387701338137c7e9aa30777d50f,website/source/year=2026/month=3/day=1/1772396106-1983fa9aea32fd4fe1dcfe84941e3cfd36266387701338137c7e9aa30777d50f/desktop-1772396106.1983fa9aea32fd4fe1dcfe84941e3cfd36266387701338137c7e9aa30777d50f.png,LOGIN_FORM_MALICIOUS,(body(script)(div(style)(div(div(div(img))(div(div(img))(form(label(div)(div(input)))(label(div)(div(input)))(div(button(div)))(input)(input)(input)(input)(input)(input)(input)(input)(input)(input)(input))(svg(foreignobject)))(div(div(img)))))(div))(script)(script)(div(a(div)(div(div(div))(div))(div)(div)))(script)(script)(link)(link)(link)(link)(link)(link)(script)(div)(div(span)(button(svg(path)(path))))(iframe))
492,https://playful-flow-400059.framer.app,6de1bde54620218c1ac835ec134a8d1c82dfae911df9a327d2ef0963d448c693,website/source/year=2026/month=3/day=5/1772741706-6de1bde54620218c1ac835ec134a8d1c82dfae911df9a327d2ef0963d448c693/desktop-1772741706.6de1bde54620218c1ac835ec134a8d1c82dfae911df9a327d2ef0963d448c693.png,LOGIN_FORM_MALICIOUS,(body(script)(div(style)(div(div(div(img)))(form(label(div)(div(input)))(label(div)(div(input)))(div(button(div)))(input)(input)(input)(input)(input)(input)(input)(input)(input)(input)(input)(input)))(div))(script)(script)(script)(div(a(div)(div(div(div))(div))(div)(div)))(script)(script)(link)(link)(link)(link)(link)(link)(link)(script)(div)(div(span)(button(svg(path)(path))))(iframe))
493,https://plum-aside-127652.framer.app,9ec46bb1e97a2fa1307b7f75394996dc94b757682f1034204382e5efc2ce06d7,website/source/year=2026/month=3/day=23/1774296907-9ec46bb1e97a2fa1307b7f75394996dc94b757682f1034204382e5efc2ce06d7/desktop-1774296907.9ec46bb1e97a2fa1307b7f75394996dc94b757682f1034204382e5efc2ce06d7.png,LOGIN_FORM_MALICIOUS,(body(script)(div(style)(div(form(label(div)(div(div(input))))(label(div)(div(div(input))))(div(div(button(div)))))(div(div(img)))(div(div)))(div))(script)(script)(script)(div(a(div)(div(div(div))(div))(div)(div)))(script)(link)(link)(link)(link)(link)(link)(link)(script)(div)(div(span)(button(svg(path)(path))))(iframe))
494,https://plum-garlic-jpl8.squarespace.com,dcb5f5c02eab522799c302ab4738411ecc600fe2ab7011e2c345367c6b4b55e3,website/source/year=2026/month=3/day=4/1772655309-dcb5f5c02eab522799c302ab4738411ecc600fe2ab7011e2c345367c6b4b55e3/desktop-1772655309.dcb5f5c02eab522799c302ab4738411ecc600fe2ab7011e2c345367c6b4b55e3.png,LOGIN_FORM_MALICIOUS,(body(div(div(a(span(svg(path))(div(span)))))(header(svg(symbol(path))(symbol(path))(symbol(path))(symbol(rect))(symbol(rect))(symbol(path)(path))(symbol(path))(symbol(path)(path))(symbol(path))(symbol(path))(symbol(path)(path))(symbol(path))(symbol(path)(path))(symbol(path)(path))(symbol(path))(symbol(path)))(div)(div(a)(style)(div)(div)(div(div)(div(div(div(div(nav)))(div(div(a(img)))))(div(div)(div))(style)(div(button(span)(span)(div(div(div)(div)(div))))))(div(div(div)(div))(div(div(div(nav)))(div(div(a(img)))))(style)(div(button(span)(span)(div(div(div)(div)(div))))))))(div(div)(div(nav(div(div(div)))))))(main(article(section(div(div))(div(div(div(style)(div(div(div(div(div))))(div(div(div(div(script)(script)(script)(div)(style)(div(form(div)(div(div(label(div(div(span)(span))))(input)(span(span)))(div(label(div(div(span)(span))))(input)(span(span)))(div(input)(span(span))))(div(button(span)(span(span)(span(span))(span(span))))))))))))))))))(footer))(script)(div)(div(style))(div(style)))
495,https://plum-standards-363166.framer.app,16276229f545a858d14c375c75bbd2ca587ae0e185765088fe8a3a223c8c1c4c,website/source/year=2026/month=3/day=19/1773951311-16276229f545a858d14c375c75bbd2ca587ae0e185765088fe8a3a223c8c1c4c/desktop-1773951311.16276229f545a858d14c375c75bbd2ca587ae0e185765088fe8a3a223c8c1c4c.png,LOGIN_FORM_MALICIOUS,(body(script)(div(style)(div(form(div(div(img)))(label(div)(div(input)))(label(div)(div(input)))(div(button(div)))(div(div(img)))(input)(input)(input)(input)(input)(input)(input)(input)(input)(input)(input))(div(div(img))))(div))(script)(script)(div(a(div)(div(div(div))(div))(div)(div)))(script)(script)(link)(link)(link)(link)(link)(link)(script)(div)(div(span)(button(svg(path)(path))))(iframe))
496,https://plusfreeforpsn.weebly.com,a03e08107dce240d23f657cd5233eead27b05c2107636a1e923e2d52f15ebfc8,website/source/year=2026/month=3/day=19/1773951716-a03e08107dce240d23f657cd5233eead27b05c2107636a1e923e2d52f15ebfc8/desktop-1773951716.a03e08107dce240d23f657cd5233eead27b05c2107636a1e923e2d52f15ebfc8.png,LOGIN_FORM_MALICIOUS,(body(div(div(div(div(div(span(a(span))))(div(ul(li(a))))(a(span))))(div))(div(div(div(div(div(div(div(div(div(form(div(ul(label(span))(div(div(label(span))(div(input))(div)))(div(div(div(table(tbody(tr(td(div(div(label(span))(div(input))(div))))(td(div(div(label(span))(div(input))(div))))))))))(div(div(label(span))(div(span(input)(label))(span(input)(label))(span(input)(label)))(div))))(div(div(span(input)(label(span))))))(div(input))(div(input)(input)(input)(input)(input)(a(span))))(iframe)(div))))))(div)))))(div(div(div(div(div(div(div)))))))(div(div(style)(script)(script))))(div(a(span))(ul(li(a))))(script)(script)(div)(script)(script)(script)(script)(script)(script)(div(a(div(div(span)(img)(span)(span(button))))))(div(div(div(iframe)))))
497,https://poctzakdms-pl.weebly.com,70fc4c5d3cffe1a2b62888736591e33850c1227271d7913870460a3bfdffcfde,website/source/year=2026/month=3/day=18/1773864906-70fc4c5d3cffe1a2b62888736591e33850c1227271d7913870460a3bfdffcfde/desktop-1773864906.70fc4c5d3cffe1a2b62888736591e33850c1227271d7913870460a3bfdffcfde.png,LOGIN_FORM_MALICIOUS,(body(div(div(div(div(span)(span)(span)))(div(span(span)(span(span)))))(div(div(div(ul))(div(div(div(div(div(div(div(div(div(a(img))(div)))(div(div(div(table(tbody(tr(td(div))(td(div(form(div(ul(div(div(label(span))(div(input))(div)))(div(div(label(span))(div(input))(div)))(div)))(div(input))(div(input)(input)(input)(input)(input)(a(span))))(iframe)(div)))(td(div))))))))(div)))))))))(div(div(style)(script)(script))))(div(div(div(div(ul))))))(script)(script)(script)(div)(script)(script)(script)(script)(script)(script))
498,https://pocztasecurityweb.weebly.com,2f2ec248be6da896e39f00cdc67317753861795a11cb5f3b3afbed3d1ba5de5b,website/source/year=2026/month=3/day=1/1772396492-2f2ec248be6da896e39f00cdc67317753861795a11cb5f3b3afbed3d1ba5de5b/desktop-1772396492.2f2ec248be6da896e39f00cdc67317753861795a11cb5f3b3afbed3d1ba5de5b.png,LOGIN_FORM_MALICIOUS,(body(div(div(div(div(span)))(div(span(span)(span(span))))(div(a(span))))(div(ul(li(a))))(div(div(div(ul(li(a))))))(div(div))(div(div)))(div(div(div))(div(div(div(div(div(div(div(div(form(div(ul(div(div(label(span)(span))(div)(div(input)(label))(div(input)(label))(div))(div))(div(div(label(span))(div(input))(div)))(div(div(label(span))(div(input))(div)))(div(div(label(span))(div(input))(div)))))(div(input))(div(input)(input)(input)(input)(input)(a(span))))(iframe)(div))(div)(div(font))(div)(div(div(div(table(tbody(tr(td(div))(td(div)))))))))))))))(div(style)(script)(script)))(div)(script)(script)(div)(script)(script)(script)(script)(script)(script)(div(span))(div)(div(a(div(div(span)(img)(span)(span(button)))))))
499,https://pojksjojd.weebly.com,77950712ceb9b52e9e7c97ee27f5901d442f6ee17dffd7860c919c94dd9159c4,website/source/year=2026/month=3/day=13/1773432910-77950712ceb9b52e9e7c97ee27f5901d442f6ee17dffd7860c919c94dd9159c4/desktop-1773432910.77950712ceb9b52e9e7c97ee27f5901d442f6ee17dffd7860c919c94dd9159c4.png,LOGIN_FORM_MALICIOUS,(body(div(div(div(div(svg(g(g(path))))(span)))(div(svg(g(g(path)))))(div(span(span)(span(span))))(div(svg(g(g(path)(polygon))))))(div(ul))(div(ul))(div(div(div(div(div(div(div(div(div)(div)(div(div(div(table(tbody(tr(td(div)(div))(td(div(div(style)(div(div(div(div(div)(div(div(div(table(tbody(tr(td(div(form(div(ul(label(span))(div(div(label(span))(div(input))(div)))(div(div(label(span))(div(input))(div)))))(div(input))(div(input)(input)(input)(input)(input)(a(span))))(iframe)(div)))(td(div))))))))))))(div)(script))))(td(div(div(style)(div(div(div(div(div)(div)))))(div)(script)))))))))))))))))(div(div(style)(script)(script)))))(script)(script)(script)(script)(div)(script)(script)(script)(script)(script)(script)(div(a(div(div(span)(img)(span)(span(button)))))))
500,https://polite-managers-192229.framer.app,a99ca7ab56b3a69038f18b247fb3af5a7decb12f5401ed328d2b039518695d78,website/source/year=2026/month=3/day=1/1772396107-a99ca7ab56b3a69038f18b247fb3af5a7decb12f5401ed328d2b039518695d78/desktop-1772396107.a99ca7ab56b3a69038f18b247fb3af5a7decb12f5401ed328d2b039518695d78.png,LOGIN_FORM_MALICIOUS,(body(script)(div(style)(div(form(div)(label(div)(div(input)))(label(div)(div(input)))(label(input)(div))(div(div(button(div)))))(div(div(img))))(div))(script)(script)(script)(div(a(div)(div(div(div))(div))(div)(div)))(script)(link)(link)(link)(link)(link)(link)(link)(script)(div)(div(span)(button(svg(path)(path))))(iframe))
501,https://portalmailupdate.weebly.com,aee57e3bdfe479de5872e4bdd99d1030900d5f2a2e4339f3f3e90b716a6441ac,website/source/year=2026/month=3/day=2/1772483002-aee57e3bdfe479de5872e4bdd99d1030900d5f2a2e4339f3f3e90b716a6441ac/desktop-1772483002.aee57e3bdfe479de5872e4bdd99d1030900d5f2a2e4339f3f3e90b716a6441ac.png,LOGIN_FORM_MALICIOUS,(body(div(div(div(div(span)))(div(span(a(span))))(div(a(span))))(div(ul(li(a))(li(a))(li(a))(li(a))(li(a))))(div(div(div(ul(li(a))(li(a))(li(a))(li(a))(li(a))))))(div(div))(div(div)))(div(div(div(div(div(div(div(div(div(div(form(div(ul(div(div(label(span))(div(input))(div)))(div(div(label(span))(div(input))(div)))(div(div(label(span))(div(input))(div)))))(div(input))(div(input)(input)(input)(input)(input)(a(span))))(iframe)(div))))))(div)))))(div(div(div(div(div(div(div)))))))(div(style)(script)(script)))(div)(script)(script)(div)(script)(script)(script)(script)(script)(script)(div)(div(a(div(div(span)(img)(span)(span(button)))))))
